No,因縁名,因縁種類,因子1,因子2,因子3,効果サイズ,効果元表記,対象ステータス,係数カテゴリ,因縁係数,全体倍率,実効係数,因縁値式,陣形補正式,最終式
1,侍,最新資料倍率,,,,,0.70%,生命,陣法説明(6).xlsx,0.007,1,0.007,生命=配置6人生命合計×因縁倍率,陣形値=因縁値合算×陣形倍率,Σ floor(配置6人合計×因縁倍率)→floor(因縁合算×陣形倍率)
1,侍,最新資料倍率,,,,,0.45%,気合,陣法説明(6).xlsx,0.0045,1,0.0045,気合=配置6人気合合計×因縁倍率,陣形値=因縁値合算×陣形倍率,Σ floor(配置6人合計×因縁倍率)→floor(因縁合算×陣形倍率)
1,侍,最新資料倍率,,,,,0.55%,腕力,陣法説明(6).xlsx,0.0055,1,0.0055,腕力=配置6人腕力合計×因縁倍率,陣形値=因縁値合算×陣形倍率,Σ floor(配置6人合計×因縁倍率)→floor(因縁合算×陣形倍率)
1,侍,最新資料倍率,,,,,0.44%,耐久力,陣法説明(6).xlsx,0.0044,1,0.0044,耐久力=配置6人耐久力合計×因縁倍率,陣形値=因縁値合算×陣形倍率,Σ floor(配置6人合計×因縁倍率)→floor(因縁合算×陣形倍率)
1,侍,最新資料倍率,,,,,0.33%,魅力,陣法説明(6).xlsx,0.0033,1,0.0033,魅力=配置6人魅力合計×因縁倍率,陣形値=因縁値合算×陣形倍率,Σ floor(配置6人合計×因縁倍率)→floor(因縁合算×陣形倍率)
2,僧,最新資料倍率,,,,,0.70%,生命,陣法説明(6).xlsx,0.007,1,0.007,生命=配置6人生命合計×因縁倍率,陣形値=因縁値合算×陣形倍率,Σ floor(配置6人合計×因縁倍率)→floor(因縁合算×陣形倍率)
2,僧,最新資料倍率,,,,,0.33%,腕力,陣法説明(6).xlsx,0.0033,1,0.0033,腕力=配置6人腕力合計×因縁倍率,陣形値=因縁値合算×陣形倍率,Σ floor(配置6人合計×因縁倍率)→floor(因縁合算×陣形倍率)
2,僧,最新資料倍率,,,,,0.33%,器用さ,陣法説明(6).xlsx,0.0033,1,0.0033,器用さ=配置6人器用さ合計×因縁倍率,陣形値=因縁値合算×陣形倍率,Σ floor(配置6人合計×因縁倍率)→floor(因縁合算×陣形倍率)
2,僧,最新資料倍率,,,,,0.44%,知力,陣法説明(6).xlsx,0.0044,1,0.0044,知力=配置6人知力合計×因縁倍率,陣形値=因縁値合算×陣形倍率,Σ floor(配置6人合計×因縁倍率)→floor(因縁合算×陣形倍率)
2,僧,最新資料倍率,,,,,0.55%,魅力,陣法説明(6).xlsx,0.0055,1,0.0055,魅力=配置6人魅力合計×因縁倍率,陣形値=因縁値合算×陣形倍率,Σ floor(配置6人合計×因縁倍率)→floor(因縁合算×陣形倍率)
3,神主,最新資料倍率,,,,,0.70%,生命,陣法説明(6).xlsx,0.007,1,0.007,生命=配置6人生命合計×因縁倍率,陣形値=因縁値合算×陣形倍率,Σ floor(配置6人合計×因縁倍率)→floor(因縁合算×陣形倍率)
3,神主,最新資料倍率,,,,,0.75%,気合,陣法説明(6).xlsx,0.0075,1,0.0075,気合=配置6人気合合計×因縁倍率,陣形値=因縁値合算×陣形倍率,Σ floor(配置6人合計×因縁倍率)→floor(因縁合算×陣形倍率)
3,神主,最新資料倍率,,,,,0.33%,腕力,陣法説明(6).xlsx,0.0033,1,0.0033,腕力=配置6人腕力合計×因縁倍率,陣形値=因縁値合算×陣形倍率,Σ floor(配置6人合計×因縁倍率)→floor(因縁合算×陣形倍率)
3,神主,最新資料倍率,,,,,0.33%,器用さ,陣法説明(6).xlsx,0.0033,1,0.0033,器用さ=配置6人器用さ合計×因縁倍率,陣形値=因縁値合算×陣形倍率,Σ floor(配置6人合計×因縁倍率)→floor(因縁合算×陣形倍率)
3,神主,最新資料倍率,,,,,0.44%,知力,陣法説明(6).xlsx,0.0044,1,0.0044,知力=配置6人知力合計×因縁倍率,陣形値=因縁値合算×陣形倍率,Σ floor(配置6人合計×因縁倍率)→floor(因縁合算×陣形倍率)
4,陰陽師,最新資料倍率,,,,,0.70%,生命,陣法説明(6).xlsx,0.007,1,0.007,生命=配置6人生命合計×因縁倍率,陣形値=因縁値合算×陣形倍率,Σ floor(配置6人合計×因縁倍率)→floor(因縁合算×陣形倍率)
4,陰陽師,最新資料倍率,,,,,0.45%,気合,陣法説明(6).xlsx,0.0045,1,0.0045,気合=配置6人気合合計×因縁倍率,陣形値=因縁値合算×陣形倍率,Σ floor(配置6人合計×因縁倍率)→floor(因縁合算×陣形倍率)
4,陰陽師,最新資料倍率,,,,,0.33%,耐久力,陣法説明(6).xlsx,0.0033,1,0.0033,耐久力=配置6人耐久力合計×因縁倍率,陣形値=因縁値合算×陣形倍率,Σ floor(配置6人合計×因縁倍率)→floor(因縁合算×陣形倍率)
4,陰陽師,最新資料倍率,,,,,0.55%,知力,陣法説明(6).xlsx,0.0055,1,0.0055,知力=配置6人知力合計×因縁倍率,陣形値=因縁値合算×陣形倍率,Σ floor(配置6人合計×因縁倍率)→floor(因縁合算×陣形倍率)
4,陰陽師,最新資料倍率,,,,,0.44%,土属性,陣法説明(6).xlsx,0.0044,1,0.0044,土属性=配置6人土属性合計×因縁倍率,陣形値=因縁値合算×陣形倍率,Σ floor(配置6人合計×因縁倍率)→floor(因縁合算×陣形倍率)
4,陰陽師,最新資料倍率,,,,,0.44%,水属性,陣法説明(6).xlsx,0.0044,1,0.0044,水属性=配置6人水属性合計×因縁倍率,陣形値=因縁値合算×陣形倍率,Σ floor(配置6人合計×因縁倍率)→floor(因縁合算×陣形倍率)
4,陰陽師,最新資料倍率,,,,,0.44%,火属性,陣法説明(6).xlsx,0.0044,1,0.0044,火属性=配置6人火属性合計×因縁倍率,陣形値=因縁値合算×陣形倍率,Σ floor(配置6人合計×因縁倍率)→floor(因縁合算×陣形倍率)
4,陰陽師,最新資料倍率,,,,,0.44%,風属性,陣法説明(6).xlsx,0.0044,1,0.0044,風属性=配置6人風属性合計×因縁倍率,陣形値=因縁値合算×陣形倍率,Σ floor(配置6人合計×因縁倍率)→floor(因縁合算×陣形倍率)
5,忍者,最新資料倍率,,,,,0.70%,生命,陣法説明(6).xlsx,0.007,1,0.007,生命=配置6人生命合計×因縁倍率,陣形値=因縁値合算×陣形倍率,Σ floor(配置6人合計×因縁倍率)→floor(因縁合算×陣形倍率)
5,忍者,最新資料倍率,,,,,0.44%,腕力,陣法説明(6).xlsx,0.0044,1,0.0044,腕力=配置6人腕力合計×因縁倍率,陣形値=因縁値合算×陣形倍率,Σ floor(配置6人合計×因縁倍率)→floor(因縁合算×陣形倍率)
5,忍者,最新資料倍率,,,,,0.55%,器用さ,陣法説明(6).xlsx,0.0055,1,0.0055,器用さ=配置6人器用さ合計×因縁倍率,陣形値=因縁値合算×陣形倍率,Σ floor(配置6人合計×因縁倍率)→floor(因縁合算×陣形倍率)
5,忍者,最新資料倍率,,,,,0.33%,知力,陣法説明(6).xlsx,0.0033,1,0.0033,知力=配置6人知力合計×因縁倍率,陣形値=因縁値合算×陣形倍率,Σ floor(配置6人合計×因縁倍率)→floor(因縁合算×陣形倍率)
5,忍者,最新資料倍率,,,,,0.33%,土属性,陣法説明(6).xlsx,0.0033,1,0.0033,土属性=配置6人土属性合計×因縁倍率,陣形値=因縁値合算×陣形倍率,Σ floor(配置6人合計×因縁倍率)→floor(因縁合算×陣形倍率)
5,忍者,最新資料倍率,,,,,0.33%,水属性,陣法説明(6).xlsx,0.0033,1,0.0033,水属性=配置6人水属性合計×因縁倍率,陣形値=因縁値合算×陣形倍率,Σ floor(配置6人合計×因縁倍率)→floor(因縁合算×陣形倍率)
5,忍者,最新資料倍率,,,,,0.33%,火属性,陣法説明(6).xlsx,0.0033,1,0.0033,火属性=配置6人火属性合計×因縁倍率,陣形値=因縁値合算×陣形倍率,Σ floor(配置6人合計×因縁倍率)→floor(因縁合算×陣形倍率)
5,忍者,最新資料倍率,,,,,0.33%,風属性,陣法説明(6).xlsx,0.0033,1,0.0033,風属性=配置6人風属性合計×因縁倍率,陣形値=因縁値合算×陣形倍率,Σ floor(配置6人合計×因縁倍率)→floor(因縁合算×陣形倍率)
6,鍛冶屋,最新資料倍率,,,,,0.70%,生命,陣法説明(6).xlsx,0.007,1,0.007,生命=配置6人生命合計×因縁倍率,陣形値=因縁値合算×陣形倍率,Σ floor(配置6人合計×因縁倍率)→floor(因縁合算×陣形倍率)
6,鍛冶屋,最新資料倍率,,,,,0.33%,腕力,陣法説明(6).xlsx,0.0033,1,0.0033,腕力=配置6人腕力合計×因縁倍率,陣形値=因縁値合算×陣形倍率,Σ floor(配置6人合計×因縁倍率)→floor(因縁合算×陣形倍率)
6,鍛冶屋,最新資料倍率,,,,,0.55%,耐久力,陣法説明(6).xlsx,0.0055,1,0.0055,耐久力=配置6人耐久力合計×因縁倍率,陣形値=因縁値合算×陣形倍率,Σ floor(配置6人合計×因縁倍率)→floor(因縁合算×陣形倍率)
6,鍛冶屋,最新資料倍率,,,,,0.33%,器用さ,陣法説明(6).xlsx,0.0033,1,0.0033,器用さ=配置6人器用さ合計×因縁倍率,陣形値=因縁値合算×陣形倍率,Σ floor(配置6人合計×因縁倍率)→floor(因縁合算×陣形倍率)
6,鍛冶屋,最新資料倍率,,,,,0.44%,魅力,陣法説明(6).xlsx,0.0044,1,0.0044,魅力=配置6人魅力合計×因縁倍率,陣形値=因縁値合算×陣形倍率,Σ floor(配置6人合計×因縁倍率)→floor(因縁合算×陣形倍率)
7,薬師,最新資料倍率,,,,,0.70%,生命,陣法説明(6).xlsx,0.007,1,0.007,生命=配置6人生命合計×因縁倍率,陣形値=因縁値合算×陣形倍率,Σ floor(配置6人合計×因縁倍率)→floor(因縁合算×陣形倍率)
7,薬師,最新資料倍率,,,,,0.60%,気合,陣法説明(6).xlsx,0.006,1,0.006,気合=配置6人気合合計×因縁倍率,陣形値=因縁値合算×陣形倍率,Σ floor(配置6人合計×因縁倍率)→floor(因縁合算×陣形倍率)
7,薬師,最新資料倍率,,,,,0.33%,知力,陣法説明(6).xlsx,0.0033,1,0.0033,知力=配置6人知力合計×因縁倍率,陣形値=因縁値合算×陣形倍率,Σ floor(配置6人合計×因縁倍率)→floor(因縁合算×陣形倍率)
7,薬師,最新資料倍率,,,,,0.55%,魅力,陣法説明(6).xlsx,0.0055,1,0.0055,魅力=配置6人魅力合計×因縁倍率,陣形値=因縁値合算×陣形倍率,Σ floor(配置6人合計×因縁倍率)→floor(因縁合算×陣形倍率)
7,薬師,最新資料倍率,,,,,0.33%,土属性,陣法説明(6).xlsx,0.0033,1,0.0033,土属性=配置6人土属性合計×因縁倍率,陣形値=因縁値合算×陣形倍率,Σ floor(配置6人合計×因縁倍率)→floor(因縁合算×陣形倍率)
7,薬師,最新資料倍率,,,,,0.33%,水属性,陣法説明(6).xlsx,0.0033,1,0.0033,水属性=配置6人水属性合計×因縁倍率,陣形値=因縁値合算×陣形倍率,Σ floor(配置6人合計×因縁倍率)→floor(因縁合算×陣形倍率)
7,薬師,最新資料倍率,,,,,0.33%,火属性,陣法説明(6).xlsx,0.0033,1,0.0033,火属性=配置6人火属性合計×因縁倍率,陣形値=因縁値合算×陣形倍率,Σ floor(配置6人合計×因縁倍率)→floor(因縁合算×陣形倍率)
7,薬師,最新資料倍率,,,,,0.33%,風属性,陣法説明(6).xlsx,0.0033,1,0.0033,風属性=配置6人風属性合計×因縁倍率,陣形値=因縁値合算×陣形倍率,Σ floor(配置6人合計×因縁倍率)→floor(因縁合算×陣形倍率)
8,傾奇者,最新資料倍率,,,,,0.70%,生命,陣法説明(6).xlsx,0.007,1,0.007,生命=配置6人生命合計×因縁倍率,陣形値=因縁値合算×陣形倍率,Σ floor(配置6人合計×因縁倍率)→floor(因縁合算×陣形倍率)
8,傾奇者,最新資料倍率,,,,,0.44%,腕力,陣法説明(6).xlsx,0.0044,1,0.0044,腕力=配置6人腕力合計×因縁倍率,陣形値=因縁値合算×陣形倍率,Σ floor(配置6人合計×因縁倍率)→floor(因縁合算×陣形倍率)
8,傾奇者,最新資料倍率,,,,,0.33%,耐久力,陣法説明(6).xlsx,0.0033,1,0.0033,耐久力=配置6人耐久力合計×因縁倍率,陣形値=因縁値合算×陣形倍率,Σ floor(配置6人合計×因縁倍率)→floor(因縁合算×陣形倍率)
8,傾奇者,最新資料倍率,,,,,0.33%,知力,陣法説明(6).xlsx,0.0033,1,0.0033,知力=配置6人知力合計×因縁倍率,陣形値=因縁値合算×陣形倍率,Σ floor(配置6人合計×因縁倍率)→floor(因縁合算×陣形倍率)
8,傾奇者,最新資料倍率,,,,,0.55%,土属性,陣法説明(6).xlsx,0.0055,1,0.0055,土属性=配置6人土属性合計×因縁倍率,陣形値=因縁値合算×陣形倍率,Σ floor(配置6人合計×因縁倍率)→floor(因縁合算×陣形倍率)
8,傾奇者,最新資料倍率,,,,,0.55%,水属性,陣法説明(6).xlsx,0.0055,1,0.0055,水属性=配置6人水属性合計×因縁倍率,陣形値=因縁値合算×陣形倍率,Σ floor(配置6人合計×因縁倍率)→floor(因縁合算×陣形倍率)
8,傾奇者,最新資料倍率,,,,,0.55%,火属性,陣法説明(6).xlsx,0.0055,1,0.0055,火属性=配置6人火属性合計×因縁倍率,陣形値=因縁値合算×陣形倍率,Σ floor(配置6人合計×因縁倍率)→floor(因縁合算×陣形倍率)
8,傾奇者,最新資料倍率,,,,,0.55%,風属性,陣法説明(6).xlsx,0.0055,1,0.0055,風属性=配置6人風属性合計×因縁倍率,陣形値=因縁値合算×陣形倍率,Σ floor(配置6人合計×因縁倍率)→floor(因縁合算×陣形倍率)
9,武士道の絆,最新資料倍率,,,,,0.70%,生命,陣法説明(6).xlsx,0.007,1,0.007,生命=配置6人生命合計×因縁倍率,陣形値=因縁値合算×陣形倍率,Σ floor(配置6人合計×因縁倍率)→floor(因縁合算×陣形倍率)
9,武士道の絆,最新資料倍率,,,,,0.75%,気合,陣法説明(6).xlsx,0.0075,1,0.0075,気合=配置6人気合合計×因縁倍率,陣形値=因縁値合算×陣形倍率,Σ floor(配置6人合計×因縁倍率)→floor(因縁合算×陣形倍率)
9,武士道の絆,最新資料倍率,,,,,0.55%,耐久力,陣法説明(6).xlsx,0.0055,1,0.0055,耐久力=配置6人耐久力合計×因縁倍率,陣形値=因縁値合算×陣形倍率,Σ floor(配置6人合計×因縁倍率)→floor(因縁合算×陣形倍率)
9,武士道の絆,最新資料倍率,,,,,0.55%,魅力,陣法説明(6).xlsx,0.0055,1,0.0055,魅力=配置6人魅力合計×因縁倍率,陣形値=因縁値合算×陣形倍率,Σ floor(配置6人合計×因縁倍率)→floor(因縁合算×陣形倍率)
10,武芸の絆,最新資料倍率,,,,,0.70%,生命,陣法説明(6).xlsx,0.007,1,0.007,生命=配置6人生命合計×因縁倍率,陣形値=因縁値合算×陣形倍率,Σ floor(配置6人合計×因縁倍率)→floor(因縁合算×陣形倍率)
10,武芸の絆,最新資料倍率,,,,,0.55%,腕力,陣法説明(6).xlsx,0.0055,1,0.0055,腕力=配置6人腕力合計×因縁倍率,陣形値=因縁値合算×陣形倍率,Σ floor(配置6人合計×因縁倍率)→floor(因縁合算×陣形倍率)
10,武芸の絆,最新資料倍率,,,,,0.55%,耐久力,陣法説明(6).xlsx,0.0055,1,0.0055,耐久力=配置6人耐久力合計×因縁倍率,陣形値=因縁値合算×陣形倍率,Σ floor(配置6人合計×因縁倍率)→floor(因縁合算×陣形倍率)
10,武芸の絆,最新資料倍率,,,,,0.55%,器用さ,陣法説明(6).xlsx,0.0055,1,0.0055,器用さ=配置6人器用さ合計×因縁倍率,陣形値=因縁値合算×陣形倍率,Σ floor(配置6人合計×因縁倍率)→floor(因縁合算×陣形倍率)
11,軍学の絆,最新資料倍率,,,,,0.70%,生命,陣法説明(6).xlsx,0.007,1,0.007,生命=配置6人生命合計×因縁倍率,陣形値=因縁値合算×陣形倍率,Σ floor(配置6人合計×因縁倍率)→floor(因縁合算×陣形倍率)
11,軍学の絆,最新資料倍率,,,,,0.55%,耐久力,陣法説明(6).xlsx,0.0055,1,0.0055,耐久力=配置6人耐久力合計×因縁倍率,陣形値=因縁値合算×陣形倍率,Σ floor(配置6人合計×因縁倍率)→floor(因縁合算×陣形倍率)
11,軍学の絆,最新資料倍率,,,,,0.55%,知力,陣法説明(6).xlsx,0.0055,1,0.0055,知力=配置6人知力合計×因縁倍率,陣形値=因縁値合算×陣形倍率,Σ floor(配置6人合計×因縁倍率)→floor(因縁合算×陣形倍率)
11,軍学の絆,最新資料倍率,,,,,0.55%,魅力,陣法説明(6).xlsx,0.0055,1,0.0055,魅力=配置6人魅力合計×因縁倍率,陣形値=因縁値合算×陣形倍率,Σ floor(配置6人合計×因縁倍率)→floor(因縁合算×陣形倍率)
12,僧兵の絆,最新資料倍率,,,,,0.70%,生命,陣法説明(6).xlsx,0.007,1,0.007,生命=配置6人生命合計×因縁倍率,陣形値=因縁値合算×陣形倍率,Σ floor(配置6人合計×因縁倍率)→floor(因縁合算×陣形倍率)
12,僧兵の絆,最新資料倍率,,,,,0.55%,腕力,陣法説明(6).xlsx,0.0055,1,0.0055,腕力=配置6人腕力合計×因縁倍率,陣形値=因縁値合算×陣形倍率,Σ floor(配置6人合計×因縁倍率)→floor(因縁合算×陣形倍率)
12,僧兵の絆,最新資料倍率,,,,,0.55%,耐久力,陣法説明(6).xlsx,0.0055,1,0.0055,耐久力=配置6人耐久力合計×因縁倍率,陣形値=因縁値合算×陣形倍率,Σ floor(配置6人合計×因縁倍率)→floor(因縁合算×陣形倍率)
12,僧兵の絆,最新資料倍率,,,,,0.55%,知力,陣法説明(6).xlsx,0.0055,1,0.0055,知力=配置6人知力合計×因縁倍率,陣形値=因縁値合算×陣形倍率,Σ floor(配置6人合計×因縁倍率)→floor(因縁合算×陣形倍率)
13,仏門の絆,最新資料倍率,,,,,0.70%,生命,陣法説明(6).xlsx,0.007,1,0.007,生命=配置6人生命合計×因縁倍率,陣形値=因縁値合算×陣形倍率,Σ floor(配置6人合計×因縁倍率)→floor(因縁合算×陣形倍率)
13,仏門の絆,最新資料倍率,,,,,0.75%,気合,陣法説明(6).xlsx,0.0075,1,0.0075,気合=配置6人気合合計×因縁倍率,陣形値=因縁値合算×陣形倍率,Σ floor(配置6人合計×因縁倍率)→floor(因縁合算×陣形倍率)
13,仏門の絆,最新資料倍率,,,,,0.55%,知力,陣法説明(6).xlsx,0.0055,1,0.0055,知力=配置6人知力合計×因縁倍率,陣形値=因縁値合算×陣形倍率,Σ floor(配置6人合計×因縁倍率)→floor(因縁合算×陣形倍率)
13,仏門の絆,最新資料倍率,,,,,0.55%,魅力,陣法説明(6).xlsx,0.0055,1,0.0055,魅力=配置6人魅力合計×因縁倍率,陣形値=因縁値合算×陣形倍率,Σ floor(配置6人合計×因縁倍率)→floor(因縁合算×陣形倍率)
14,密教の絆,最新資料倍率,,,,,0.70%,生命,陣法説明(6).xlsx,0.007,1,0.007,生命=配置6人生命合計×因縁倍率,陣形値=因縁値合算×陣形倍率,Σ floor(配置6人合計×因縁倍率)→floor(因縁合算×陣形倍率)
14,密教の絆,最新資料倍率,,,,,0.55%,知力,陣法説明(6).xlsx,0.0055,1,0.0055,知力=配置6人知力合計×因縁倍率,陣形値=因縁値合算×陣形倍率,Σ floor(配置6人合計×因縁倍率)→floor(因縁合算×陣形倍率)
14,密教の絆,最新資料倍率,,,,,0.55%,魅力,陣法説明(6).xlsx,0.0055,1,0.0055,魅力=配置6人魅力合計×因縁倍率,陣形値=因縁値合算×陣形倍率,Σ floor(配置6人合計×因縁倍率)→floor(因縁合算×陣形倍率)
14,密教の絆,最新資料倍率,,,,,0.55%,土属性,陣法説明(6).xlsx,0.0055,1,0.0055,土属性=配置6人土属性合計×因縁倍率,陣形値=因縁値合算×陣形倍率,Σ floor(配置6人合計×因縁倍率)→floor(因縁合算×陣形倍率)
14,密教の絆,最新資料倍率,,,,,0.55%,水属性,陣法説明(6).xlsx,0.0055,1,0.0055,水属性=配置6人水属性合計×因縁倍率,陣形値=因縁値合算×陣形倍率,Σ floor(配置6人合計×因縁倍率)→floor(因縁合算×陣形倍率)
14,密教の絆,最新資料倍率,,,,,0.55%,火属性,陣法説明(6).xlsx,0.0055,1,0.0055,火属性=配置6人火属性合計×因縁倍率,陣形値=因縁値合算×陣形倍率,Σ floor(配置6人合計×因縁倍率)→floor(因縁合算×陣形倍率)
14,密教の絆,最新資料倍率,,,,,0.55%,風属性,陣法説明(6).xlsx,0.0055,1,0.0055,風属性=配置6人風属性合計×因縁倍率,陣形値=因縁値合算×陣形倍率,Σ floor(配置6人合計×因縁倍率)→floor(因縁合算×陣形倍率)
15,神道の絆,最新資料倍率,,,,,0.70%,生命,陣法説明(6).xlsx,0.007,1,0.007,生命=配置6人生命合計×因縁倍率,陣形値=因縁値合算×陣形倍率,Σ floor(配置6人合計×因縁倍率)→floor(因縁合算×陣形倍率)
15,神道の絆,最新資料倍率,,,,,0.55%,腕力,陣法説明(6).xlsx,0.0055,1,0.0055,腕力=配置6人腕力合計×因縁倍率,陣形値=因縁値合算×陣形倍率,Σ floor(配置6人合計×因縁倍率)→floor(因縁合算×陣形倍率)
15,神道の絆,最新資料倍率,,,,,0.55%,器用さ,陣法説明(6).xlsx,0.0055,1,0.0055,器用さ=配置6人器用さ合計×因縁倍率,陣形値=因縁値合算×陣形倍率,Σ floor(配置6人合計×因縁倍率)→floor(因縁合算×陣形倍率)
15,神道の絆,最新資料倍率,,,,,0.55%,知力,陣法説明(6).xlsx,0.0055,1,0.0055,知力=配置6人知力合計×因縁倍率,陣形値=因縁値合算×陣形倍率,Σ floor(配置6人合計×因縁倍率)→floor(因縁合算×陣形倍率)
16,古神道の絆,最新資料倍率,,,,,0.70%,生命,陣法説明(6).xlsx,0.007,1,0.007,生命=配置6人生命合計×因縁倍率,陣形値=因縁値合算×陣形倍率,Σ floor(配置6人合計×因縁倍率)→floor(因縁合算×陣形倍率)
16,古神道の絆,最新資料倍率,,,,,0.75%,気合,陣法説明(6).xlsx,0.0075,1,0.0075,気合=配置6人気合合計×因縁倍率,陣形値=因縁値合算×陣形倍率,Σ floor(配置6人合計×因縁倍率)→floor(因縁合算×陣形倍率)
16,古神道の絆,最新資料倍率,,,,,0.55%,知力,陣法説明(6).xlsx,0.0055,1,0.0055,知力=配置6人知力合計×因縁倍率,陣形値=因縁値合算×陣形倍率,Σ floor(配置6人合計×因縁倍率)→floor(因縁合算×陣形倍率)
16,古神道の絆,最新資料倍率,,,,,0.55%,土属性,陣法説明(6).xlsx,0.0055,1,0.0055,土属性=配置6人土属性合計×因縁倍率,陣形値=因縁値合算×陣形倍率,Σ floor(配置6人合計×因縁倍率)→floor(因縁合算×陣形倍率)
16,古神道の絆,最新資料倍率,,,,,0.55%,水属性,陣法説明(6).xlsx,0.0055,1,0.0055,水属性=配置6人水属性合計×因縁倍率,陣形値=因縁値合算×陣形倍率,Σ floor(配置6人合計×因縁倍率)→floor(因縁合算×陣形倍率)
16,古神道の絆,最新資料倍率,,,,,0.55%,火属性,陣法説明(6).xlsx,0.0055,1,0.0055,火属性=配置6人火属性合計×因縁倍率,陣形値=因縁値合算×陣形倍率,Σ floor(配置6人合計×因縁倍率)→floor(因縁合算×陣形倍率)
16,古神道の絆,最新資料倍率,,,,,0.55%,風属性,陣法説明(6).xlsx,0.0055,1,0.0055,風属性=配置6人風属性合計×因縁倍率,陣形値=因縁値合算×陣形倍率,Σ floor(配置6人合計×因縁倍率)→floor(因縁合算×陣形倍率)
17,雅楽の絆,最新資料倍率,,,,,0.70%,生命,陣法説明(6).xlsx,0.007,1,0.007,生命=配置6人生命合計×因縁倍率,陣形値=因縁値合算×陣形倍率,Σ floor(配置6人合計×因縁倍率)→floor(因縁合算×陣形倍率)
17,雅楽の絆,最新資料倍率,,,,,0.55%,知力,陣法説明(6).xlsx,0.0055,1,0.0055,知力=配置6人知力合計×因縁倍率,陣形値=因縁値合算×陣形倍率,Σ floor(配置6人合計×因縁倍率)→floor(因縁合算×陣形倍率)
17,雅楽の絆,最新資料倍率,,,,,0.55%,魅力,陣法説明(6).xlsx,0.0055,1,0.0055,魅力=配置6人魅力合計×因縁倍率,陣形値=因縁値合算×陣形倍率,Σ floor(配置6人合計×因縁倍率)→floor(因縁合算×陣形倍率)
17,雅楽の絆,最新資料倍率,,,,,0.55%,土属性,陣法説明(6).xlsx,0.0055,1,0.0055,土属性=配置6人土属性合計×因縁倍率,陣形値=因縁値合算×陣形倍率,Σ floor(配置6人合計×因縁倍率)→floor(因縁合算×陣形倍率)
17,雅楽の絆,最新資料倍率,,,,,0.55%,水属性,陣法説明(6).xlsx,0.0055,1,0.0055,水属性=配置6人水属性合計×因縁倍率,陣形値=因縁値合算×陣形倍率,Σ floor(配置6人合計×因縁倍率)→floor(因縁合算×陣形倍率)
17,雅楽の絆,最新資料倍率,,,,,0.55%,火属性,陣法説明(6).xlsx,0.0055,1,0.0055,火属性=配置6人火属性合計×因縁倍率,陣形値=因縁値合算×陣形倍率,Σ floor(配置6人合計×因縁倍率)→floor(因縁合算×陣形倍率)
17,雅楽の絆,最新資料倍率,,,,,0.55%,風属性,陣法説明(6).xlsx,0.0055,1,0.0055,風属性=配置6人風属性合計×因縁倍率,陣形値=因縁値合算×陣形倍率,Σ floor(配置6人合計×因縁倍率)→floor(因縁合算×陣形倍率)
18,陰陽道の絆,最新資料倍率,,,,,0.70%,生命,陣法説明(6).xlsx,0.007,1,0.007,生命=配置6人生命合計×因縁倍率,陣形値=因縁値合算×陣形倍率,Σ floor(配置6人合計×因縁倍率)→floor(因縁合算×陣形倍率)
18,陰陽道の絆,最新資料倍率,,,,,0.55%,知力,陣法説明(6).xlsx,0.0055,1,0.0055,知力=配置6人知力合計×因縁倍率,陣形値=因縁値合算×陣形倍率,Σ floor(配置6人合計×因縁倍率)→floor(因縁合算×陣形倍率)
18,陰陽道の絆,最新資料倍率,,,,,0.55%,魅力,陣法説明(6).xlsx,0.0055,1,0.0055,魅力=配置6人魅力合計×因縁倍率,陣形値=因縁値合算×陣形倍率,Σ floor(配置6人合計×因縁倍率)→floor(因縁合算×陣形倍率)
18,陰陽道の絆,最新資料倍率,,,,,0.55%,土属性,陣法説明(6).xlsx,0.0055,1,0.0055,土属性=配置6人土属性合計×因縁倍率,陣形値=因縁値合算×陣形倍率,Σ floor(配置6人合計×因縁倍率)→floor(因縁合算×陣形倍率)
18,陰陽道の絆,最新資料倍率,,,,,0.55%,水属性,陣法説明(6).xlsx,0.0055,1,0.0055,水属性=配置6人水属性合計×因縁倍率,陣形値=因縁値合算×陣形倍率,Σ floor(配置6人合計×因縁倍率)→floor(因縁合算×陣形倍率)
18,陰陽道の絆,最新資料倍率,,,,,0.55%,火属性,陣法説明(6).xlsx,0.0055,1,0.0055,火属性=配置6人火属性合計×因縁倍率,陣形値=因縁値合算×陣形倍率,Σ floor(配置6人合計×因縁倍率)→floor(因縁合算×陣形倍率)
18,陰陽道の絆,最新資料倍率,,,,,0.55%,風属性,陣法説明(6).xlsx,0.0055,1,0.0055,風属性=配置6人風属性合計×因縁倍率,陣形値=因縁値合算×陣形倍率,Σ floor(配置6人合計×因縁倍率)→floor(因縁合算×陣形倍率)
19,仙道の絆,最新資料倍率,,,,,0.70%,生命,陣法説明(6).xlsx,0.007,1,0.007,生命=配置6人生命合計×因縁倍率,陣形値=因縁値合算×陣形倍率,Σ floor(配置6人合計×因縁倍率)→floor(因縁合算×陣形倍率)
19,仙道の絆,最新資料倍率,,,,,0.75%,気合,陣法説明(6).xlsx,0.0075,1,0.0075,気合=配置6人気合合計×因縁倍率,陣形値=因縁値合算×陣形倍率,Σ floor(配置6人合計×因縁倍率)→floor(因縁合算×陣形倍率)
19,仙道の絆,最新資料倍率,,,,,0.55%,知力,陣法説明(6).xlsx,0.0055,1,0.0055,知力=配置6人知力合計×因縁倍率,陣形値=因縁値合算×陣形倍率,Σ floor(配置6人合計×因縁倍率)→floor(因縁合算×陣形倍率)
19,仙道の絆,最新資料倍率,,,,,0.55%,魅力,陣法説明(6).xlsx,0.0055,1,0.0055,魅力=配置6人魅力合計×因縁倍率,陣形値=因縁値合算×陣形倍率,Σ floor(配置6人合計×因縁倍率)→floor(因縁合算×陣形倍率)
20,召喚術の絆,最新資料倍率,,,,,0.70%,生命,陣法説明(6).xlsx,0.007,1,0.007,生命=配置6人生命合計×因縁倍率,陣形値=因縁値合算×陣形倍率,Σ floor(配置6人合計×因縁倍率)→floor(因縁合算×陣形倍率)
20,召喚術の絆,最新資料倍率,,,,,0.55%,耐久力,陣法説明(6).xlsx,0.0055,1,0.0055,耐久力=配置6人耐久力合計×因縁倍率,陣形値=因縁値合算×陣形倍率,Σ floor(配置6人合計×因縁倍率)→floor(因縁合算×陣形倍率)
20,召喚術の絆,最新資料倍率,,,,,0.55%,知力,陣法説明(6).xlsx,0.0055,1,0.0055,知力=配置6人知力合計×因縁倍率,陣形値=因縁値合算×陣形倍率,Σ floor(配置6人合計×因縁倍率)→floor(因縁合算×陣形倍率)
20,召喚術の絆,最新資料倍率,,,,,0.55%,土属性,陣法説明(6).xlsx,0.0055,1,0.0055,土属性=配置6人土属性合計×因縁倍率,陣形値=因縁値合算×陣形倍率,Σ floor(配置6人合計×因縁倍率)→floor(因縁合算×陣形倍率)
20,召喚術の絆,最新資料倍率,,,,,0.55%,水属性,陣法説明(6).xlsx,0.0055,1,0.0055,水属性=配置6人水属性合計×因縁倍率,陣形値=因縁値合算×陣形倍率,Σ floor(配置6人合計×因縁倍率)→floor(因縁合算×陣形倍率)
20,召喚術の絆,最新資料倍率,,,,,0.55%,火属性,陣法説明(6).xlsx,0.0055,1,0.0055,火属性=配置6人火属性合計×因縁倍率,陣形値=因縁値合算×陣形倍率,Σ floor(配置6人合計×因縁倍率)→floor(因縁合算×陣形倍率)
20,召喚術の絆,最新資料倍率,,,,,0.55%,風属性,陣法説明(6).xlsx,0.0055,1,0.0055,風属性=配置6人風属性合計×因縁倍率,陣形値=因縁値合算×陣形倍率,Σ floor(配置6人合計×因縁倍率)→floor(因縁合算×陣形倍率)
21,忍法の絆,最新資料倍率,,,,,0.70%,生命,陣法説明(6).xlsx,0.007,1,0.007,生命=配置6人生命合計×因縁倍率,陣形値=因縁値合算×陣形倍率,Σ floor(配置6人合計×因縁倍率)→floor(因縁合算×陣形倍率)
21,忍法の絆,最新資料倍率,,,,,0.55%,腕力,陣法説明(6).xlsx,0.0055,1,0.0055,腕力=配置6人腕力合計×因縁倍率,陣形値=因縁値合算×陣形倍率,Σ floor(配置6人合計×因縁倍率)→floor(因縁合算×陣形倍率)
21,忍法の絆,最新資料倍率,,,,,0.55%,器用さ,陣法説明(6).xlsx,0.0055,1,0.0055,器用さ=配置6人器用さ合計×因縁倍率,陣形値=因縁値合算×陣形倍率,Σ floor(配置6人合計×因縁倍率)→floor(因縁合算×陣形倍率)
21,忍法の絆,最新資料倍率,,,,,0.55%,魅力,陣法説明(6).xlsx,0.0055,1,0.0055,魅力=配置6人魅力合計×因縁倍率,陣形値=因縁値合算×陣形倍率,Σ floor(配置6人合計×因縁倍率)→floor(因縁合算×陣形倍率)
22,暗殺術の絆,最新資料倍率,,,,,0.70%,生命,陣法説明(6).xlsx,0.007,1,0.007,生命=配置6人生命合計×因縁倍率,陣形値=因縁値合算×陣形倍率,Σ floor(配置6人合計×因縁倍率)→floor(因縁合算×陣形倍率)
22,暗殺術の絆,最新資料倍率,,,,,0.55%,腕力,陣法説明(6).xlsx,0.0055,1,0.0055,腕力=配置6人腕力合計×因縁倍率,陣形値=因縁値合算×陣形倍率,Σ floor(配置6人合計×因縁倍率)→floor(因縁合算×陣形倍率)
22,暗殺術の絆,最新資料倍率,,,,,0.55%,器用さ,陣法説明(6).xlsx,0.0055,1,0.0055,器用さ=配置6人器用さ合計×因縁倍率,陣形値=因縁値合算×陣形倍率,Σ floor(配置6人合計×因縁倍率)→floor(因縁合算×陣形倍率)
22,暗殺術の絆,最新資料倍率,,,,,0.55%,魅力,陣法説明(6).xlsx,0.0055,1,0.0055,魅力=配置6人魅力合計×因縁倍率,陣形値=因縁値合算×陣形倍率,Σ floor(配置6人合計×因縁倍率)→floor(因縁合算×陣形倍率)
23,忍術の絆,最新資料倍率,,,,,0.70%,生命,陣法説明(6).xlsx,0.007,1,0.007,生命=配置6人生命合計×因縁倍率,陣形値=因縁値合算×陣形倍率,Σ floor(配置6人合計×因縁倍率)→floor(因縁合算×陣形倍率)
23,忍術の絆,最新資料倍率,,,,,0.55%,器用さ,陣法説明(6).xlsx,0.0055,1,0.0055,器用さ=配置6人器用さ合計×因縁倍率,陣形値=因縁値合算×陣形倍率,Σ floor(配置6人合計×因縁倍率)→floor(因縁合算×陣形倍率)
23,忍術の絆,最新資料倍率,,,,,0.55%,知力,陣法説明(6).xlsx,0.0055,1,0.0055,知力=配置6人知力合計×因縁倍率,陣形値=因縁値合算×陣形倍率,Σ floor(配置6人合計×因縁倍率)→floor(因縁合算×陣形倍率)
23,忍術の絆,最新資料倍率,,,,,0.55%,土属性,陣法説明(6).xlsx,0.0055,1,0.0055,土属性=配置6人土属性合計×因縁倍率,陣形値=因縁値合算×陣形倍率,Σ floor(配置6人合計×因縁倍率)→floor(因縁合算×陣形倍率)
23,忍術の絆,最新資料倍率,,,,,0.55%,水属性,陣法説明(6).xlsx,0.0055,1,0.0055,水属性=配置6人水属性合計×因縁倍率,陣形値=因縁値合算×陣形倍率,Σ floor(配置6人合計×因縁倍率)→floor(因縁合算×陣形倍率)
23,忍術の絆,最新資料倍率,,,,,0.55%,火属性,陣法説明(6).xlsx,0.0055,1,0.0055,火属性=配置6人火属性合計×因縁倍率,陣形値=因縁値合算×陣形倍率,Σ floor(配置6人合計×因縁倍率)→floor(因縁合算×陣形倍率)
23,忍術の絆,最新資料倍率,,,,,0.55%,風属性,陣法説明(6).xlsx,0.0055,1,0.0055,風属性=配置6人風属性合計×因縁倍率,陣形値=因縁値合算×陣形倍率,Σ floor(配置6人合計×因縁倍率)→floor(因縁合算×陣形倍率)
24,刀鍛冶の絆,最新資料倍率,,,,,0.70%,生命,陣法説明(6).xlsx,0.007,1,0.007,生命=配置6人生命合計×因縁倍率,陣形値=因縁値合算×陣形倍率,Σ floor(配置6人合計×因縁倍率)→floor(因縁合算×陣形倍率)
24,刀鍛冶の絆,最新資料倍率,,,,,0.55%,腕力,陣法説明(6).xlsx,0.0055,1,0.0055,腕力=配置6人腕力合計×因縁倍率,陣形値=因縁値合算×陣形倍率,Σ floor(配置6人合計×因縁倍率)→floor(因縁合算×陣形倍率)
24,刀鍛冶の絆,最新資料倍率,,,,,0.55%,耐久力,陣法説明(6).xlsx,0.0055,1,0.0055,耐久力=配置6人耐久力合計×因縁倍率,陣形値=因縁値合算×陣形倍率,Σ floor(配置6人合計×因縁倍率)→floor(因縁合算×陣形倍率)
24,刀鍛冶の絆,最新資料倍率,,,,,0.55%,魅力,陣法説明(6).xlsx,0.0055,1,0.0055,魅力=配置6人魅力合計×因縁倍率,陣形値=因縁値合算×陣形倍率,Σ floor(配置6人合計×因縁倍率)→floor(因縁合算×陣形倍率)
25,鎧鍛冶の絆,最新資料倍率,,,,,0.70%,生命,陣法説明(6).xlsx,0.007,1,0.007,生命=配置6人生命合計×因縁倍率,陣形値=因縁値合算×陣形倍率,Σ floor(配置6人合計×因縁倍率)→floor(因縁合算×陣形倍率)
25,鎧鍛冶の絆,最新資料倍率,,,,,0.55%,耐久力,陣法説明(6).xlsx,0.0055,1,0.0055,耐久力=配置6人耐久力合計×因縁倍率,陣形値=因縁値合算×陣形倍率,Σ floor(配置6人合計×因縁倍率)→floor(因縁合算×陣形倍率)
25,鎧鍛冶の絆,最新資料倍率,,,,,0.55%,魅力,陣法説明(6).xlsx,0.0055,1,0.0055,魅力=配置6人魅力合計×因縁倍率,陣形値=因縁値合算×陣形倍率,Σ floor(配置6人合計×因縁倍率)→floor(因縁合算×陣形倍率)
25,鎧鍛冶の絆,最新資料倍率,,,,,0.55%,土属性,陣法説明(6).xlsx,0.0055,1,0.0055,土属性=配置6人土属性合計×因縁倍率,陣形値=因縁値合算×陣形倍率,Σ floor(配置6人合計×因縁倍率)→floor(因縁合算×陣形倍率)
25,鎧鍛冶の絆,最新資料倍率,,,,,0.55%,水属性,陣法説明(6).xlsx,0.0055,1,0.0055,水属性=配置6人水属性合計×因縁倍率,陣形値=因縁値合算×陣形倍率,Σ floor(配置6人合計×因縁倍率)→floor(因縁合算×陣形倍率)
25,鎧鍛冶の絆,最新資料倍率,,,,,0.55%,火属性,陣法説明(6).xlsx,0.0055,1,0.0055,火属性=配置6人火属性合計×因縁倍率,陣形値=因縁値合算×陣形倍率,Σ floor(配置6人合計×因縁倍率)→floor(因縁合算×陣形倍率)
25,鎧鍛冶の絆,最新資料倍率,,,,,0.55%,風属性,陣法説明(6).xlsx,0.0055,1,0.0055,風属性=配置6人風属性合計×因縁倍率,陣形値=因縁値合算×陣形倍率,Σ floor(配置6人合計×因縁倍率)→floor(因縁合算×陣形倍率)
26,鉄砲鍛冶の絆,最新資料倍率,,,,,0.70%,生命,陣法説明(6).xlsx,0.007,1,0.007,生命=配置6人生命合計×因縁倍率,陣形値=因縁値合算×陣形倍率,Σ floor(配置6人合計×因縁倍率)→floor(因縁合算×陣形倍率)
26,鉄砲鍛冶の絆,最新資料倍率,,,,,0.55%,腕力,陣法説明(6).xlsx,0.0055,1,0.0055,腕力=配置6人腕力合計×因縁倍率,陣形値=因縁値合算×陣形倍率,Σ floor(配置6人合計×因縁倍率)→floor(因縁合算×陣形倍率)
26,鉄砲鍛冶の絆,最新資料倍率,,,,,0.55%,耐久力,陣法説明(6).xlsx,0.0055,1,0.0055,耐久力=配置6人耐久力合計×因縁倍率,陣形値=因縁値合算×陣形倍率,Σ floor(配置6人合計×因縁倍率)→floor(因縁合算×陣形倍率)
26,鉄砲鍛冶の絆,最新資料倍率,,,,,0.55%,器用さ,陣法説明(6).xlsx,0.0055,1,0.0055,器用さ=配置6人器用さ合計×因縁倍率,陣形値=因縁値合算×陣形倍率,Σ floor(配置6人合計×因縁倍率)→floor(因縁合算×陣形倍率)
27,医学の絆,最新資料倍率,,,,,0.70%,生命,陣法説明(6).xlsx,0.007,1,0.007,生命=配置6人生命合計×因縁倍率,陣形値=因縁値合算×陣形倍率,Σ floor(配置6人合計×因縁倍率)→floor(因縁合算×陣形倍率)
27,医学の絆,最新資料倍率,,,,,0.75%,気合,陣法説明(6).xlsx,0.0075,1,0.0075,気合=配置6人気合合計×因縁倍率,陣形値=因縁値合算×陣形倍率,Σ floor(配置6人合計×因縁倍率)→floor(因縁合算×陣形倍率)
27,医学の絆,最新資料倍率,,,,,0.55%,知力,陣法説明(6).xlsx,0.0055,1,0.0055,知力=配置6人知力合計×因縁倍率,陣形値=因縁値合算×陣形倍率,Σ floor(配置6人合計×因縁倍率)→floor(因縁合算×陣形倍率)
27,医学の絆,最新資料倍率,,,,,0.55%,魅力,陣法説明(6).xlsx,0.0055,1,0.0055,魅力=配置6人魅力合計×因縁倍率,陣形値=因縁値合算×陣形倍率,Σ floor(配置6人合計×因縁倍率)→floor(因縁合算×陣形倍率)
28,神通力の絆,最新資料倍率,,,,,0.70%,生命,陣法説明(6).xlsx,0.007,1,0.007,生命=配置6人生命合計×因縁倍率,陣形値=因縁値合算×陣形倍率,Σ floor(配置6人合計×因縁倍率)→floor(因縁合算×陣形倍率)
28,神通力の絆,最新資料倍率,,,,,0.55%,知力,陣法説明(6).xlsx,0.0055,1,0.0055,知力=配置6人知力合計×因縁倍率,陣形値=因縁値合算×陣形倍率,Σ floor(配置6人合計×因縁倍率)→floor(因縁合算×陣形倍率)
28,神通力の絆,最新資料倍率,,,,,0.55%,魅力,陣法説明(6).xlsx,0.0055,1,0.0055,魅力=配置6人魅力合計×因縁倍率,陣形値=因縁値合算×陣形倍率,Σ floor(配置6人合計×因縁倍率)→floor(因縁合算×陣形倍率)
28,神通力の絆,最新資料倍率,,,,,0.55%,土属性,陣法説明(6).xlsx,0.0055,1,0.0055,土属性=配置6人土属性合計×因縁倍率,陣形値=因縁値合算×陣形倍率,Σ floor(配置6人合計×因縁倍率)→floor(因縁合算×陣形倍率)
28,神通力の絆,最新資料倍率,,,,,0.55%,水属性,陣法説明(6).xlsx,0.0055,1,0.0055,水属性=配置6人水属性合計×因縁倍率,陣形値=因縁値合算×陣形倍率,Σ floor(配置6人合計×因縁倍率)→floor(因縁合算×陣形倍率)
28,神通力の絆,最新資料倍率,,,,,0.55%,火属性,陣法説明(6).xlsx,0.0055,1,0.0055,火属性=配置6人火属性合計×因縁倍率,陣形値=因縁値合算×陣形倍率,Σ floor(配置6人合計×因縁倍率)→floor(因縁合算×陣形倍率)
28,神通力の絆,最新資料倍率,,,,,0.55%,風属性,陣法説明(6).xlsx,0.0055,1,0.0055,風属性=配置6人風属性合計×因縁倍率,陣形値=因縁値合算×陣形倍率,Σ floor(配置6人合計×因縁倍率)→floor(因縁合算×陣形倍率)
29,修験道の絆,最新資料倍率,,,,,0.70%,生命,陣法説明(6).xlsx,0.007,1,0.007,生命=配置6人生命合計×因縁倍率,陣形値=因縁値合算×陣形倍率,Σ floor(配置6人合計×因縁倍率)→floor(因縁合算×陣形倍率)
29,修験道の絆,最新資料倍率,,,,,0.75%,気合,陣法説明(6).xlsx,0.0075,1,0.0075,気合=配置6人気合合計×因縁倍率,陣形値=因縁値合算×陣形倍率,Σ floor(配置6人合計×因縁倍率)→floor(因縁合算×陣形倍率)
29,修験道の絆,最新資料倍率,,,,,0.55%,知力,陣法説明(6).xlsx,0.0055,1,0.0055,知力=配置6人知力合計×因縁倍率,陣形値=因縁値合算×陣形倍率,Σ floor(配置6人合計×因縁倍率)→floor(因縁合算×陣形倍率)
29,修験道の絆,最新資料倍率,,,,,0.55%,魅力,陣法説明(6).xlsx,0.0055,1,0.0055,魅力=配置6人魅力合計×因縁倍率,陣形値=因縁値合算×陣形倍率,Σ floor(配置6人合計×因縁倍率)→floor(因縁合算×陣形倍率)
30,四象の絆,最新資料倍率,,,,,0.70%,生命,陣法説明(6).xlsx,0.007,1,0.007,生命=配置6人生命合計×因縁倍率,陣形値=因縁値合算×陣形倍率,Σ floor(配置6人合計×因縁倍率)→floor(因縁合算×陣形倍率)
30,四象の絆,最新資料倍率,,,,,0.55%,腕力,陣法説明(6).xlsx,0.0055,1,0.0055,腕力=配置6人腕力合計×因縁倍率,陣形値=因縁値合算×陣形倍率,Σ floor(配置6人合計×因縁倍率)→floor(因縁合算×陣形倍率)
30,四象の絆,最新資料倍率,,,,,0.55%,知力,陣法説明(6).xlsx,0.0055,1,0.0055,知力=配置6人知力合計×因縁倍率,陣形値=因縁値合算×陣形倍率,Σ floor(配置6人合計×因縁倍率)→floor(因縁合算×陣形倍率)
30,四象の絆,最新資料倍率,,,,,0.55%,土属性,陣法説明(6).xlsx,0.0055,1,0.0055,土属性=配置6人土属性合計×因縁倍率,陣形値=因縁値合算×陣形倍率,Σ floor(配置6人合計×因縁倍率)→floor(因縁合算×陣形倍率)
30,四象の絆,最新資料倍率,,,,,0.55%,水属性,陣法説明(6).xlsx,0.0055,1,0.0055,水属性=配置6人水属性合計×因縁倍率,陣形値=因縁値合算×陣形倍率,Σ floor(配置6人合計×因縁倍率)→floor(因縁合算×陣形倍率)
30,四象の絆,最新資料倍率,,,,,0.55%,火属性,陣法説明(6).xlsx,0.0055,1,0.0055,火属性=配置6人火属性合計×因縁倍率,陣形値=因縁値合算×陣形倍率,Σ floor(配置6人合計×因縁倍率)→floor(因縁合算×陣形倍率)
30,四象の絆,最新資料倍率,,,,,0.55%,風属性,陣法説明(6).xlsx,0.0055,1,0.0055,風属性=配置6人風属性合計×因縁倍率,陣形値=因縁値合算×陣形倍率,Σ floor(配置6人合計×因縁倍率)→floor(因縁合算×陣形倍率)
31,地勢の絆,最新資料倍率,,,,,0.70%,生命,陣法説明(6).xlsx,0.007,1,0.007,生命=配置6人生命合計×因縁倍率,陣形値=因縁値合算×陣形倍率,Σ floor(配置6人合計×因縁倍率)→floor(因縁合算×陣形倍率)
31,地勢の絆,最新資料倍率,,,,,0.45%,気合,陣法説明(6).xlsx,0.0045,1,0.0045,気合=配置6人気合合計×因縁倍率,陣形値=因縁値合算×陣形倍率,Σ floor(配置6人合計×因縁倍率)→floor(因縁合算×陣形倍率)
31,地勢の絆,最新資料倍率,,,,,0.33%,耐久力,陣法説明(6).xlsx,0.0033,1,0.0033,耐久力=配置6人耐久力合計×因縁倍率,陣形値=因縁値合算×陣形倍率,Σ floor(配置6人合計×因縁倍率)→floor(因縁合算×陣形倍率)
31,地勢の絆,最新資料倍率,,,,,0.33%,器用さ,陣法説明(6).xlsx,0.0033,1,0.0033,器用さ=配置6人器用さ合計×因縁倍率,陣形値=因縁値合算×陣形倍率,Σ floor(配置6人合計×因縁倍率)→floor(因縁合算×陣形倍率)
31,地勢の絆,最新資料倍率,,,,,0.33%,知力,陣法説明(6).xlsx,0.0033,1,0.0033,知力=配置6人知力合計×因縁倍率,陣形値=因縁値合算×陣形倍率,Σ floor(配置6人合計×因縁倍率)→floor(因縁合算×陣形倍率)
31,地勢の絆,最新資料倍率,,,,,0.33%,魅力,陣法説明(6).xlsx,0.0033,1,0.0033,魅力=配置6人魅力合計×因縁倍率,陣形値=因縁値合算×陣形倍率,Σ floor(配置6人合計×因縁倍率)→floor(因縁合算×陣形倍率)
31,地勢の絆,最新資料倍率,,,,,0.33%,土属性,陣法説明(6).xlsx,0.0033,1,0.0033,土属性=配置6人土属性合計×因縁倍率,陣形値=因縁値合算×陣形倍率,Σ floor(配置6人合計×因縁倍率)→floor(因縁合算×陣形倍率)
31,地勢の絆,最新資料倍率,,,,,0.33%,水属性,陣法説明(6).xlsx,0.0033,1,0.0033,水属性=配置6人水属性合計×因縁倍率,陣形値=因縁値合算×陣形倍率,Σ floor(配置6人合計×因縁倍率)→floor(因縁合算×陣形倍率)
31,地勢の絆,最新資料倍率,,,,,0.33%,火属性,陣法説明(6).xlsx,0.0033,1,0.0033,火属性=配置6人火属性合計×因縁倍率,陣形値=因縁値合算×陣形倍率,Σ floor(配置6人合計×因縁倍率)→floor(因縁合算×陣形倍率)
31,地勢の絆,最新資料倍率,,,,,0.33%,風属性,陣法説明(6).xlsx,0.0033,1,0.0033,風属性=配置6人風属性合計×因縁倍率,陣形値=因縁値合算×陣形倍率,Σ floor(配置6人合計×因縁倍率)→floor(因縁合算×陣形倍率)
32,殺陣の絆,最新資料倍率,,,,,0.70%,生命,陣法説明(6).xlsx,0.007,1,0.007,生命=配置6人生命合計×因縁倍率,陣形値=因縁値合算×陣形倍率,Σ floor(配置6人合計×因縁倍率)→floor(因縁合算×陣形倍率)
32,殺陣の絆,最新資料倍率,,,,,0.55%,腕力,陣法説明(6).xlsx,0.0055,1,0.0055,腕力=配置6人腕力合計×因縁倍率,陣形値=因縁値合算×陣形倍率,Σ floor(配置6人合計×因縁倍率)→floor(因縁合算×陣形倍率)
32,殺陣の絆,最新資料倍率,,,,,0.55%,器用さ,陣法説明(6).xlsx,0.0055,1,0.0055,器用さ=配置6人器用さ合計×因縁倍率,陣形値=因縁値合算×陣形倍率,Σ floor(配置6人合計×因縁倍率)→floor(因縁合算×陣形倍率)
32,殺陣の絆,最新資料倍率,,,,,0.55%,知力,陣法説明(6).xlsx,0.0055,1,0.0055,知力=配置6人知力合計×因縁倍率,陣形値=因縁値合算×陣形倍率,Σ floor(配置6人合計×因縁倍率)→floor(因縁合算×陣形倍率)
33,知将の絆,最新資料倍率,,,,,0.70%,生命,陣法説明(6).xlsx,0.007,1,0.007,生命=配置6人生命合計×因縁倍率,陣形値=因縁値合算×陣形倍率,Σ floor(配置6人合計×因縁倍率)→floor(因縁合算×陣形倍率)
33,知将の絆,最新資料倍率,,,,,0.98%,知力,陣法説明(6).xlsx,0.0098,1,0.0098,知力=配置6人知力合計×因縁倍率,陣形値=因縁値合算×陣形倍率,Σ floor(配置6人合計×因縁倍率)→floor(因縁合算×陣形倍率)
33,知将の絆,最新資料倍率,,,,,0.98%,土属性,陣法説明(6).xlsx,0.0098,1,0.0098,土属性=配置6人土属性合計×因縁倍率,陣形値=因縁値合算×陣形倍率,Σ floor(配置6人合計×因縁倍率)→floor(因縁合算×陣形倍率)
33,知将の絆,最新資料倍率,,,,,0.98%,水属性,陣法説明(6).xlsx,0.0098,1,0.0098,水属性=配置6人水属性合計×因縁倍率,陣形値=因縁値合算×陣形倍率,Σ floor(配置6人合計×因縁倍率)→floor(因縁合算×陣形倍率)
33,知将の絆,最新資料倍率,,,,,0.98%,火属性,陣法説明(6).xlsx,0.0098,1,0.0098,火属性=配置6人火属性合計×因縁倍率,陣形値=因縁値合算×陣形倍率,Σ floor(配置6人合計×因縁倍率)→floor(因縁合算×陣形倍率)
33,知将の絆,最新資料倍率,,,,,0.98%,風属性,陣法説明(6).xlsx,0.0098,1,0.0098,風属性=配置6人風属性合計×因縁倍率,陣形値=因縁値合算×陣形倍率,Σ floor(配置6人合計×因縁倍率)→floor(因縁合算×陣形倍率)
34,忍びの絆,最新資料倍率,,,,,0.70%,生命,陣法説明(6).xlsx,0.007,1,0.007,生命=配置6人生命合計×因縁倍率,陣形値=因縁値合算×陣形倍率,Σ floor(配置6人合計×因縁倍率)→floor(因縁合算×陣形倍率)
34,忍びの絆,最新資料倍率,,,,,0.98%,腕力,陣法説明(6).xlsx,0.0098,1,0.0098,腕力=配置6人腕力合計×因縁倍率,陣形値=因縁値合算×陣形倍率,Σ floor(配置6人合計×因縁倍率)→floor(因縁合算×陣形倍率)
34,忍びの絆,最新資料倍率,,,,,0.98%,器用さ,陣法説明(6).xlsx,0.0098,1,0.0098,器用さ=配置6人器用さ合計×因縁倍率,陣形値=因縁値合算×陣形倍率,Σ floor(配置6人合計×因縁倍率)→floor(因縁合算×陣形倍率)
35,剣豪の絆,最新資料倍率,,,,,0.70%,生命,陣法説明(6).xlsx,0.007,1,0.007,生命=配置6人生命合計×因縁倍率,陣形値=因縁値合算×陣形倍率,Σ floor(配置6人合計×因縁倍率)→floor(因縁合算×陣形倍率)
35,剣豪の絆,最新資料倍率,,,,,0.98%,腕力,陣法説明(6).xlsx,0.0098,1,0.0098,腕力=配置6人腕力合計×因縁倍率,陣形値=因縁値合算×陣形倍率,Σ floor(配置6人合計×因縁倍率)→floor(因縁合算×陣形倍率)
35,剣豪の絆,最新資料倍率,,,,,0.98%,器用さ,陣法説明(6).xlsx,0.0098,1,0.0098,器用さ=配置6人器用さ合計×因縁倍率,陣形値=因縁値合算×陣形倍率,Σ floor(配置6人合計×因縁倍率)→floor(因縁合算×陣形倍率)
36,名臣の絆,最新資料倍率,,,,,0.70%,生命,陣法説明(6).xlsx,0.007,1,0.007,生命=配置6人生命合計×因縁倍率,陣形値=因縁値合算×陣形倍率,Σ floor(配置6人合計×因縁倍率)→floor(因縁合算×陣形倍率)
36,名臣の絆,最新資料倍率,,,,,0.98%,知力,陣法説明(6).xlsx,0.0098,1,0.0098,知力=配置6人知力合計×因縁倍率,陣形値=因縁値合算×陣形倍率,Σ floor(配置6人合計×因縁倍率)→floor(因縁合算×陣形倍率)
36,名臣の絆,最新資料倍率,,,,,0.98%,魅力,陣法説明(6).xlsx,0.0098,1,0.0098,魅力=配置6人魅力合計×因縁倍率,陣形値=因縁値合算×陣形倍率,Σ floor(配置6人合計×因縁倍率)→floor(因縁合算×陣形倍率)
37,野心家の絆,最新資料倍率,,,,,0.70%,生命,陣法説明(6).xlsx,0.007,1,0.007,生命=配置6人生命合計×因縁倍率,陣形値=因縁値合算×陣形倍率,Σ floor(配置6人合計×因縁倍率)→floor(因縁合算×陣形倍率)
37,野心家の絆,最新資料倍率,,,,,1.35%,気合,陣法説明(6).xlsx,0.0135,1,0.0135,気合=配置6人気合合計×因縁倍率,陣形値=因縁値合算×陣形倍率,Σ floor(配置6人合計×因縁倍率)→floor(因縁合算×陣形倍率)
37,野心家の絆,最新資料倍率,,,,,0.98%,知力,陣法説明(6).xlsx,0.0098,1,0.0098,知力=配置6人知力合計×因縁倍率,陣形値=因縁値合算×陣形倍率,Σ floor(配置6人合計×因縁倍率)→floor(因縁合算×陣形倍率)
38,勇将の絆,最新資料倍率,,,,,0.70%,生命,陣法説明(6).xlsx,0.007,1,0.007,生命=配置6人生命合計×因縁倍率,陣形値=因縁値合算×陣形倍率,Σ floor(配置6人合計×因縁倍率)→floor(因縁合算×陣形倍率)
38,勇将の絆,最新資料倍率,,,,,0.98%,腕力,陣法説明(6).xlsx,0.0098,1,0.0098,腕力=配置6人腕力合計×因縁倍率,陣形値=因縁値合算×陣形倍率,Σ floor(配置6人合計×因縁倍率)→floor(因縁合算×陣形倍率)
38,勇将の絆,最新資料倍率,,,,,0.98%,耐久力,陣法説明(6).xlsx,0.0098,1,0.0098,耐久力=配置6人耐久力合計×因縁倍率,陣形値=因縁値合算×陣形倍率,Σ floor(配置6人合計×因縁倍率)→floor(因縁合算×陣形倍率)
39,女傑の絆,最新資料倍率,,,,,0.70%,生命,陣法説明(6).xlsx,0.007,1,0.007,生命=配置6人生命合計×因縁倍率,陣形値=因縁値合算×陣形倍率,Σ floor(配置6人合計×因縁倍率)→floor(因縁合算×陣形倍率)
39,女傑の絆,最新資料倍率,,,,,0.98%,腕力,陣法説明(6).xlsx,0.0098,1,0.0098,腕力=配置6人腕力合計×因縁倍率,陣形値=因縁値合算×陣形倍率,Σ floor(配置6人合計×因縁倍率)→floor(因縁合算×陣形倍率)
39,女傑の絆,最新資料倍率,,,,,0.98%,魅力,陣法説明(6).xlsx,0.0098,1,0.0098,魅力=配置6人魅力合計×因縁倍率,陣形値=因縁値合算×陣形倍率,Σ floor(配置6人合計×因縁倍率)→floor(因縁合算×陣形倍率)
40,内助の功の絆,最新資料倍率,,,,,0.70%,生命,陣法説明(6).xlsx,0.007,1,0.007,生命=配置6人生命合計×因縁倍率,陣形値=因縁値合算×陣形倍率,Σ floor(配置6人合計×因縁倍率)→floor(因縁合算×陣形倍率)
40,内助の功の絆,最新資料倍率,,,,,0.98%,知力,陣法説明(6).xlsx,0.0098,1,0.0098,知力=配置6人知力合計×因縁倍率,陣形値=因縁値合算×陣形倍率,Σ floor(配置6人合計×因縁倍率)→floor(因縁合算×陣形倍率)
40,内助の功の絆,最新資料倍率,,,,,0.98%,魅力,陣法説明(6).xlsx,0.0098,1,0.0098,魅力=配置6人魅力合計×因縁倍率,陣形値=因縁値合算×陣形倍率,Σ floor(配置6人合計×因縁倍率)→floor(因縁合算×陣形倍率)
41,長寿の絆,最新資料倍率,,,,,0.70%,生命,陣法説明(6).xlsx,0.007,1,0.007,生命=配置6人生命合計×因縁倍率,陣形値=因縁値合算×陣形倍率,Σ floor(配置6人合計×因縁倍率)→floor(因縁合算×陣形倍率)
41,長寿の絆,最新資料倍率,,,,,1.35%,気合,陣法説明(6).xlsx,0.0135,1,0.0135,気合=配置6人気合合計×因縁倍率,陣形値=因縁値合算×陣形倍率,Σ floor(配置6人合計×因縁倍率)→floor(因縁合算×陣形倍率)
41,長寿の絆,最新資料倍率,,,,,0.98%,耐久力,陣法説明(6).xlsx,0.0098,1,0.0098,耐久力=配置6人耐久力合計×因縁倍率,陣形値=因縁値合算×陣形倍率,Σ floor(配置6人合計×因縁倍率)→floor(因縁合算×陣形倍率)
42,文化人の絆,最新資料倍率,,,,,0.70%,生命,陣法説明(6).xlsx,0.007,1,0.007,生命=配置6人生命合計×因縁倍率,陣形値=因縁値合算×陣形倍率,Σ floor(配置6人合計×因縁倍率)→floor(因縁合算×陣形倍率)
42,文化人の絆,最新資料倍率,,,,,0.98%,器用さ,陣法説明(6).xlsx,0.0098,1,0.0098,器用さ=配置6人器用さ合計×因縁倍率,陣形値=因縁値合算×陣形倍率,Σ floor(配置6人合計×因縁倍率)→floor(因縁合算×陣形倍率)
42,文化人の絆,最新資料倍率,,,,,0.98%,土属性,陣法説明(6).xlsx,0.0098,1,0.0098,土属性=配置6人土属性合計×因縁倍率,陣形値=因縁値合算×陣形倍率,Σ floor(配置6人合計×因縁倍率)→floor(因縁合算×陣形倍率)
42,文化人の絆,最新資料倍率,,,,,0.98%,水属性,陣法説明(6).xlsx,0.0098,1,0.0098,水属性=配置6人水属性合計×因縁倍率,陣形値=因縁値合算×陣形倍率,Σ floor(配置6人合計×因縁倍率)→floor(因縁合算×陣形倍率)
42,文化人の絆,最新資料倍率,,,,,0.98%,火属性,陣法説明(6).xlsx,0.0098,1,0.0098,火属性=配置6人火属性合計×因縁倍率,陣形値=因縁値合算×陣形倍率,Σ floor(配置6人合計×因縁倍率)→floor(因縁合算×陣形倍率)
42,文化人の絆,最新資料倍率,,,,,0.98%,風属性,陣法説明(6).xlsx,0.0098,1,0.0098,風属性=配置6人風属性合計×因縁倍率,陣形値=因縁値合算×陣形倍率,Σ floor(配置6人合計×因縁倍率)→floor(因縁合算×陣形倍率)
43,猛将の絆,最新資料倍率,,,,,0.70%,生命,陣法説明(6).xlsx,0.007,1,0.007,生命=配置6人生命合計×因縁倍率,陣形値=因縁値合算×陣形倍率,Σ floor(配置6人合計×因縁倍率)→floor(因縁合算×陣形倍率)
43,猛将の絆,最新資料倍率,,,,,1.35%,気合,陣法説明(6).xlsx,0.0135,1,0.0135,気合=配置6人気合合計×因縁倍率,陣形値=因縁値合算×陣形倍率,Σ floor(配置6人合計×因縁倍率)→floor(因縁合算×陣形倍率)
43,猛将の絆,最新資料倍率,,,,,0.98%,腕力,陣法説明(6).xlsx,0.0098,1,0.0098,腕力=配置6人腕力合計×因縁倍率,陣形値=因縁値合算×陣形倍率,Σ floor(配置6人合計×因縁倍率)→floor(因縁合算×陣形倍率)
44,外交官の絆,最新資料倍率,,,,,0.70%,生命,陣法説明(6).xlsx,0.007,1,0.007,生命=配置6人生命合計×因縁倍率,陣形値=因縁値合算×陣形倍率,Σ floor(配置6人合計×因縁倍率)→floor(因縁合算×陣形倍率)
44,外交官の絆,最新資料倍率,,,,,0.98%,器用さ,陣法説明(6).xlsx,0.0098,1,0.0098,器用さ=配置6人器用さ合計×因縁倍率,陣形値=因縁値合算×陣形倍率,Σ floor(配置6人合計×因縁倍率)→floor(因縁合算×陣形倍率)
44,外交官の絆,最新資料倍率,,,,,0.98%,魅力,陣法説明(6).xlsx,0.0098,1,0.0098,魅力=配置6人魅力合計×因縁倍率,陣形値=因縁値合算×陣形倍率,Σ floor(配置6人合計×因縁倍率)→floor(因縁合算×陣形倍率)
45,洒落者の絆,最新資料倍率,,,,,0.70%,生命,陣法説明(6).xlsx,0.007,1,0.007,生命=配置6人生命合計×因縁倍率,陣形値=因縁値合算×陣形倍率,Σ floor(配置6人合計×因縁倍率)→floor(因縁合算×陣形倍率)
45,洒落者の絆,最新資料倍率,,,,,0.98%,魅力,陣法説明(6).xlsx,0.0098,1,0.0098,魅力=配置6人魅力合計×因縁倍率,陣形値=因縁値合算×陣形倍率,Σ floor(配置6人合計×因縁倍率)→floor(因縁合算×陣形倍率)
45,洒落者の絆,最新資料倍率,,,,,0.98%,土属性,陣法説明(6).xlsx,0.0098,1,0.0098,土属性=配置6人土属性合計×因縁倍率,陣形値=因縁値合算×陣形倍率,Σ floor(配置6人合計×因縁倍率)→floor(因縁合算×陣形倍率)
45,洒落者の絆,最新資料倍率,,,,,0.98%,水属性,陣法説明(6).xlsx,0.0098,1,0.0098,水属性=配置6人水属性合計×因縁倍率,陣形値=因縁値合算×陣形倍率,Σ floor(配置6人合計×因縁倍率)→floor(因縁合算×陣形倍率)
45,洒落者の絆,最新資料倍率,,,,,0.98%,火属性,陣法説明(6).xlsx,0.0098,1,0.0098,火属性=配置6人火属性合計×因縁倍率,陣形値=因縁値合算×陣形倍率,Σ floor(配置6人合計×因縁倍率)→floor(因縁合算×陣形倍率)
45,洒落者の絆,最新資料倍率,,,,,0.98%,風属性,陣法説明(6).xlsx,0.0098,1,0.0098,風属性=配置6人風属性合計×因縁倍率,陣形値=因縁値合算×陣形倍率,Σ floor(配置6人合計×因縁倍率)→floor(因縁合算×陣形倍率)
46,鬼の絆,最新資料倍率,,,,,0.70%,生命,陣法説明(6).xlsx,0.007,1,0.007,生命=配置6人生命合計×因縁倍率,陣形値=因縁値合算×陣形倍率,Σ floor(配置6人合計×因縁倍率)→floor(因縁合算×陣形倍率)
46,鬼の絆,最新資料倍率,,,,,0.98%,腕力,陣法説明(6).xlsx,0.0098,1,0.0098,腕力=配置6人腕力合計×因縁倍率,陣形値=因縁値合算×陣形倍率,Σ floor(配置6人合計×因縁倍率)→floor(因縁合算×陣形倍率)
46,鬼の絆,最新資料倍率,,,,,0.98%,耐久力,陣法説明(6).xlsx,0.0098,1,0.0098,耐久力=配置6人耐久力合計×因縁倍率,陣形値=因縁値合算×陣形倍率,Σ floor(配置6人合計×因縁倍率)→floor(因縁合算×陣形倍率)
47,神仏の絆,最新資料倍率,,,,,0.70%,生命,陣法説明(6).xlsx,0.007,1,0.007,生命=配置6人生命合計×因縁倍率,陣形値=因縁値合算×陣形倍率,Σ floor(配置6人合計×因縁倍率)→floor(因縁合算×陣形倍率)
47,神仏の絆,最新資料倍率,,,,,0.98%,知力,陣法説明(6).xlsx,0.0098,1,0.0098,知力=配置6人知力合計×因縁倍率,陣形値=因縁値合算×陣形倍率,Σ floor(配置6人合計×因縁倍率)→floor(因縁合算×陣形倍率)
47,神仏の絆,最新資料倍率,,,,,0.98%,魅力,陣法説明(6).xlsx,0.0098,1,0.0098,魅力=配置6人魅力合計×因縁倍率,陣形値=因縁値合算×陣形倍率,Σ floor(配置6人合計×因縁倍率)→floor(因縁合算×陣形倍率)
48,世渡り,最新資料倍率,,,,,0.70%,生命,陣法説明(6).xlsx,0.007,1,0.007,生命=配置6人生命合計×因縁倍率,陣形値=因縁値合算×陣形倍率,Σ floor(配置6人合計×因縁倍率)→floor(因縁合算×陣形倍率)
48,世渡り,最新資料倍率,,,,,1.35%,気合,陣法説明(6).xlsx,0.0135,1,0.0135,気合=配置6人気合合計×因縁倍率,陣形値=因縁値合算×陣形倍率,Σ floor(配置6人合計×因縁倍率)→floor(因縁合算×陣形倍率)
48,世渡り,最新資料倍率,,,,,0.98%,魅力,陣法説明(6).xlsx,0.0098,1,0.0098,魅力=配置6人魅力合計×因縁倍率,陣形値=因縁値合算×陣形倍率,Σ floor(配置6人合計×因縁倍率)→floor(因縁合算×陣形倍率)
49,飛道具,最新資料倍率,,,,,0.70%,生命,陣法説明(6).xlsx,0.007,1,0.007,生命=配置6人生命合計×因縁倍率,陣形値=因縁値合算×陣形倍率,Σ floor(配置6人合計×因縁倍率)→floor(因縁合算×陣形倍率)
49,飛道具,最新資料倍率,,,,,0.98%,腕力,陣法説明(6).xlsx,0.0098,1,0.0098,腕力=配置6人腕力合計×因縁倍率,陣形値=因縁値合算×陣形倍率,Σ floor(配置6人合計×因縁倍率)→floor(因縁合算×陣形倍率)
49,飛道具,最新資料倍率,,,,,0.98%,器用さ,陣法説明(6).xlsx,0.0098,1,0.0098,器用さ=配置6人器用さ合計×因縁倍率,陣形値=因縁値合算×陣形倍率,Σ floor(配置6人合計×因縁倍率)→floor(因縁合算×陣形倍率)
50,もののふ,最新資料倍率,,,,,0.70%,生命,陣法説明(6).xlsx,0.007,1,0.007,生命=配置6人生命合計×因縁倍率,陣形値=因縁値合算×陣形倍率,Σ floor(配置6人合計×因縁倍率)→floor(因縁合算×陣形倍率)
50,もののふ,最新資料倍率,,,,,0.98%,腕力,陣法説明(6).xlsx,0.0098,1,0.0098,腕力=配置6人腕力合計×因縁倍率,陣形値=因縁値合算×陣形倍率,Σ floor(配置6人合計×因縁倍率)→floor(因縁合算×陣形倍率)
50,もののふ,最新資料倍率,,,,,0.48%,耐久力,陣法説明(6).xlsx,0.0048,1,0.0048,耐久力=配置6人耐久力合計×因縁倍率,陣形値=因縁値合算×陣形倍率,Σ floor(配置6人合計×因縁倍率)→floor(因縁合算×陣形倍率)
50,もののふ,最新資料倍率,,,,,0.48%,器用さ,陣法説明(6).xlsx,0.0048,1,0.0048,器用さ=配置6人器用さ合計×因縁倍率,陣形値=因縁値合算×陣形倍率,Σ floor(配置6人合計×因縁倍率)→floor(因縁合算×陣形倍率)
51,立役者,最新資料倍率,,,,,0.70%,生命,陣法説明(6).xlsx,0.007,1,0.007,生命=配置6人生命合計×因縁倍率,陣形値=因縁値合算×陣形倍率,Σ floor(配置6人合計×因縁倍率)→floor(因縁合算×陣形倍率)
51,立役者,最新資料倍率,,,,,0.98%,知力,陣法説明(6).xlsx,0.0098,1,0.0098,知力=配置6人知力合計×因縁倍率,陣形値=因縁値合算×陣形倍率,Σ floor(配置6人合計×因縁倍率)→floor(因縁合算×陣形倍率)
51,立役者,最新資料倍率,,,,,0.48%,魅力,陣法説明(6).xlsx,0.0048,1,0.0048,魅力=配置6人魅力合計×因縁倍率,陣形値=因縁値合算×陣形倍率,Σ floor(配置6人合計×因縁倍率)→floor(因縁合算×陣形倍率)
51,立役者,最新資料倍率,,,,,0.48%,土属性,陣法説明(6).xlsx,0.0048,1,0.0048,土属性=配置6人土属性合計×因縁倍率,陣形値=因縁値合算×陣形倍率,Σ floor(配置6人合計×因縁倍率)→floor(因縁合算×陣形倍率)
51,立役者,最新資料倍率,,,,,0.48%,水属性,陣法説明(6).xlsx,0.0048,1,0.0048,水属性=配置6人水属性合計×因縁倍率,陣形値=因縁値合算×陣形倍率,Σ floor(配置6人合計×因縁倍率)→floor(因縁合算×陣形倍率)
51,立役者,最新資料倍率,,,,,0.48%,火属性,陣法説明(6).xlsx,0.0048,1,0.0048,火属性=配置6人火属性合計×因縁倍率,陣形値=因縁値合算×陣形倍率,Σ floor(配置6人合計×因縁倍率)→floor(因縁合算×陣形倍率)
51,立役者,最新資料倍率,,,,,0.48%,風属性,陣法説明(6).xlsx,0.0048,1,0.0048,風属性=配置6人風属性合計×因縁倍率,陣形値=因縁値合算×陣形倍率,Σ floor(配置6人合計×因縁倍率)→floor(因縁合算×陣形倍率)
52,謀略家,最新資料倍率,,,,,0.70%,生命,陣法説明(6).xlsx,0.007,1,0.007,生命=配置6人生命合計×因縁倍率,陣形値=因縁値合算×陣形倍率,Σ floor(配置6人合計×因縁倍率)→floor(因縁合算×陣形倍率)
52,謀略家,最新資料倍率,,,,,0.48%,腕力,陣法説明(6).xlsx,0.0048,1,0.0048,腕力=配置6人腕力合計×因縁倍率,陣形値=因縁値合算×陣形倍率,Σ floor(配置6人合計×因縁倍率)→floor(因縁合算×陣形倍率)
52,謀略家,最新資料倍率,,,,,0.98%,知力,陣法説明(6).xlsx,0.0098,1,0.0098,知力=配置6人知力合計×因縁倍率,陣形値=因縁値合算×陣形倍率,Σ floor(配置6人合計×因縁倍率)→floor(因縁合算×陣形倍率)
52,謀略家,最新資料倍率,,,,,0.48%,土属性,陣法説明(6).xlsx,0.0048,1,0.0048,土属性=配置6人土属性合計×因縁倍率,陣形値=因縁値合算×陣形倍率,Σ floor(配置6人合計×因縁倍率)→floor(因縁合算×陣形倍率)
52,謀略家,最新資料倍率,,,,,0.48%,水属性,陣法説明(6).xlsx,0.0048,1,0.0048,水属性=配置6人水属性合計×因縁倍率,陣形値=因縁値合算×陣形倍率,Σ floor(配置6人合計×因縁倍率)→floor(因縁合算×陣形倍率)
52,謀略家,最新資料倍率,,,,,0.48%,火属性,陣法説明(6).xlsx,0.0048,1,0.0048,火属性=配置6人火属性合計×因縁倍率,陣形値=因縁値合算×陣形倍率,Σ floor(配置6人合計×因縁倍率)→floor(因縁合算×陣形倍率)
52,謀略家,最新資料倍率,,,,,0.48%,風属性,陣法説明(6).xlsx,0.0048,1,0.0048,風属性=配置6人風属性合計×因縁倍率,陣形値=因縁値合算×陣形倍率,Σ floor(配置6人合計×因縁倍率)→floor(因縁合算×陣形倍率)
53,戦場の華,最新資料倍率,,,,,0.70%,生命,陣法説明(6).xlsx,0.007,1,0.007,生命=配置6人生命合計×因縁倍率,陣形値=因縁値合算×陣形倍率,Σ floor(配置6人合計×因縁倍率)→floor(因縁合算×陣形倍率)
53,戦場の華,最新資料倍率,,,,,0.48%,腕力,陣法説明(6).xlsx,0.0048,1,0.0048,腕力=配置6人腕力合計×因縁倍率,陣形値=因縁値合算×陣形倍率,Σ floor(配置6人合計×因縁倍率)→floor(因縁合算×陣形倍率)
53,戦場の華,最新資料倍率,,,,,0.48%,知力,陣法説明(6).xlsx,0.0048,1,0.0048,知力=配置6人知力合計×因縁倍率,陣形値=因縁値合算×陣形倍率,Σ floor(配置6人合計×因縁倍率)→floor(因縁合算×陣形倍率)
53,戦場の華,最新資料倍率,,,,,0.98%,魅力,陣法説明(6).xlsx,0.0098,1,0.0098,魅力=配置6人魅力合計×因縁倍率,陣形値=因縁値合算×陣形倍率,Σ floor(配置6人合計×因縁倍率)→floor(因縁合算×陣形倍率)
54,影の者,最新資料倍率,,,,,0.70%,生命,陣法説明(6).xlsx,0.007,1,0.007,生命=配置6人生命合計×因縁倍率,陣形値=因縁値合算×陣形倍率,Σ floor(配置6人合計×因縁倍率)→floor(因縁合算×陣形倍率)
54,影の者,最新資料倍率,,,,,0.68%,気合,陣法説明(6).xlsx,0.0068,1,0.0068,気合=配置6人気合合計×因縁倍率,陣形値=因縁値合算×陣形倍率,Σ floor(配置6人合計×因縁倍率)→floor(因縁合算×陣形倍率)
54,影の者,最新資料倍率,,,,,0.98%,器用さ,陣法説明(6).xlsx,0.0098,1,0.0098,器用さ=配置6人器用さ合計×因縁倍率,陣形値=因縁値合算×陣形倍率,Σ floor(配置6人合計×因縁倍率)→floor(因縁合算×陣形倍率)
54,影の者,最新資料倍率,,,,,0.48%,魅力,陣法説明(6).xlsx,0.0048,1,0.0048,魅力=配置6人魅力合計×因縁倍率,陣形値=因縁値合算×陣形倍率,Σ floor(配置6人合計×因縁倍率)→floor(因縁合算×陣形倍率)
55,文明開化,最新資料倍率,,,,,0.70%,生命,陣法説明(6).xlsx,0.007,1,0.007,生命=配置6人生命合計×因縁倍率,陣形値=因縁値合算×陣形倍率,Σ floor(配置6人合計×因縁倍率)→floor(因縁合算×陣形倍率)
55,文明開化,最新資料倍率,,,,,0.66%,知力,陣法説明(6).xlsx,0.0066,1,0.0066,知力=配置6人知力合計×因縁倍率,陣形値=因縁値合算×陣形倍率,Σ floor(配置6人合計×因縁倍率)→floor(因縁合算×陣形倍率)
55,文明開化,最新資料倍率,,,,,0.66%,魅力,陣法説明(6).xlsx,0.0066,1,0.0066,魅力=配置6人魅力合計×因縁倍率,陣形値=因縁値合算×陣形倍率,Σ floor(配置6人合計×因縁倍率)→floor(因縁合算×陣形倍率)
55,文明開化,最新資料倍率,,,,,0.66%,土属性,陣法説明(6).xlsx,0.0066,1,0.0066,土属性=配置6人土属性合計×因縁倍率,陣形値=因縁値合算×陣形倍率,Σ floor(配置6人合計×因縁倍率)→floor(因縁合算×陣形倍率)
55,文明開化,最新資料倍率,,,,,0.66%,水属性,陣法説明(6).xlsx,0.0066,1,0.0066,水属性=配置6人水属性合計×因縁倍率,陣形値=因縁値合算×陣形倍率,Σ floor(配置6人合計×因縁倍率)→floor(因縁合算×陣形倍率)
55,文明開化,最新資料倍率,,,,,0.66%,火属性,陣法説明(6).xlsx,0.0066,1,0.0066,火属性=配置6人火属性合計×因縁倍率,陣形値=因縁値合算×陣形倍率,Σ floor(配置6人合計×因縁倍率)→floor(因縁合算×陣形倍率)
55,文明開化,最新資料倍率,,,,,0.66%,風属性,陣法説明(6).xlsx,0.0066,1,0.0066,風属性=配置6人風属性合計×因縁倍率,陣形値=因縁値合算×陣形倍率,Σ floor(配置6人合計×因縁倍率)→floor(因縁合算×陣形倍率)
56,豪傑,最新資料倍率,,,,,0.70%,生命,陣法説明(6).xlsx,0.007,1,0.007,生命=配置6人生命合計×因縁倍率,陣形値=因縁値合算×陣形倍率,Σ floor(配置6人合計×因縁倍率)→floor(因縁合算×陣形倍率)
56,豪傑,最新資料倍率,,,,,0.68%,気合,陣法説明(6).xlsx,0.0068,1,0.0068,気合=配置6人気合合計×因縁倍率,陣形値=因縁値合算×陣形倍率,Σ floor(配置6人合計×因縁倍率)→floor(因縁合算×陣形倍率)
56,豪傑,最新資料倍率,,,,,0.98%,腕力,陣法説明(6).xlsx,0.0098,1,0.0098,腕力=配置6人腕力合計×因縁倍率,陣形値=因縁値合算×陣形倍率,Σ floor(配置6人合計×因縁倍率)→floor(因縁合算×陣形倍率)
56,豪傑,最新資料倍率,,,,,0.48%,器用さ,陣法説明(6).xlsx,0.0048,1,0.0048,器用さ=配置6人器用さ合計×因縁倍率,陣形値=因縁値合算×陣形倍率,Σ floor(配置6人合計×因縁倍率)→floor(因縁合算×陣形倍率)
57,奇襲,最新資料倍率,,,,,0.70%,生命,陣法説明(6).xlsx,0.007,1,0.007,生命=配置6人生命合計×因縁倍率,陣形値=因縁値合算×陣形倍率,Σ floor(配置6人合計×因縁倍率)→floor(因縁合算×陣形倍率)
57,奇襲,最新資料倍率,,,,,0.48%,腕力,陣法説明(6).xlsx,0.0048,1,0.0048,腕力=配置6人腕力合計×因縁倍率,陣形値=因縁値合算×陣形倍率,Σ floor(配置6人合計×因縁倍率)→floor(因縁合算×陣形倍率)
57,奇襲,最新資料倍率,,,,,0.98%,器用さ,陣法説明(6).xlsx,0.0098,1,0.0098,器用さ=配置6人器用さ合計×因縁倍率,陣形値=因縁値合算×陣形倍率,Σ floor(配置6人合計×因縁倍率)→floor(因縁合算×陣形倍率)
57,奇襲,最新資料倍率,,,,,0.48%,土属性,陣法説明(6).xlsx,0.0048,1,0.0048,土属性=配置6人土属性合計×因縁倍率,陣形値=因縁値合算×陣形倍率,Σ floor(配置6人合計×因縁倍率)→floor(因縁合算×陣形倍率)
57,奇襲,最新資料倍率,,,,,0.48%,水属性,陣法説明(6).xlsx,0.0048,1,0.0048,水属性=配置6人水属性合計×因縁倍率,陣形値=因縁値合算×陣形倍率,Σ floor(配置6人合計×因縁倍率)→floor(因縁合算×陣形倍率)
57,奇襲,最新資料倍率,,,,,0.48%,火属性,陣法説明(6).xlsx,0.0048,1,0.0048,火属性=配置6人火属性合計×因縁倍率,陣形値=因縁値合算×陣形倍率,Σ floor(配置6人合計×因縁倍率)→floor(因縁合算×陣形倍率)
57,奇襲,最新資料倍率,,,,,0.48%,風属性,陣法説明(6).xlsx,0.0048,1,0.0048,風属性=配置6人風属性合計×因縁倍率,陣形値=因縁値合算×陣形倍率,Σ floor(配置6人合計×因縁倍率)→floor(因縁合算×陣形倍率)
58,健康第一,最新資料倍率,,,,,0.70%,生命,陣法説明(6).xlsx,0.007,1,0.007,生命=配置6人生命合計×因縁倍率,陣形値=因縁値合算×陣形倍率,Σ floor(配置6人合計×因縁倍率)→floor(因縁合算×陣形倍率)
58,健康第一,最新資料倍率,,,,,0.90%,気合,陣法説明(6).xlsx,0.009,1,0.009,気合=配置6人気合合計×因縁倍率,陣形値=因縁値合算×陣形倍率,Σ floor(配置6人合計×因縁倍率)→floor(因縁合算×陣形倍率)
58,健康第一,最新資料倍率,,,,,0.66%,耐久力,陣法説明(6).xlsx,0.0066,1,0.0066,耐久力=配置6人耐久力合計×因縁倍率,陣形値=因縁値合算×陣形倍率,Σ floor(配置6人合計×因縁倍率)→floor(因縁合算×陣形倍率)
58,健康第一,最新資料倍率,,,,,0.66%,知力,陣法説明(6).xlsx,0.0066,1,0.0066,知力=配置6人知力合計×因縁倍率,陣形値=因縁値合算×陣形倍率,Σ floor(配置6人合計×因縁倍率)→floor(因縁合算×陣形倍率)
59,籠城名人,最新資料倍率,,,,,0.70%,生命,陣法説明(6).xlsx,0.007,1,0.007,生命=配置6人生命合計×因縁倍率,陣形値=因縁値合算×陣形倍率,Σ floor(配置6人合計×因縁倍率)→floor(因縁合算×陣形倍率)
59,籠城名人,最新資料倍率,,,,,0.98%,耐久力,陣法説明(6).xlsx,0.0098,1,0.0098,耐久力=配置6人耐久力合計×因縁倍率,陣形値=因縁値合算×陣形倍率,Σ floor(配置6人合計×因縁倍率)→floor(因縁合算×陣形倍率)
59,籠城名人,最新資料倍率,,,,,0.48%,器用さ,陣法説明(6).xlsx,0.0048,1,0.0048,器用さ=配置6人器用さ合計×因縁倍率,陣形値=因縁値合算×陣形倍率,Σ floor(配置6人合計×因縁倍率)→floor(因縁合算×陣形倍率)
59,籠城名人,最新資料倍率,,,,,0.48%,知力,陣法説明(6).xlsx,0.0048,1,0.0048,知力=配置6人知力合計×因縁倍率,陣形値=因縁値合算×陣形倍率,Σ floor(配置6人合計×因縁倍率)→floor(因縁合算×陣形倍率)
60,老練闘将,最新資料倍率,,,,,0.70%,生命,陣法説明(6).xlsx,0.007,1,0.007,生命=配置6人生命合計×因縁倍率,陣形値=因縁値合算×陣形倍率,Σ floor(配置6人合計×因縁倍率)→floor(因縁合算×陣形倍率)
60,老練闘将,最新資料倍率,,,,,1.35%,気合,陣法説明(6).xlsx,0.0135,1,0.0135,気合=配置6人気合合計×因縁倍率,陣形値=因縁値合算×陣形倍率,Σ floor(配置6人合計×因縁倍率)→floor(因縁合算×陣形倍率)
60,老練闘将,最新資料倍率,,,,,0.50%,腕力,陣法説明(6).xlsx,0.005,1,0.005,腕力=配置6人腕力合計×因縁倍率,陣形値=因縁値合算×陣形倍率,Σ floor(配置6人合計×因縁倍率)→floor(因縁合算×陣形倍率)
60,老練闘将,最新資料倍率,,,,,0.50%,知力,陣法説明(6).xlsx,0.005,1,0.005,知力=配置6人知力合計×因縁倍率,陣形値=因縁値合算×陣形倍率,Σ floor(配置6人合計×因縁倍率)→floor(因縁合算×陣形倍率)
61,一気呵成,最新資料倍率,,,,,0.70%,生命,陣法説明(6).xlsx,0.007,1,0.007,生命=配置6人生命合計×因縁倍率,陣形値=因縁値合算×陣形倍率,Σ floor(配置6人合計×因縁倍率)→floor(因縁合算×陣形倍率)
61,一気呵成,最新資料倍率,,,,,1.32%,腕力,陣法説明(6).xlsx,0.0132,1,0.0132,腕力=配置6人腕力合計×因縁倍率,陣形値=因縁値合算×陣形倍率,Σ floor(配置6人合計×因縁倍率)→floor(因縁合算×陣形倍率)
61,一気呵成,最新資料倍率,,,,,0.50%,器用さ,陣法説明(6).xlsx,0.005,1,0.005,器用さ=配置6人器用さ合計×因縁倍率,陣形値=因縁値合算×陣形倍率,Σ floor(配置6人合計×因縁倍率)→floor(因縁合算×陣形倍率)
61,一気呵成,最新資料倍率,,,,,0.50%,魅力,陣法説明(6).xlsx,0.005,1,0.005,魅力=配置6人魅力合計×因縁倍率,陣形値=因縁値合算×陣形倍率,Σ floor(配置6人合計×因縁倍率)→floor(因縁合算×陣形倍率)
62,泰然自若,最新資料倍率,,,,,0.70%,生命,陣法説明(6).xlsx,0.007,1,0.007,生命=配置6人生命合計×因縁倍率,陣形値=因縁値合算×陣形倍率,Σ floor(配置6人合計×因縁倍率)→floor(因縁合算×陣形倍率)
62,泰然自若,最新資料倍率,,,,,1.32%,耐久力,陣法説明(6).xlsx,0.0132,1,0.0132,耐久力=配置6人耐久力合計×因縁倍率,陣形値=因縁値合算×陣形倍率,Σ floor(配置6人合計×因縁倍率)→floor(因縁合算×陣形倍率)
62,泰然自若,最新資料倍率,,,,,0.50%,魅力,陣法説明(6).xlsx,0.005,1,0.005,魅力=配置6人魅力合計×因縁倍率,陣形値=因縁値合算×陣形倍率,Σ floor(配置6人合計×因縁倍率)→floor(因縁合算×陣形倍率)
62,泰然自若,最新資料倍率,,,,,0.50%,土属性,陣法説明(6).xlsx,0.005,1,0.005,土属性=配置6人土属性合計×因縁倍率,陣形値=因縁値合算×陣形倍率,Σ floor(配置6人合計×因縁倍率)→floor(因縁合算×陣形倍率)
62,泰然自若,最新資料倍率,,,,,0.50%,水属性,陣法説明(6).xlsx,0.005,1,0.005,水属性=配置6人水属性合計×因縁倍率,陣形値=因縁値合算×陣形倍率,Σ floor(配置6人合計×因縁倍率)→floor(因縁合算×陣形倍率)
62,泰然自若,最新資料倍率,,,,,0.50%,火属性,陣法説明(6).xlsx,0.005,1,0.005,火属性=配置6人火属性合計×因縁倍率,陣形値=因縁値合算×陣形倍率,Σ floor(配置6人合計×因縁倍率)→floor(因縁合算×陣形倍率)
62,泰然自若,最新資料倍率,,,,,0.50%,風属性,陣法説明(6).xlsx,0.005,1,0.005,風属性=配置6人風属性合計×因縁倍率,陣形値=因縁値合算×陣形倍率,Σ floor(配置6人合計×因縁倍率)→floor(因縁合算×陣形倍率)
63,技巧伝承,最新資料倍率,,,,,0.70%,生命,陣法説明(6).xlsx,0.007,1,0.007,生命=配置6人生命合計×因縁倍率,陣形値=因縁値合算×陣形倍率,Σ floor(配置6人合計×因縁倍率)→floor(因縁合算×陣形倍率)
63,技巧伝承,最新資料倍率,,,,,1.32%,器用さ,陣法説明(6).xlsx,0.0132,1,0.0132,器用さ=配置6人器用さ合計×因縁倍率,陣形値=因縁値合算×陣形倍率,Σ floor(配置6人合計×因縁倍率)→floor(因縁合算×陣形倍率)
63,技巧伝承,最新資料倍率,,,,,0.50%,魅力,陣法説明(6).xlsx,0.005,1,0.005,魅力=配置6人魅力合計×因縁倍率,陣形値=因縁値合算×陣形倍率,Σ floor(配置6人合計×因縁倍率)→floor(因縁合算×陣形倍率)
63,技巧伝承,最新資料倍率,,,,,0.50%,土属性,陣法説明(6).xlsx,0.005,1,0.005,土属性=配置6人土属性合計×因縁倍率,陣形値=因縁値合算×陣形倍率,Σ floor(配置6人合計×因縁倍率)→floor(因縁合算×陣形倍率)
63,技巧伝承,最新資料倍率,,,,,0.50%,水属性,陣法説明(6).xlsx,0.005,1,0.005,水属性=配置6人水属性合計×因縁倍率,陣形値=因縁値合算×陣形倍率,Σ floor(配置6人合計×因縁倍率)→floor(因縁合算×陣形倍率)
63,技巧伝承,最新資料倍率,,,,,0.50%,火属性,陣法説明(6).xlsx,0.005,1,0.005,火属性=配置6人火属性合計×因縁倍率,陣形値=因縁値合算×陣形倍率,Σ floor(配置6人合計×因縁倍率)→floor(因縁合算×陣形倍率)
63,技巧伝承,最新資料倍率,,,,,0.50%,風属性,陣法説明(6).xlsx,0.005,1,0.005,風属性=配置6人風属性合計×因縁倍率,陣形値=因縁値合算×陣形倍率,Σ floor(配置6人合計×因縁倍率)→floor(因縁合算×陣形倍率)
64,才気煥発,最新資料倍率,,,,,0.70%,生命,陣法説明(6).xlsx,0.007,1,0.007,生命=配置6人生命合計×因縁倍率,陣形値=因縁値合算×陣形倍率,Σ floor(配置6人合計×因縁倍率)→floor(因縁合算×陣形倍率)
64,才気煥発,最新資料倍率,,,,,0.68%,気合,陣法説明(6).xlsx,0.0068,1,0.0068,気合=配置6人気合合計×因縁倍率,陣形値=因縁値合算×陣形倍率,Σ floor(配置6人合計×因縁倍率)→floor(因縁合算×陣形倍率)
64,才気煥発,最新資料倍率,,,,,1.32%,知力,陣法説明(6).xlsx,0.0132,1,0.0132,知力=配置6人知力合計×因縁倍率,陣形値=因縁値合算×陣形倍率,Σ floor(配置6人合計×因縁倍率)→floor(因縁合算×陣形倍率)
64,才気煥発,最新資料倍率,,,,,0.50%,魅力,陣法説明(6).xlsx,0.005,1,0.005,魅力=配置6人魅力合計×因縁倍率,陣形値=因縁値合算×陣形倍率,Σ floor(配置6人合計×因縁倍率)→floor(因縁合算×陣形倍率)
65,王佐之才,最新資料倍率,,,,,0.70%,生命,陣法説明(6).xlsx,0.007,1,0.007,生命=配置6人生命合計×因縁倍率,陣形値=因縁値合算×陣形倍率,Σ floor(配置6人合計×因縁倍率)→floor(因縁合算×陣形倍率)
65,王佐之才,最新資料倍率,,,,,0.50%,耐久力,陣法説明(6).xlsx,0.005,1,0.005,耐久力=配置6人耐久力合計×因縁倍率,陣形値=因縁値合算×陣形倍率,Σ floor(配置6人合計×因縁倍率)→floor(因縁合算×陣形倍率)
65,王佐之才,最新資料倍率,,,,,1.32%,魅力,陣法説明(6).xlsx,0.0132,1,0.0132,魅力=配置6人魅力合計×因縁倍率,陣形値=因縁値合算×陣形倍率,Σ floor(配置6人合計×因縁倍率)→floor(因縁合算×陣形倍率)
65,王佐之才,最新資料倍率,,,,,0.50%,土属性,陣法説明(6).xlsx,0.005,1,0.005,土属性=配置6人土属性合計×因縁倍率,陣形値=因縁値合算×陣形倍率,Σ floor(配置6人合計×因縁倍率)→floor(因縁合算×陣形倍率)
65,王佐之才,最新資料倍率,,,,,0.50%,水属性,陣法説明(6).xlsx,0.005,1,0.005,水属性=配置6人水属性合計×因縁倍率,陣形値=因縁値合算×陣形倍率,Σ floor(配置6人合計×因縁倍率)→floor(因縁合算×陣形倍率)
65,王佐之才,最新資料倍率,,,,,0.50%,火属性,陣法説明(6).xlsx,0.005,1,0.005,火属性=配置6人火属性合計×因縁倍率,陣形値=因縁値合算×陣形倍率,Σ floor(配置6人合計×因縁倍率)→floor(因縁合算×陣形倍率)
65,王佐之才,最新資料倍率,,,,,0.50%,風属性,陣法説明(6).xlsx,0.005,1,0.005,風属性=配置6人風属性合計×因縁倍率,陣形値=因縁値合算×陣形倍率,Σ floor(配置6人合計×因縁倍率)→floor(因縁合算×陣形倍率)
66,流行創出,最新資料倍率,,,,,0.70%,生命,陣法説明(6).xlsx,0.007,1,0.007,生命=配置6人生命合計×因縁倍率,陣形値=因縁値合算×陣形倍率,Σ floor(配置6人合計×因縁倍率)→floor(因縁合算×陣形倍率)
66,流行創出,最新資料倍率,,,,,0.68%,気合,陣法説明(6).xlsx,0.0068,1,0.0068,気合=配置6人気合合計×因縁倍率,陣形値=因縁値合算×陣形倍率,Σ floor(配置6人合計×因縁倍率)→floor(因縁合算×陣形倍率)
66,流行創出,最新資料倍率,,,,,0.50%,知力,陣法説明(6).xlsx,0.005,1,0.005,知力=配置6人知力合計×因縁倍率,陣形値=因縁値合算×陣形倍率,Σ floor(配置6人合計×因縁倍率)→floor(因縁合算×陣形倍率)
66,流行創出,最新資料倍率,,,,,1.32%,土属性,陣法説明(6).xlsx,0.0132,1,0.0132,土属性=配置6人土属性合計×因縁倍率,陣形値=因縁値合算×陣形倍率,Σ floor(配置6人合計×因縁倍率)→floor(因縁合算×陣形倍率)
66,流行創出,最新資料倍率,,,,,1.32%,水属性,陣法説明(6).xlsx,0.0132,1,0.0132,水属性=配置6人水属性合計×因縁倍率,陣形値=因縁値合算×陣形倍率,Σ floor(配置6人合計×因縁倍率)→floor(因縁合算×陣形倍率)
66,流行創出,最新資料倍率,,,,,1.32%,火属性,陣法説明(6).xlsx,0.0132,1,0.0132,火属性=配置6人火属性合計×因縁倍率,陣形値=因縁値合算×陣形倍率,Σ floor(配置6人合計×因縁倍率)→floor(因縁合算×陣形倍率)
66,流行創出,最新資料倍率,,,,,1.32%,風属性,陣法説明(6).xlsx,0.0132,1,0.0132,風属性=配置6人風属性合計×因縁倍率,陣形値=因縁値合算×陣形倍率,Σ floor(配置6人合計×因縁倍率)→floor(因縁合算×陣形倍率)
67,知勇兼備,最新資料倍率,,,,,0.70%,生命,陣法説明(6).xlsx,0.007,1,0.007,生命=配置6人生命合計×因縁倍率,陣形値=因縁値合算×陣形倍率,Σ floor(配置6人合計×因縁倍率)→floor(因縁合算×陣形倍率)
67,知勇兼備,最新資料倍率,,,,,0.60%,気合,陣法説明(6).xlsx,0.006,1,0.006,気合=配置6人気合合計×因縁倍率,陣形値=因縁値合算×陣形倍率,Σ floor(配置6人合計×因縁倍率)→floor(因縁合算×陣形倍率)
67,知勇兼備,最新資料倍率,,,,,0.44%,腕力,陣法説明(6).xlsx,0.0044,1,0.0044,腕力=配置6人腕力合計×因縁倍率,陣形値=因縁値合算×陣形倍率,Σ floor(配置6人合計×因縁倍率)→floor(因縁合算×陣形倍率)
67,知勇兼備,最新資料倍率,,,,,0.44%,耐久力,陣法説明(6).xlsx,0.0044,1,0.0044,耐久力=配置6人耐久力合計×因縁倍率,陣形値=因縁値合算×陣形倍率,Σ floor(配置6人合計×因縁倍率)→floor(因縁合算×陣形倍率)
67,知勇兼備,最新資料倍率,,,,,0.44%,器用さ,陣法説明(6).xlsx,0.0044,1,0.0044,器用さ=配置6人器用さ合計×因縁倍率,陣形値=因縁値合算×陣形倍率,Σ floor(配置6人合計×因縁倍率)→floor(因縁合算×陣形倍率)
67,知勇兼備,最新資料倍率,,,,,0.44%,知力,陣法説明(6).xlsx,0.0044,1,0.0044,知力=配置6人知力合計×因縁倍率,陣形値=因縁値合算×陣形倍率,Σ floor(配置6人合計×因縁倍率)→floor(因縁合算×陣形倍率)
67,知勇兼備,最新資料倍率,,,,,0.44%,魅力,陣法説明(6).xlsx,0.0044,1,0.0044,魅力=配置6人魅力合計×因縁倍率,陣形値=因縁値合算×陣形倍率,Σ floor(配置6人合計×因縁倍率)→floor(因縁合算×陣形倍率)
67,知勇兼備,最新資料倍率,,,,,0.44%,土属性,陣法説明(6).xlsx,0.0044,1,0.0044,土属性=配置6人土属性合計×因縁倍率,陣形値=因縁値合算×陣形倍率,Σ floor(配置6人合計×因縁倍率)→floor(因縁合算×陣形倍率)
67,知勇兼備,最新資料倍率,,,,,0.44%,水属性,陣法説明(6).xlsx,0.0044,1,0.0044,水属性=配置6人水属性合計×因縁倍率,陣形値=因縁値合算×陣形倍率,Σ floor(配置6人合計×因縁倍率)→floor(因縁合算×陣形倍率)
67,知勇兼備,最新資料倍率,,,,,0.44%,火属性,陣法説明(6).xlsx,0.0044,1,0.0044,火属性=配置6人火属性合計×因縁倍率,陣形値=因縁値合算×陣形倍率,Σ floor(配置6人合計×因縁倍率)→floor(因縁合算×陣形倍率)
67,知勇兼備,最新資料倍率,,,,,0.44%,風属性,陣法説明(6).xlsx,0.0044,1,0.0044,風属性=配置6人風属性合計×因縁倍率,陣形値=因縁値合算×陣形倍率,Σ floor(配置6人合計×因縁倍率)→floor(因縁合算×陣形倍率)
68,山紫水明,最新資料倍率,,,,,0.77%,生命,陣法説明(6).xlsx,0.0077,1,0.0077,生命=配置6人生命合計×因縁倍率,陣形値=因縁値合算×陣形倍率,Σ floor(配置6人合計×因縁倍率)→floor(因縁合算×陣形倍率)
68,山紫水明,最新資料倍率,,,,,0.22%,器用さ,陣法説明(6).xlsx,0.0022,1,0.0022,器用さ=配置6人器用さ合計×因縁倍率,陣形値=因縁値合算×陣形倍率,Σ floor(配置6人合計×因縁倍率)→floor(因縁合算×陣形倍率)
68,山紫水明,最新資料倍率,,,,,0.82%,知力,陣法説明(6).xlsx,0.0082,1,0.0082,知力=配置6人知力合計×因縁倍率,陣形値=因縁値合算×陣形倍率,Σ floor(配置6人合計×因縁倍率)→floor(因縁合算×陣形倍率)
68,山紫水明,最新資料倍率,,,,,0.82%,土属性,陣法説明(6).xlsx,0.0082,1,0.0082,土属性=配置6人土属性合計×因縁倍率,陣形値=因縁値合算×陣形倍率,Σ floor(配置6人合計×因縁倍率)→floor(因縁合算×陣形倍率)
68,山紫水明,最新資料倍率,,,,,0.82%,水属性,陣法説明(6).xlsx,0.0082,1,0.0082,水属性=配置6人水属性合計×因縁倍率,陣形値=因縁値合算×陣形倍率,Σ floor(配置6人合計×因縁倍率)→floor(因縁合算×陣形倍率)
68,山紫水明,最新資料倍率,,,,,0.82%,火属性,陣法説明(6).xlsx,0.0082,1,0.0082,火属性=配置6人火属性合計×因縁倍率,陣形値=因縁値合算×陣形倍率,Σ floor(配置6人合計×因縁倍率)→floor(因縁合算×陣形倍率)
68,山紫水明,最新資料倍率,,,,,0.82%,風属性,陣法説明(6).xlsx,0.0082,1,0.0082,風属性=配置6人風属性合計×因縁倍率,陣形値=因縁値合算×陣形倍率,Σ floor(配置6人合計×因縁倍率)→floor(因縁合算×陣形倍率)
69,硝煙弾雨,最新資料倍率,,,,,0.77%,生命,陣法説明(6).xlsx,0.0077,1,0.0077,生命=配置6人生命合計×因縁倍率,陣形値=因縁値合算×陣形倍率,Σ floor(配置6人合計×因縁倍率)→floor(因縁合算×陣形倍率)
69,硝煙弾雨,最新資料倍率,,,,,1.13%,気合,陣法説明(6).xlsx,0.0113,1,0.0113,気合=配置6人気合合計×因縁倍率,陣形値=因縁値合算×陣形倍率,Σ floor(配置6人合計×因縁倍率)→floor(因縁合算×陣形倍率)
69,硝煙弾雨,最新資料倍率,,,,,0.22%,腕力,陣法説明(6).xlsx,0.0022,1,0.0022,腕力=配置6人腕力合計×因縁倍率,陣形値=因縁値合算×陣形倍率,Σ floor(配置6人合計×因縁倍率)→floor(因縁合算×陣形倍率)
69,硝煙弾雨,最新資料倍率,,,,,0.82%,器用さ,陣法説明(6).xlsx,0.0082,1,0.0082,器用さ=配置6人器用さ合計×因縁倍率,陣形値=因縁値合算×陣形倍率,Σ floor(配置6人合計×因縁倍率)→floor(因縁合算×陣形倍率)
70,生殺与奪,最新資料倍率,,,,,0.77%,生命,陣法説明(6).xlsx,0.0077,1,0.0077,生命=配置6人生命合計×因縁倍率,陣形値=因縁値合算×陣形倍率,Σ floor(配置6人合計×因縁倍率)→floor(因縁合算×陣形倍率)
70,生殺与奪,最新資料倍率,,,,,0.82%,知力,陣法説明(6).xlsx,0.0082,1,0.0082,知力=配置6人知力合計×因縁倍率,陣形値=因縁値合算×陣形倍率,Σ floor(配置6人合計×因縁倍率)→floor(因縁合算×陣形倍率)
70,生殺与奪,最新資料倍率,,,,,0.82%,魅力,陣法説明(6).xlsx,0.0082,1,0.0082,魅力=配置6人魅力合計×因縁倍率,陣形値=因縁値合算×陣形倍率,Σ floor(配置6人合計×因縁倍率)→floor(因縁合算×陣形倍率)
70,生殺与奪,最新資料倍率,,,,,0.22%,土属性,陣法説明(6).xlsx,0.0022,1,0.0022,土属性=配置6人土属性合計×因縁倍率,陣形値=因縁値合算×陣形倍率,Σ floor(配置6人合計×因縁倍率)→floor(因縁合算×陣形倍率)
70,生殺与奪,最新資料倍率,,,,,0.22%,水属性,陣法説明(6).xlsx,0.0022,1,0.0022,水属性=配置6人水属性合計×因縁倍率,陣形値=因縁値合算×陣形倍率,Σ floor(配置6人合計×因縁倍率)→floor(因縁合算×陣形倍率)
70,生殺与奪,最新資料倍率,,,,,0.22%,火属性,陣法説明(6).xlsx,0.0022,1,0.0022,火属性=配置6人火属性合計×因縁倍率,陣形値=因縁値合算×陣形倍率,Σ floor(配置6人合計×因縁倍率)→floor(因縁合算×陣形倍率)
70,生殺与奪,最新資料倍率,,,,,0.22%,風属性,陣法説明(6).xlsx,0.0022,1,0.0022,風属性=配置6人風属性合計×因縁倍率,陣形値=因縁値合算×陣形倍率,Σ floor(配置6人合計×因縁倍率)→floor(因縁合算×陣形倍率)
71,勇猛果敢,最新資料倍率,,,,,0.77%,生命,陣法説明(6).xlsx,0.0077,1,0.0077,生命=配置6人生命合計×因縁倍率,陣形値=因縁値合算×陣形倍率,Σ floor(配置6人合計×因縁倍率)→floor(因縁合算×陣形倍率)
71,勇猛果敢,最新資料倍率,,,,,0.82%,腕力,陣法説明(6).xlsx,0.0082,1,0.0082,腕力=配置6人腕力合計×因縁倍率,陣形値=因縁値合算×陣形倍率,Σ floor(配置6人合計×因縁倍率)→floor(因縁合算×陣形倍率)
71,勇猛果敢,最新資料倍率,,,,,0.22%,耐久力,陣法説明(6).xlsx,0.0022,1,0.0022,耐久力=配置6人耐久力合計×因縁倍率,陣形値=因縁値合算×陣形倍率,Σ floor(配置6人合計×因縁倍率)→floor(因縁合算×陣形倍率)
71,勇猛果敢,最新資料倍率,,,,,0.82%,器用さ,陣法説明(6).xlsx,0.0082,1,0.0082,器用さ=配置6人器用さ合計×因縁倍率,陣形値=因縁値合算×陣形倍率,Σ floor(配置6人合計×因縁倍率)→floor(因縁合算×陣形倍率)
72,臥薪嘗胆,最新資料倍率,,,,,0.77%,生命,陣法説明(6).xlsx,0.0077,1,0.0077,生命=配置6人生命合計×因縁倍率,陣形値=因縁値合算×陣形倍率,Σ floor(配置6人合計×因縁倍率)→floor(因縁合算×陣形倍率)
72,臥薪嘗胆,最新資料倍率,,,,,0.82%,耐久力,陣法説明(6).xlsx,0.0082,1,0.0082,耐久力=配置6人耐久力合計×因縁倍率,陣形値=因縁値合算×陣形倍率,Σ floor(配置6人合計×因縁倍率)→floor(因縁合算×陣形倍率)
72,臥薪嘗胆,最新資料倍率,,,,,0.22%,魅力,陣法説明(6).xlsx,0.0022,1,0.0022,魅力=配置6人魅力合計×因縁倍率,陣形値=因縁値合算×陣形倍率,Σ floor(配置6人合計×因縁倍率)→floor(因縁合算×陣形倍率)
72,臥薪嘗胆,最新資料倍率,,,,,0.82%,土属性,陣法説明(6).xlsx,0.0082,1,0.0082,土属性=配置6人土属性合計×因縁倍率,陣形値=因縁値合算×陣形倍率,Σ floor(配置6人合計×因縁倍率)→floor(因縁合算×陣形倍率)
72,臥薪嘗胆,最新資料倍率,,,,,0.82%,水属性,陣法説明(6).xlsx,0.0082,1,0.0082,水属性=配置6人水属性合計×因縁倍率,陣形値=因縁値合算×陣形倍率,Σ floor(配置6人合計×因縁倍率)→floor(因縁合算×陣形倍率)
72,臥薪嘗胆,最新資料倍率,,,,,0.82%,火属性,陣法説明(6).xlsx,0.0082,1,0.0082,火属性=配置6人火属性合計×因縁倍率,陣形値=因縁値合算×陣形倍率,Σ floor(配置6人合計×因縁倍率)→floor(因縁合算×陣形倍率)
72,臥薪嘗胆,最新資料倍率,,,,,0.82%,風属性,陣法説明(6).xlsx,0.0082,1,0.0082,風属性=配置6人風属性合計×因縁倍率,陣形値=因縁値合算×陣形倍率,Σ floor(配置6人合計×因縁倍率)→floor(因縁合算×陣形倍率)
73,花鳥風月,最新資料倍率,,,,,0.77%,生命,陣法説明(6).xlsx,0.0077,1,0.0077,生命=配置6人生命合計×因縁倍率,陣形値=因縁値合算×陣形倍率,Σ floor(配置6人合計×因縁倍率)→floor(因縁合算×陣形倍率)
73,花鳥風月,最新資料倍率,,,,,1.13%,気合,陣法説明(6).xlsx,0.0113,1,0.0113,気合=配置6人気合合計×因縁倍率,陣形値=因縁値合算×陣形倍率,Σ floor(配置6人合計×因縁倍率)→floor(因縁合算×陣形倍率)
73,花鳥風月,最新資料倍率,,,,,0.82%,魅力,陣法説明(6).xlsx,0.0082,1,0.0082,魅力=配置6人魅力合計×因縁倍率,陣形値=因縁値合算×陣形倍率,Σ floor(配置6人合計×因縁倍率)→floor(因縁合算×陣形倍率)
73,花鳥風月,最新資料倍率,,,,,0.22%,土属性,陣法説明(6).xlsx,0.0022,1,0.0022,土属性=配置6人土属性合計×因縁倍率,陣形値=因縁値合算×陣形倍率,Σ floor(配置6人合計×因縁倍率)→floor(因縁合算×陣形倍率)
73,花鳥風月,最新資料倍率,,,,,0.22%,水属性,陣法説明(6).xlsx,0.0022,1,0.0022,水属性=配置6人水属性合計×因縁倍率,陣形値=因縁値合算×陣形倍率,Σ floor(配置6人合計×因縁倍率)→floor(因縁合算×陣形倍率)
73,花鳥風月,最新資料倍率,,,,,0.22%,火属性,陣法説明(6).xlsx,0.0022,1,0.0022,火属性=配置6人火属性合計×因縁倍率,陣形値=因縁値合算×陣形倍率,Σ floor(配置6人合計×因縁倍率)→floor(因縁合算×陣形倍率)
73,花鳥風月,最新資料倍率,,,,,0.22%,風属性,陣法説明(6).xlsx,0.0022,1,0.0022,風属性=配置6人風属性合計×因縁倍率,陣形値=因縁値合算×陣形倍率,Σ floor(配置6人合計×因縁倍率)→floor(因縁合算×陣形倍率)
74,柔能制剛,最新資料倍率,,,,,0.77%,生命,陣法説明(6).xlsx,0.0077,1,0.0077,生命=配置6人生命合計×因縁倍率,陣形値=因縁値合算×陣形倍率,Σ floor(配置6人合計×因縁倍率)→floor(因縁合算×陣形倍率)
74,柔能制剛,最新資料倍率,,,,,0.22%,耐久力,陣法説明(6).xlsx,0.0022,1,0.0022,耐久力=配置6人耐久力合計×因縁倍率,陣形値=因縁値合算×陣形倍率,Σ floor(配置6人合計×因縁倍率)→floor(因縁合算×陣形倍率)
74,柔能制剛,最新資料倍率,,,,,0.82%,器用さ,陣法説明(6).xlsx,0.0082,1,0.0082,器用さ=配置6人器用さ合計×因縁倍率,陣形値=因縁値合算×陣形倍率,Σ floor(配置6人合計×因縁倍率)→floor(因縁合算×陣形倍率)
74,柔能制剛,最新資料倍率,,,,,0.82%,知力,陣法説明(6).xlsx,0.0082,1,0.0082,知力=配置6人知力合計×因縁倍率,陣形値=因縁値合算×陣形倍率,Σ floor(配置6人合計×因縁倍率)→floor(因縁合算×陣形倍率)
75,能鷹隠爪,最新資料倍率,,,,,0.77%,生命,陣法説明(6).xlsx,0.0077,1,0.0077,生命=配置6人生命合計×因縁倍率,陣形値=因縁値合算×陣形倍率,Σ floor(配置6人合計×因縁倍率)→floor(因縁合算×陣形倍率)
75,能鷹隠爪,最新資料倍率,,,,,0.82%,耐久力,陣法説明(6).xlsx,0.0082,1,0.0082,耐久力=配置6人耐久力合計×因縁倍率,陣形値=因縁値合算×陣形倍率,Σ floor(配置6人合計×因縁倍率)→floor(因縁合算×陣形倍率)
75,能鷹隠爪,最新資料倍率,,,,,0.22%,知力,陣法説明(6).xlsx,0.0022,1,0.0022,知力=配置6人知力合計×因縁倍率,陣形値=因縁値合算×陣形倍率,Σ floor(配置6人合計×因縁倍率)→floor(因縁合算×陣形倍率)
75,能鷹隠爪,最新資料倍率,,,,,0.82%,魅力,陣法説明(6).xlsx,0.0082,1,0.0082,魅力=配置6人魅力合計×因縁倍率,陣形値=因縁値合算×陣形倍率,Σ floor(配置6人合計×因縁倍率)→floor(因縁合算×陣形倍率)
76,天神地祇,最新資料倍率,,,,,0.77%,生命,陣法説明(6).xlsx,0.0077,1,0.0077,生命=配置6人生命合計×因縁倍率,陣形値=因縁値合算×陣形倍率,Σ floor(配置6人合計×因縁倍率)→floor(因縁合算×陣形倍率)
76,天神地祇,最新資料倍率,,,,,0.30%,気合,陣法説明(6).xlsx,0.003,1,0.003,気合=配置6人気合合計×因縁倍率,陣形値=因縁値合算×陣形倍率,Σ floor(配置6人合計×因縁倍率)→floor(因縁合算×陣形倍率)
76,天神地祇,最新資料倍率,,,,,0.82%,魅力,陣法説明(6).xlsx,0.0082,1,0.0082,魅力=配置6人魅力合計×因縁倍率,陣形値=因縁値合算×陣形倍率,Σ floor(配置6人合計×因縁倍率)→floor(因縁合算×陣形倍率)
76,天神地祇,最新資料倍率,,,,,0.82%,土属性,陣法説明(6).xlsx,0.0082,1,0.0082,土属性=配置6人土属性合計×因縁倍率,陣形値=因縁値合算×陣形倍率,Σ floor(配置6人合計×因縁倍率)→floor(因縁合算×陣形倍率)
76,天神地祇,最新資料倍率,,,,,0.82%,水属性,陣法説明(6).xlsx,0.0082,1,0.0082,水属性=配置6人水属性合計×因縁倍率,陣形値=因縁値合算×陣形倍率,Σ floor(配置6人合計×因縁倍率)→floor(因縁合算×陣形倍率)
76,天神地祇,最新資料倍率,,,,,0.82%,火属性,陣法説明(6).xlsx,0.0082,1,0.0082,火属性=配置6人火属性合計×因縁倍率,陣形値=因縁値合算×陣形倍率,Σ floor(配置6人合計×因縁倍率)→floor(因縁合算×陣形倍率)
76,天神地祇,最新資料倍率,,,,,0.82%,風属性,陣法説明(6).xlsx,0.0082,1,0.0082,風属性=配置6人風属性合計×因縁倍率,陣形値=因縁値合算×陣形倍率,Σ floor(配置6人合計×因縁倍率)→floor(因縁合算×陣形倍率)
77,竜飛鳳舞,最新資料倍率,,,,,0.77%,生命,陣法説明(6).xlsx,0.0077,1,0.0077,生命=配置6人生命合計×因縁倍率,陣形値=因縁値合算×陣形倍率,Σ floor(配置6人合計×因縁倍率)→floor(因縁合算×陣形倍率)
77,竜飛鳳舞,最新資料倍率,,,,,0.82%,腕力,陣法説明(6).xlsx,0.0082,1,0.0082,腕力=配置6人腕力合計×因縁倍率,陣形値=因縁値合算×陣形倍率,Σ floor(配置6人合計×因縁倍率)→floor(因縁合算×陣形倍率)
77,竜飛鳳舞,最新資料倍率,,,,,0.22%,器用さ,陣法説明(6).xlsx,0.0022,1,0.0022,器用さ=配置6人器用さ合計×因縁倍率,陣形値=因縁値合算×陣形倍率,Σ floor(配置6人合計×因縁倍率)→floor(因縁合算×陣形倍率)
77,竜飛鳳舞,最新資料倍率,,,,,0.82%,知力,陣法説明(6).xlsx,0.0082,1,0.0082,知力=配置6人知力合計×因縁倍率,陣形値=因縁値合算×陣形倍率,Σ floor(配置6人合計×因縁倍率)→floor(因縁合算×陣形倍率)
78,衣鉢相伝,最新資料倍率,,,,,0.77%,生命,陣法説明(6).xlsx,0.0077,1,0.0077,生命=配置6人生命合計×因縁倍率,陣形値=因縁値合算×陣形倍率,Σ floor(配置6人合計×因縁倍率)→floor(因縁合算×陣形倍率)
78,衣鉢相伝,最新資料倍率,,,,,1.13%,気合,陣法説明(6).xlsx,0.0113,1,0.0113,気合=配置6人気合合計×因縁倍率,陣形値=因縁値合算×陣形倍率,Σ floor(配置6人合計×因縁倍率)→floor(因縁合算×陣形倍率)
78,衣鉢相伝,最新資料倍率,,,,,0.22%,腕力,陣法説明(6).xlsx,0.0022,1,0.0022,腕力=配置6人腕力合計×因縁倍率,陣形値=因縁値合算×陣形倍率,Σ floor(配置6人合計×因縁倍率)→floor(因縁合算×陣形倍率)
78,衣鉢相伝,最新資料倍率,,,,,0.82%,耐久力,陣法説明(6).xlsx,0.0082,1,0.0082,耐久力=配置6人耐久力合計×因縁倍率,陣形値=因縁値合算×陣形倍率,Σ floor(配置6人合計×因縁倍率)→floor(因縁合算×陣形倍率)
79,鎧袖一触,最新資料倍率,,,,,0.77%,生命,陣法説明(6).xlsx,0.0077,1,0.0077,生命=配置6人生命合計×因縁倍率,陣形値=因縁値合算×陣形倍率,Σ floor(配置6人合計×因縁倍率)→floor(因縁合算×陣形倍率)
79,鎧袖一触,最新資料倍率,,,,,0.30%,気合,陣法説明(6).xlsx,0.003,1,0.003,気合=配置6人気合合計×因縁倍率,陣形値=因縁値合算×陣形倍率,Σ floor(配置6人合計×因縁倍率)→floor(因縁合算×陣形倍率)
79,鎧袖一触,最新資料倍率,,,,,0.82%,腕力,陣法説明(6).xlsx,0.0082,1,0.0082,腕力=配置6人腕力合計×因縁倍率,陣形値=因縁値合算×陣形倍率,Σ floor(配置6人合計×因縁倍率)→floor(因縁合算×陣形倍率)
79,鎧袖一触,最新資料倍率,,,,,0.82%,土属性,陣法説明(6).xlsx,0.0082,1,0.0082,土属性=配置6人土属性合計×因縁倍率,陣形値=因縁値合算×陣形倍率,Σ floor(配置6人合計×因縁倍率)→floor(因縁合算×陣形倍率)
79,鎧袖一触,最新資料倍率,,,,,0.82%,水属性,陣法説明(6).xlsx,0.0082,1,0.0082,水属性=配置6人水属性合計×因縁倍率,陣形値=因縁値合算×陣形倍率,Σ floor(配置6人合計×因縁倍率)→floor(因縁合算×陣形倍率)
79,鎧袖一触,最新資料倍率,,,,,0.82%,火属性,陣法説明(6).xlsx,0.0082,1,0.0082,火属性=配置6人火属性合計×因縁倍率,陣形値=因縁値合算×陣形倍率,Σ floor(配置6人合計×因縁倍率)→floor(因縁合算×陣形倍率)
79,鎧袖一触,最新資料倍率,,,,,0.82%,風属性,陣法説明(6).xlsx,0.0082,1,0.0082,風属性=配置6人風属性合計×因縁倍率,陣形値=因縁値合算×陣形倍率,Σ floor(配置6人合計×因縁倍率)→floor(因縁合算×陣形倍率)
80,明敏の士,最新資料倍率,,,,,0.84%,生命,陣法説明(6).xlsx,0.0084,1,0.0084,生命=配置6人生命合計×因縁倍率,陣形値=因縁値合算×陣形倍率,Σ floor(配置6人合計×因縁倍率)→floor(因縁合算×陣形倍率)
80,明敏の士,最新資料倍率,,,,,1.35%,気合,陣法説明(6).xlsx,0.0135,1,0.0135,気合=配置6人気合合計×因縁倍率,陣形値=因縁値合算×陣形倍率,Σ floor(配置6人合計×因縁倍率)→floor(因縁合算×陣形倍率)
80,明敏の士,最新資料倍率,,,,,0.98%,知力,陣法説明(6).xlsx,0.0098,1,0.0098,知力=配置6人知力合計×因縁倍率,陣形値=因縁値合算×陣形倍率,Σ floor(配置6人合計×因縁倍率)→floor(因縁合算×陣形倍率)
81,宿将の器,最新資料倍率,,,,,0.84%,生命,陣法説明(6).xlsx,0.0084,1,0.0084,生命=配置6人生命合計×因縁倍率,陣形値=因縁値合算×陣形倍率,Σ floor(配置6人合計×因縁倍率)→floor(因縁合算×陣形倍率)
81,宿将の器,最新資料倍率,,,,,0.98%,腕力,陣法説明(6).xlsx,0.0098,1,0.0098,腕力=配置6人腕力合計×因縁倍率,陣形値=因縁値合算×陣形倍率,Σ floor(配置6人合計×因縁倍率)→floor(因縁合算×陣形倍率)
81,宿将の器,最新資料倍率,,,,,0.98%,魅力,陣法説明(6).xlsx,0.0098,1,0.0098,魅力=配置6人魅力合計×因縁倍率,陣形値=因縁値合算×陣形倍率,Σ floor(配置6人合計×因縁倍率)→floor(因縁合算×陣形倍率)
82,根性の塊,最新資料倍率,,,,,0.84%,生命,陣法説明(6).xlsx,0.0084,1,0.0084,生命=配置6人生命合計×因縁倍率,陣形値=因縁値合算×陣形倍率,Σ floor(配置6人合計×因縁倍率)→floor(因縁合算×陣形倍率)
82,根性の塊,最新資料倍率,,,,,0.98%,耐久力,陣法説明(6).xlsx,0.0098,1,0.0098,耐久力=配置6人耐久力合計×因縁倍率,陣形値=因縁値合算×陣形倍率,Σ floor(配置6人合計×因縁倍率)→floor(因縁合算×陣形倍率)
82,根性の塊,最新資料倍率,,,,,0.98%,土属性,陣法説明(6).xlsx,0.0098,1,0.0098,土属性=配置6人土属性合計×因縁倍率,陣形値=因縁値合算×陣形倍率,Σ floor(配置6人合計×因縁倍率)→floor(因縁合算×陣形倍率)
82,根性の塊,最新資料倍率,,,,,0.98%,水属性,陣法説明(6).xlsx,0.0098,1,0.0098,水属性=配置6人水属性合計×因縁倍率,陣形値=因縁値合算×陣形倍率,Σ floor(配置6人合計×因縁倍率)→floor(因縁合算×陣形倍率)
82,根性の塊,最新資料倍率,,,,,0.98%,火属性,陣法説明(6).xlsx,0.0098,1,0.0098,火属性=配置6人火属性合計×因縁倍率,陣形値=因縁値合算×陣形倍率,Σ floor(配置6人合計×因縁倍率)→floor(因縁合算×陣形倍率)
82,根性の塊,最新資料倍率,,,,,0.98%,風属性,陣法説明(6).xlsx,0.0098,1,0.0098,風属性=配置6人風属性合計×因縁倍率,陣形値=因縁値合算×陣形倍率,Σ floor(配置6人合計×因縁倍率)→floor(因縁合算×陣形倍率)
83,才腕の士,最新資料倍率,,,,,0.84%,生命,陣法説明(6).xlsx,0.0084,1,0.0084,生命=配置6人生命合計×因縁倍率,陣形値=因縁値合算×陣形倍率,Σ floor(配置6人合計×因縁倍率)→floor(因縁合算×陣形倍率)
83,才腕の士,最新資料倍率,,,,,0.98%,器用さ,陣法説明(6).xlsx,0.0098,1,0.0098,器用さ=配置6人器用さ合計×因縁倍率,陣形値=因縁値合算×陣形倍率,Σ floor(配置6人合計×因縁倍率)→floor(因縁合算×陣形倍率)
83,才腕の士,最新資料倍率,,,,,0.98%,土属性,陣法説明(6).xlsx,0.0098,1,0.0098,土属性=配置6人土属性合計×因縁倍率,陣形値=因縁値合算×陣形倍率,Σ floor(配置6人合計×因縁倍率)→floor(因縁合算×陣形倍率)
83,才腕の士,最新資料倍率,,,,,0.98%,水属性,陣法説明(6).xlsx,0.0098,1,0.0098,水属性=配置6人水属性合計×因縁倍率,陣形値=因縁値合算×陣形倍率,Σ floor(配置6人合計×因縁倍率)→floor(因縁合算×陣形倍率)
83,才腕の士,最新資料倍率,,,,,0.98%,火属性,陣法説明(6).xlsx,0.0098,1,0.0098,火属性=配置6人火属性合計×因縁倍率,陣形値=因縁値合算×陣形倍率,Σ floor(配置6人合計×因縁倍率)→floor(因縁合算×陣形倍率)
83,才腕の士,最新資料倍率,,,,,0.98%,風属性,陣法説明(6).xlsx,0.0098,1,0.0098,風属性=配置6人風属性合計×因縁倍率,陣形値=因縁値合算×陣形倍率,Σ floor(配置6人合計×因縁倍率)→floor(因縁合算×陣形倍率)
84,意気衝天,最新資料倍率,,,,,0.84%,生命,陣法説明(6).xlsx,0.0084,1,0.0084,生命=配置6人生命合計×因縁倍率,陣形値=因縁値合算×陣形倍率,Σ floor(配置6人合計×因縁倍率)→floor(因縁合算×陣形倍率)
84,意気衝天,最新資料倍率,,,,,1.65%,気合,陣法説明(6).xlsx,0.0165,1,0.0165,気合=配置6人気合合計×因縁倍率,陣形値=因縁値合算×陣形倍率,Σ floor(配置6人合計×因縁倍率)→floor(因縁合算×陣形倍率)
84,意気衝天,最新資料倍率,,,,,0.60%,器用さ,陣法説明(6).xlsx,0.006,1,0.006,器用さ=配置6人器用さ合計×因縁倍率,陣形値=因縁値合算×陣形倍率,Σ floor(配置6人合計×因縁倍率)→floor(因縁合算×陣形倍率)
84,意気衝天,最新資料倍率,,,,,0.60%,知力,陣法説明(6).xlsx,0.006,1,0.006,知力=配置6人知力合計×因縁倍率,陣形値=因縁値合算×陣形倍率,Σ floor(配置6人合計×因縁倍率)→floor(因縁合算×陣形倍率)
85,質実剛健,最新資料倍率,,,,,0.84%,生命,陣法説明(6).xlsx,0.0084,1,0.0084,生命=配置6人生命合計×因縁倍率,陣形値=因縁値合算×陣形倍率,Σ floor(配置6人合計×因縁倍率)→floor(因縁合算×陣形倍率)
85,質実剛健,最新資料倍率,,,,,1.20%,耐久力,陣法説明(6).xlsx,0.012,1,0.012,耐久力=配置6人耐久力合計×因縁倍率,陣形値=因縁値合算×陣形倍率,Σ floor(配置6人合計×因縁倍率)→floor(因縁合算×陣形倍率)
85,質実剛健,最新資料倍率,,,,,0.60%,魅力,陣法説明(6).xlsx,0.006,1,0.006,魅力=配置6人魅力合計×因縁倍率,陣形値=因縁値合算×陣形倍率,Σ floor(配置6人合計×因縁倍率)→floor(因縁合算×陣形倍率)
85,質実剛健,最新資料倍率,,,,,0.60%,土属性,陣法説明(6).xlsx,0.006,1,0.006,土属性=配置6人土属性合計×因縁倍率,陣形値=因縁値合算×陣形倍率,Σ floor(配置6人合計×因縁倍率)→floor(因縁合算×陣形倍率)
85,質実剛健,最新資料倍率,,,,,0.60%,水属性,陣法説明(6).xlsx,0.006,1,0.006,水属性=配置6人水属性合計×因縁倍率,陣形値=因縁値合算×陣形倍率,Σ floor(配置6人合計×因縁倍率)→floor(因縁合算×陣形倍率)
85,質実剛健,最新資料倍率,,,,,0.60%,火属性,陣法説明(6).xlsx,0.006,1,0.006,火属性=配置6人火属性合計×因縁倍率,陣形値=因縁値合算×陣形倍率,Σ floor(配置6人合計×因縁倍率)→floor(因縁合算×陣形倍率)
85,質実剛健,最新資料倍率,,,,,0.60%,風属性,陣法説明(6).xlsx,0.006,1,0.006,風属性=配置6人風属性合計×因縁倍率,陣形値=因縁値合算×陣形倍率,Σ floor(配置6人合計×因縁倍率)→floor(因縁合算×陣形倍率)
86,意気軒昂,最新資料倍率,,,,,0.84%,生命,陣法説明(6).xlsx,0.0084,1,0.0084,生命=配置6人生命合計×因縁倍率,陣形値=因縁値合算×陣形倍率,Σ floor(配置6人合計×因縁倍率)→floor(因縁合算×陣形倍率)
86,意気軒昂,最新資料倍率,,,,,1.20%,腕力,陣法説明(6).xlsx,0.012,1,0.012,腕力=配置6人腕力合計×因縁倍率,陣形値=因縁値合算×陣形倍率,Σ floor(配置6人合計×因縁倍率)→floor(因縁合算×陣形倍率)
86,意気軒昂,最新資料倍率,,,,,0.60%,器用さ,陣法説明(6).xlsx,0.006,1,0.006,器用さ=配置6人器用さ合計×因縁倍率,陣形値=因縁値合算×陣形倍率,Σ floor(配置6人合計×因縁倍率)→floor(因縁合算×陣形倍率)
86,意気軒昂,最新資料倍率,,,,,0.60%,魅力,陣法説明(6).xlsx,0.006,1,0.006,魅力=配置6人魅力合計×因縁倍率,陣形値=因縁値合算×陣形倍率,Σ floor(配置6人合計×因縁倍率)→floor(因縁合算×陣形倍率)
87,日進月歩,最新資料倍率,,,,,0.84%,生命,陣法説明(6).xlsx,0.0084,1,0.0084,生命=配置6人生命合計×因縁倍率,陣形値=因縁値合算×陣形倍率,Σ floor(配置6人合計×因縁倍率)→floor(因縁合算×陣形倍率)
87,日進月歩,最新資料倍率,,,,,0.60%,腕力,陣法説明(6).xlsx,0.006,1,0.006,腕力=配置6人腕力合計×因縁倍率,陣形値=因縁値合算×陣形倍率,Σ floor(配置6人合計×因縁倍率)→floor(因縁合算×陣形倍率)
87,日進月歩,最新資料倍率,,,,,0.60%,耐久力,陣法説明(6).xlsx,0.006,1,0.006,耐久力=配置6人耐久力合計×因縁倍率,陣形値=因縁値合算×陣形倍率,Σ floor(配置6人合計×因縁倍率)→floor(因縁合算×陣形倍率)
87,日進月歩,最新資料倍率,,,,,1.20%,器用さ,陣法説明(6).xlsx,0.012,1,0.012,器用さ=配置6人器用さ合計×因縁倍率,陣形値=因縁値合算×陣形倍率,Σ floor(配置6人合計×因縁倍率)→floor(因縁合算×陣形倍率)
88,雄材大略,最新資料倍率,,,,,0.84%,生命,陣法説明(6).xlsx,0.0084,1,0.0084,生命=配置6人生命合計×因縁倍率,陣形値=因縁値合算×陣形倍率,Σ floor(配置6人合計×因縁倍率)→floor(因縁合算×陣形倍率)
88,雄材大略,最新資料倍率,,,,,0.83%,気合,陣法説明(6).xlsx,0.0083,1,0.0083,気合=配置6人気合合計×因縁倍率,陣形値=因縁値合算×陣形倍率,Σ floor(配置6人合計×因縁倍率)→floor(因縁合算×陣形倍率)
88,雄材大略,最新資料倍率,,,,,1.20%,知力,陣法説明(6).xlsx,0.012,1,0.012,知力=配置6人知力合計×因縁倍率,陣形値=因縁値合算×陣形倍率,Σ floor(配置6人合計×因縁倍率)→floor(因縁合算×陣形倍率)
88,雄材大略,最新資料倍率,,,,,0.60%,土属性,陣法説明(6).xlsx,0.006,1,0.006,土属性=配置6人土属性合計×因縁倍率,陣形値=因縁値合算×陣形倍率,Σ floor(配置6人合計×因縁倍率)→floor(因縁合算×陣形倍率)
88,雄材大略,最新資料倍率,,,,,0.60%,水属性,陣法説明(6).xlsx,0.006,1,0.006,水属性=配置6人水属性合計×因縁倍率,陣形値=因縁値合算×陣形倍率,Σ floor(配置6人合計×因縁倍率)→floor(因縁合算×陣形倍率)
88,雄材大略,最新資料倍率,,,,,0.60%,火属性,陣法説明(6).xlsx,0.006,1,0.006,火属性=配置6人火属性合計×因縁倍率,陣形値=因縁値合算×陣形倍率,Σ floor(配置6人合計×因縁倍率)→floor(因縁合算×陣形倍率)
88,雄材大略,最新資料倍率,,,,,0.60%,風属性,陣法説明(6).xlsx,0.006,1,0.006,風属性=配置6人風属性合計×因縁倍率,陣形値=因縁値合算×陣形倍率,Σ floor(配置6人合計×因縁倍率)→floor(因縁合算×陣形倍率)
89,摂理探究,最新資料倍率,,,,,0.84%,生命,陣法説明(6).xlsx,0.0084,1,0.0084,生命=配置6人生命合計×因縁倍率,陣形値=因縁値合算×陣形倍率,Σ floor(配置6人合計×因縁倍率)→floor(因縁合算×陣形倍率)
89,摂理探究,最新資料倍率,,,,,0.60%,腕力,陣法説明(6).xlsx,0.006,1,0.006,腕力=配置6人腕力合計×因縁倍率,陣形値=因縁値合算×陣形倍率,Σ floor(配置6人合計×因縁倍率)→floor(因縁合算×陣形倍率)
89,摂理探究,最新資料倍率,,,,,0.60%,知力,陣法説明(6).xlsx,0.006,1,0.006,知力=配置6人知力合計×因縁倍率,陣形値=因縁値合算×陣形倍率,Σ floor(配置6人合計×因縁倍率)→floor(因縁合算×陣形倍率)
89,摂理探究,最新資料倍率,,,,,1.20%,土属性,陣法説明(6).xlsx,0.012,1,0.012,土属性=配置6人土属性合計×因縁倍率,陣形値=因縁値合算×陣形倍率,Σ floor(配置6人合計×因縁倍率)→floor(因縁合算×陣形倍率)
89,摂理探究,最新資料倍率,,,,,1.20%,水属性,陣法説明(6).xlsx,0.012,1,0.012,水属性=配置6人水属性合計×因縁倍率,陣形値=因縁値合算×陣形倍率,Σ floor(配置6人合計×因縁倍率)→floor(因縁合算×陣形倍率)
89,摂理探究,最新資料倍率,,,,,1.20%,火属性,陣法説明(6).xlsx,0.012,1,0.012,火属性=配置6人火属性合計×因縁倍率,陣形値=因縁値合算×陣形倍率,Σ floor(配置6人合計×因縁倍率)→floor(因縁合算×陣形倍率)
89,摂理探究,最新資料倍率,,,,,1.20%,風属性,陣法説明(6).xlsx,0.012,1,0.012,風属性=配置6人風属性合計×因縁倍率,陣形値=因縁値合算×陣形倍率,Σ floor(配置6人合計×因縁倍率)→floor(因縁合算×陣形倍率)
90,多才能弁,最新資料倍率,,,,,0.84%,生命,陣法説明(6).xlsx,0.0084,1,0.0084,生命=配置6人生命合計×因縁倍率,陣形値=因縁値合算×陣形倍率,Σ floor(配置6人合計×因縁倍率)→floor(因縁合算×陣形倍率)
90,多才能弁,最新資料倍率,,,,,0.83%,気合,陣法説明(6).xlsx,0.0083,1,0.0083,気合=配置6人気合合計×因縁倍率,陣形値=因縁値合算×陣形倍率,Σ floor(配置6人合計×因縁倍率)→floor(因縁合算×陣形倍率)
90,多才能弁,最新資料倍率,,,,,0.60%,耐久力,陣法説明(6).xlsx,0.006,1,0.006,耐久力=配置6人耐久力合計×因縁倍率,陣形値=因縁値合算×陣形倍率,Σ floor(配置6人合計×因縁倍率)→floor(因縁合算×陣形倍率)
90,多才能弁,最新資料倍率,,,,,1.20%,魅力,陣法説明(6).xlsx,0.012,1,0.012,魅力=配置6人魅力合計×因縁倍率,陣形値=因縁値合算×陣形倍率,Σ floor(配置6人合計×因縁倍率)→floor(因縁合算×陣形倍率)
91,多芸多才,最新資料倍率,,,,,0.84%,生命,陣法説明(6).xlsx,0.0084,1,0.0084,生命=配置6人生命合計×因縁倍率,陣形値=因縁値合算×陣形倍率,Σ floor(配置6人合計×因縁倍率)→floor(因縁合算×陣形倍率)
91,多芸多才,最新資料倍率,,,,,0.60%,腕力,陣法説明(6).xlsx,0.006,1,0.006,腕力=配置6人腕力合計×因縁倍率,陣形値=因縁値合算×陣形倍率,Σ floor(配置6人合計×因縁倍率)→floor(因縁合算×陣形倍率)
91,多芸多才,最新資料倍率,,,,,0.60%,耐久力,陣法説明(6).xlsx,0.006,1,0.006,耐久力=配置6人耐久力合計×因縁倍率,陣形値=因縁値合算×陣形倍率,Σ floor(配置6人合計×因縁倍率)→floor(因縁合算×陣形倍率)
91,多芸多才,最新資料倍率,,,,,0.60%,器用さ,陣法説明(6).xlsx,0.006,1,0.006,器用さ=配置6人器用さ合計×因縁倍率,陣形値=因縁値合算×陣形倍率,Σ floor(配置6人合計×因縁倍率)→floor(因縁合算×陣形倍率)
91,多芸多才,最新資料倍率,,,,,0.60%,知力,陣法説明(6).xlsx,0.006,1,0.006,知力=配置6人知力合計×因縁倍率,陣形値=因縁値合算×陣形倍率,Σ floor(配置6人合計×因縁倍率)→floor(因縁合算×陣形倍率)
91,多芸多才,最新資料倍率,,,,,0.60%,魅力,陣法説明(6).xlsx,0.006,1,0.006,魅力=配置6人魅力合計×因縁倍率,陣形値=因縁値合算×陣形倍率,Σ floor(配置6人合計×因縁倍率)→floor(因縁合算×陣形倍率)
91,多芸多才,最新資料倍率,,,,,0.60%,土属性,陣法説明(6).xlsx,0.006,1,0.006,土属性=配置6人土属性合計×因縁倍率,陣形値=因縁値合算×陣形倍率,Σ floor(配置6人合計×因縁倍率)→floor(因縁合算×陣形倍率)
91,多芸多才,最新資料倍率,,,,,0.60%,水属性,陣法説明(6).xlsx,0.006,1,0.006,水属性=配置6人水属性合計×因縁倍率,陣形値=因縁値合算×陣形倍率,Σ floor(配置6人合計×因縁倍率)→floor(因縁合算×陣形倍率)
91,多芸多才,最新資料倍率,,,,,0.60%,火属性,陣法説明(6).xlsx,0.006,1,0.006,火属性=配置6人火属性合計×因縁倍率,陣形値=因縁値合算×陣形倍率,Σ floor(配置6人合計×因縁倍率)→floor(因縁合算×陣形倍率)
91,多芸多才,最新資料倍率,,,,,0.60%,風属性,陣法説明(6).xlsx,0.006,1,0.006,風属性=配置6人風属性合計×因縁倍率,陣形値=因縁値合算×陣形倍率,Σ floor(配置6人合計×因縁倍率)→floor(因縁合算×陣形倍率)
alias,神主・巫女,最新資料倍率別名,,,,,神主,生命,陣法説明(6).xlsx alias,0.007,1,0.007,生命=配置6人生命合計×因縁倍率,陣形値=因縁値合算×陣形倍率,Σ floor(配置6人合計×因縁倍率)→floor(因縁合算×陣形倍率)
alias,神主・巫女,最新資料倍率別名,,,,,神主,気合,陣法説明(6).xlsx alias,0.0075,1,0.0075,気合=配置6人気合合計×因縁倍率,陣形値=因縁値合算×陣形倍率,Σ floor(配置6人合計×因縁倍率)→floor(因縁合算×陣形倍率)
alias,神主・巫女,最新資料倍率別名,,,,,神主,腕力,陣法説明(6).xlsx alias,0.0033,1,0.0033,腕力=配置6人腕力合計×因縁倍率,陣形値=因縁値合算×陣形倍率,Σ floor(配置6人合計×因縁倍率)→floor(因縁合算×陣形倍率)
alias,神主・巫女,最新資料倍率別名,,,,,神主,器用さ,陣法説明(6).xlsx alias,0.0033,1,0.0033,器用さ=配置6人器用さ合計×因縁倍率,陣形値=因縁値合算×陣形倍率,Σ floor(配置6人合計×因縁倍率)→floor(因縁合算×陣形倍率)
alias,神主・巫女,最新資料倍率別名,,,,,神主,知力,陣法説明(6).xlsx alias,0.0044,1,0.0044,知力=配置6人知力合計×因縁倍率,陣形値=因縁値合算×陣形倍率,Σ floor(配置6人合計×因縁倍率)→floor(因縁合算×陣形倍率)
alias,神仏の徒の絆,最新資料倍率別名,,,,,神仏の絆,生命,陣法説明(6).xlsx alias,0.007,1,0.007,生命=配置6人生命合計×因縁倍率,陣形値=因縁値合算×陣形倍率,Σ floor(配置6人合計×因縁倍率)→floor(因縁合算×陣形倍率)
alias,神仏の徒の絆,最新資料倍率別名,,,,,神仏の絆,知力,陣法説明(6).xlsx alias,0.0098,1,0.0098,知力=配置6人知力合計×因縁倍率,陣形値=因縁値合算×陣形倍率,Σ floor(配置6人合計×因縁倍率)→floor(因縁合算×陣形倍率)
alias,神仏の徒の絆,最新資料倍率別名,,,,,神仏の絆,魅力,陣法説明(6).xlsx alias,0.0098,1,0.0098,魅力=配置6人魅力合計×因縁倍率,陣形値=因縁値合算×陣形倍率,Σ floor(配置6人合計×因縁倍率)→floor(因縁合算×陣形倍率)
alias,世渡り上手の絆,最新資料倍率別名,,,,,世渡り,生命,陣法説明(6).xlsx alias,0.007,1,0.007,生命=配置6人生命合計×因縁倍率,陣形値=因縁値合算×陣形倍率,Σ floor(配置6人合計×因縁倍率)→floor(因縁合算×陣形倍率)
alias,世渡り上手の絆,最新資料倍率別名,,,,,世渡り,気合,陣法説明(6).xlsx alias,0.0135,1,0.0135,気合=配置6人気合合計×因縁倍率,陣形値=因縁値合算×陣形倍率,Σ floor(配置6人合計×因縁倍率)→floor(因縁合算×陣形倍率)
alias,世渡り上手の絆,最新資料倍率別名,,,,,世渡り,魅力,陣法説明(6).xlsx alias,0.0098,1,0.0098,魅力=配置6人魅力合計×因縁倍率,陣形値=因縁値合算×陣形倍率,Σ floor(配置6人合計×因縁倍率)→floor(因縁合算×陣形倍率)
alias,飛道具使いの絆,最新資料倍率別名,,,,,飛道具,生命,陣法説明(6).xlsx alias,0.007,1,0.007,生命=配置6人生命合計×因縁倍率,陣形値=因縁値合算×陣形倍率,Σ floor(配置6人合計×因縁倍率)→floor(因縁合算×陣形倍率)
alias,飛道具使いの絆,最新資料倍率別名,,,,,飛道具,腕力,陣法説明(6).xlsx alias,0.0098,1,0.0098,腕力=配置6人腕力合計×因縁倍率,陣形値=因縁値合算×陣形倍率,Σ floor(配置6人合計×因縁倍率)→floor(因縁合算×陣形倍率)
alias,飛道具使いの絆,最新資料倍率別名,,,,,飛道具,器用さ,陣法説明(6).xlsx alias,0.0098,1,0.0098,器用さ=配置6人器用さ合計×因縁倍率,陣形値=因縁値合算×陣形倍率,Σ floor(配置6人合計×因縁倍率)→floor(因縁合算×陣形倍率)
alias,明敏の絆,最新資料倍率別名,,,,,明敏の士,生命,陣法説明(6).xlsx alias,0.0084,1,0.0084,生命=配置6人生命合計×因縁倍率,陣形値=因縁値合算×陣形倍率,Σ floor(配置6人合計×因縁倍率)→floor(因縁合算×陣形倍率)
alias,明敏の絆,最新資料倍率別名,,,,,明敏の士,気合,陣法説明(6).xlsx alias,0.0135,1,0.0135,気合=配置6人気合合計×因縁倍率,陣形値=因縁値合算×陣形倍率,Σ floor(配置6人合計×因縁倍率)→floor(因縁合算×陣形倍率)
alias,明敏の絆,最新資料倍率別名,,,,,明敏の士,知力,陣法説明(6).xlsx alias,0.0098,1,0.0098,知力=配置6人知力合計×因縁倍率,陣形値=因縁値合算×陣形倍率,Σ floor(配置6人合計×因縁倍率)→floor(因縁合算×陣形倍率)
alias,宿将の絆,最新資料倍率別名,,,,,宿将の器,生命,陣法説明(6).xlsx alias,0.0084,1,0.0084,生命=配置6人生命合計×因縁倍率,陣形値=因縁値合算×陣形倍率,Σ floor(配置6人合計×因縁倍率)→floor(因縁合算×陣形倍率)
alias,宿将の絆,最新資料倍率別名,,,,,宿将の器,腕力,陣法説明(6).xlsx alias,0.0098,1,0.0098,腕力=配置6人腕力合計×因縁倍率,陣形値=因縁値合算×陣形倍率,Σ floor(配置6人合計×因縁倍率)→floor(因縁合算×陣形倍率)
alias,宿将の絆,最新資料倍率別名,,,,,宿将の器,魅力,陣法説明(6).xlsx alias,0.0098,1,0.0098,魅力=配置6人魅力合計×因縁倍率,陣形値=因縁値合算×陣形倍率,Σ floor(配置6人合計×因縁倍率)→floor(因縁合算×陣形倍率)
alias,根性の絆,最新資料倍率別名,,,,,根性の塊,生命,陣法説明(6).xlsx alias,0.0084,1,0.0084,生命=配置6人生命合計×因縁倍率,陣形値=因縁値合算×陣形倍率,Σ floor(配置6人合計×因縁倍率)→floor(因縁合算×陣形倍率)
alias,根性の絆,最新資料倍率別名,,,,,根性の塊,耐久力,陣法説明(6).xlsx alias,0.0098,1,0.0098,耐久力=配置6人耐久力合計×因縁倍率,陣形値=因縁値合算×陣形倍率,Σ floor(配置6人合計×因縁倍率)→floor(因縁合算×陣形倍率)
alias,根性の絆,最新資料倍率別名,,,,,根性の塊,土属性,陣法説明(6).xlsx alias,0.0098,1,0.0098,土属性=配置6人土属性合計×因縁倍率,陣形値=因縁値合算×陣形倍率,Σ floor(配置6人合計×因縁倍率)→floor(因縁合算×陣形倍率)
alias,根性の絆,最新資料倍率別名,,,,,根性の塊,水属性,陣法説明(6).xlsx alias,0.0098,1,0.0098,水属性=配置6人水属性合計×因縁倍率,陣形値=因縁値合算×陣形倍率,Σ floor(配置6人合計×因縁倍率)→floor(因縁合算×陣形倍率)
alias,根性の絆,最新資料倍率別名,,,,,根性の塊,火属性,陣法説明(6).xlsx alias,0.0098,1,0.0098,火属性=配置6人火属性合計×因縁倍率,陣形値=因縁値合算×陣形倍率,Σ floor(配置6人合計×因縁倍率)→floor(因縁合算×陣形倍率)
alias,根性の絆,最新資料倍率別名,,,,,根性の塊,風属性,陣法説明(6).xlsx alias,0.0098,1,0.0098,風属性=配置6人風属性合計×因縁倍率,陣形値=因縁値合算×陣形倍率,Σ floor(配置6人合計×因縁倍率)→floor(因縁合算×陣形倍率)
alias,才腕の絆,最新資料倍率別名,,,,,才腕の士,生命,陣法説明(6).xlsx alias,0.0084,1,0.0084,生命=配置6人生命合計×因縁倍率,陣形値=因縁値合算×陣形倍率,Σ floor(配置6人合計×因縁倍率)→floor(因縁合算×陣形倍率)
alias,才腕の絆,最新資料倍率別名,,,,,才腕の士,器用さ,陣法説明(6).xlsx alias,0.0098,1,0.0098,器用さ=配置6人器用さ合計×因縁倍率,陣形値=因縁値合算×陣形倍率,Σ floor(配置6人合計×因縁倍率)→floor(因縁合算×陣形倍率)
alias,才腕の絆,最新資料倍率別名,,,,,才腕の士,土属性,陣法説明(6).xlsx alias,0.0098,1,0.0098,土属性=配置6人土属性合計×因縁倍率,陣形値=因縁値合算×陣形倍率,Σ floor(配置6人合計×因縁倍率)→floor(因縁合算×陣形倍率)
alias,才腕の絆,最新資料倍率別名,,,,,才腕の士,水属性,陣法説明(6).xlsx alias,0.0098,1,0.0098,水属性=配置6人水属性合計×因縁倍率,陣形値=因縁値合算×陣形倍率,Σ floor(配置6人合計×因縁倍率)→floor(因縁合算×陣形倍率)
alias,才腕の絆,最新資料倍率別名,,,,,才腕の士,火属性,陣法説明(6).xlsx alias,0.0098,1,0.0098,火属性=配置6人火属性合計×因縁倍率,陣形値=因縁値合算×陣形倍率,Σ floor(配置6人合計×因縁倍率)→floor(因縁合算×陣形倍率)
alias,才腕の絆,最新資料倍率別名,,,,,才腕の士,風属性,陣法説明(6).xlsx alias,0.0098,1,0.0098,風属性=配置6人風属性合計×因縁倍率,陣形値=因縁値合算×陣形倍率,Σ floor(配置6人合計×因縁倍率)→floor(因縁合算×陣形倍率)
alias,籠城名手,最新資料倍率別名,,,,,籠城名人,生命,陣法説明(6).xlsx alias,0.007,1,0.007,生命=配置6人生命合計×因縁倍率,陣形値=因縁値合算×陣形倍率,Σ floor(配置6人合計×因縁倍率)→floor(因縁合算×陣形倍率)
alias,籠城名手,最新資料倍率別名,,,,,籠城名人,耐久力,陣法説明(6).xlsx alias,0.0098,1,0.0098,耐久力=配置6人耐久力合計×因縁倍率,陣形値=因縁値合算×陣形倍率,Σ floor(配置6人合計×因縁倍率)→floor(因縁合算×陣形倍率)
alias,籠城名手,最新資料倍率別名,,,,,籠城名人,器用さ,陣法説明(6).xlsx alias,0.0048,1,0.0048,器用さ=配置6人器用さ合計×因縁倍率,陣形値=因縁値合算×陣形倍率,Σ floor(配置6人合計×因縁倍率)→floor(因縁合算×陣形倍率)
alias,籠城名手,最新資料倍率別名,,,,,籠城名人,知力,陣法説明(6).xlsx alias,0.0048,1,0.0048,知力=配置6人知力合計×因縁倍率,陣形値=因縁値合算×陣形倍率,Σ floor(配置6人合計×因縁倍率)→floor(因縁合算×陣形倍率)
alias,老練闊達,最新資料倍率別名,,,,,老練闘将,生命,陣法説明(6).xlsx alias,0.007,1,0.007,生命=配置6人生命合計×因縁倍率,陣形値=因縁値合算×陣形倍率,Σ floor(配置6人合計×因縁倍率)→floor(因縁合算×陣形倍率)
alias,老練闊達,最新資料倍率別名,,,,,老練闘将,気合,陣法説明(6).xlsx alias,0.0135,1,0.0135,気合=配置6人気合合計×因縁倍率,陣形値=因縁値合算×陣形倍率,Σ floor(配置6人合計×因縁倍率)→floor(因縁合算×陣形倍率)
alias,老練闊達,最新資料倍率別名,,,,,老練闘将,腕力,陣法説明(6).xlsx alias,0.005,1,0.005,腕力=配置6人腕力合計×因縁倍率,陣形値=因縁値合算×陣形倍率,Σ floor(配置6人合計×因縁倍率)→floor(因縁合算×陣形倍率)
alias,老練闊達,最新資料倍率別名,,,,,老練闘将,知力,陣法説明(6).xlsx alias,0.005,1,0.005,知力=配置6人知力合計×因縁倍率,陣形値=因縁値合算×陣形倍率,Σ floor(配置6人合計×因縁倍率)→floor(因縁合算×陣形倍率)
