No,因縁名,因縁種類,因子1,因子2,因子3,効果サイズ,効果元表記,対象ステータス,係数カテゴリ,因縁係数,全体倍率,実効係数_因縁係数x2.24,因縁値式,陣形補正式,最終式
1,侍,職業因縁,武士道,武芸,軍学,特大,生命力,生命,生命,0.0077,2.24,0.017248,生命=対象ライン3人生命合計×因縁係数×2.24,陣形値=因縁値合算×陣形倍率,floor(因縁値合算+陣形値)
1,侍,職業因縁,武士道,武芸,軍学,中,腕力,腕力,ステータス,0.0044,2.24,0.009856,腕力=対象ライン3人腕力合計×因縁係数×2.24,陣形値=因縁値合算×陣形倍率,floor(因縁値合算+陣形値)
1,侍,職業因縁,武士道,武芸,軍学,小,気合・耐久力・魅力,気合,気合,0.003,2.24,0.00672,気合=対象ライン3人気合合計×因縁係数×2.24,陣形値=因縁値合算×陣形倍率,floor(因縁値合算+陣形値)
1,侍,職業因縁,武士道,武芸,軍学,小,気合・耐久力・魅力,耐久力,ステータス,0.0022,2.24,0.004928,耐久力=対象ライン3人耐久力合計×因縁係数×2.24,陣形値=因縁値合算×陣形倍率,floor(因縁値合算+陣形値)
1,侍,職業因縁,武士道,武芸,軍学,小,気合・耐久力・魅力,魅力,ステータス,0.0022,2.24,0.004928,魅力=対象ライン3人魅力合計×因縁係数×2.24,陣形値=因縁値合算×陣形倍率,floor(因縁値合算+陣形値)
2,僧,職業因縁,僧兵,仏門,密教,特大,生命力,生命,生命,0.0077,2.24,0.017248,生命=対象ライン3人生命合計×因縁係数×2.24,陣形値=因縁値合算×陣形倍率,floor(因縁値合算+陣形値)
2,僧,職業因縁,僧兵,仏門,密教,中,魅力,魅力,ステータス,0.0044,2.24,0.009856,魅力=対象ライン3人魅力合計×因縁係数×2.24,陣形値=因縁値合算×陣形倍率,floor(因縁値合算+陣形値)
2,僧,職業因縁,僧兵,仏門,密教,小,腕力・器用さ・知力,腕力,ステータス,0.0022,2.24,0.004928,腕力=対象ライン3人腕力合計×因縁係数×2.24,陣形値=因縁値合算×陣形倍率,floor(因縁値合算+陣形値)
2,僧,職業因縁,僧兵,仏門,密教,小,腕力・器用さ・知力,器用さ,ステータス,0.0022,2.24,0.004928,器用さ=対象ライン3人器用さ合計×因縁係数×2.24,陣形値=因縁値合算×陣形倍率,floor(因縁値合算+陣形値)
2,僧,職業因縁,僧兵,仏門,密教,小,腕力・器用さ・知力,知力,ステータス,0.0022,2.24,0.004928,知力=対象ライン3人知力合計×因縁係数×2.24,陣形値=因縁値合算×陣形倍率,floor(因縁値合算+陣形値)
3,神主・巫女,職業因縁,神道,古神道,雅楽,特大,生命力,生命,生命,0.0077,2.24,0.017248,生命=対象ライン3人生命合計×因縁係数×2.24,陣形値=因縁値合算×陣形倍率,floor(因縁値合算+陣形値)
3,神主・巫女,職業因縁,神道,古神道,雅楽,中,気合,気合,気合,0.006,2.24,0.01344,気合=対象ライン3人気合合計×因縁係数×2.24,陣形値=因縁値合算×陣形倍率,floor(因縁値合算+陣形値)
3,神主・巫女,職業因縁,神道,古神道,雅楽,小,腕力・器用さ・知力,腕力,ステータス,0.0022,2.24,0.004928,腕力=対象ライン3人腕力合計×因縁係数×2.24,陣形値=因縁値合算×陣形倍率,floor(因縁値合算+陣形値)
3,神主・巫女,職業因縁,神道,古神道,雅楽,小,腕力・器用さ・知力,器用さ,ステータス,0.0022,2.24,0.004928,器用さ=対象ライン3人器用さ合計×因縁係数×2.24,陣形値=因縁値合算×陣形倍率,floor(因縁値合算+陣形値)
3,神主・巫女,職業因縁,神道,古神道,雅楽,小,腕力・器用さ・知力,知力,ステータス,0.0022,2.24,0.004928,知力=対象ライン3人知力合計×因縁係数×2.24,陣形値=因縁値合算×陣形倍率,floor(因縁値合算+陣形値)
4,陰陽師,職業因縁,陰陽道,仙道,召喚術,特大,生命力,生命,生命,0.0077,2.24,0.017248,生命=対象ライン3人生命合計×因縁係数×2.24,陣形値=因縁値合算×陣形倍率,floor(因縁値合算+陣形値)
4,陰陽師,職業因縁,陰陽道,仙道,召喚術,中,知力,知力,ステータス,0.0044,2.24,0.009856,知力=対象ライン3人知力合計×因縁係数×2.24,陣形値=因縁値合算×陣形倍率,floor(因縁値合算+陣形値)
4,陰陽師,職業因縁,陰陽道,仙道,召喚術,小,気合・耐久力・四象,気合,気合,0.003,2.24,0.00672,気合=対象ライン3人気合合計×因縁係数×2.24,陣形値=因縁値合算×陣形倍率,floor(因縁値合算+陣形値)
4,陰陽師,職業因縁,陰陽道,仙道,召喚術,小,気合・耐久力・四象,耐久力,ステータス,0.0022,2.24,0.004928,耐久力=対象ライン3人耐久力合計×因縁係数×2.24,陣形値=因縁値合算×陣形倍率,floor(因縁値合算+陣形値)
4,陰陽師,職業因縁,陰陽道,仙道,召喚術,小,気合・耐久力・四象,土,ステータス,0.0022,2.24,0.004928,土=対象ライン3人土合計×因縁係数×2.24,陣形値=因縁値合算×陣形倍率,floor(因縁値合算+陣形値)
4,陰陽師,職業因縁,陰陽道,仙道,召喚術,小,気合・耐久力・四象,水,ステータス,0.0022,2.24,0.004928,水=対象ライン3人水合計×因縁係数×2.24,陣形値=因縁値合算×陣形倍率,floor(因縁値合算+陣形値)
4,陰陽師,職業因縁,陰陽道,仙道,召喚術,小,気合・耐久力・四象,火,ステータス,0.0022,2.24,0.004928,火=対象ライン3人火合計×因縁係数×2.24,陣形値=因縁値合算×陣形倍率,floor(因縁値合算+陣形値)
4,陰陽師,職業因縁,陰陽道,仙道,召喚術,小,気合・耐久力・四象,風,ステータス,0.0022,2.24,0.004928,風=対象ライン3人風合計×因縁係数×2.24,陣形値=因縁値合算×陣形倍率,floor(因縁値合算+陣形値)
5,忍者,職業因縁,忍法,暗殺術,忍術,特大,生命力,生命,生命,0.0077,2.24,0.017248,生命=対象ライン3人生命合計×因縁係数×2.24,陣形値=因縁値合算×陣形倍率,floor(因縁値合算+陣形値)
5,忍者,職業因縁,忍法,暗殺術,忍術,中,器用,器用さ,ステータス,0.0044,2.24,0.009856,器用さ=対象ライン3人器用さ合計×因縁係数×2.24,陣形値=因縁値合算×陣形倍率,floor(因縁値合算+陣形値)
5,忍者,職業因縁,忍法,暗殺術,忍術,小,腕力・知力・四象,腕力,ステータス,0.0022,2.24,0.004928,腕力=対象ライン3人腕力合計×因縁係数×2.24,陣形値=因縁値合算×陣形倍率,floor(因縁値合算+陣形値)
5,忍者,職業因縁,忍法,暗殺術,忍術,小,腕力・知力・四象,知力,ステータス,0.0022,2.24,0.004928,知力=対象ライン3人知力合計×因縁係数×2.24,陣形値=因縁値合算×陣形倍率,floor(因縁値合算+陣形値)
5,忍者,職業因縁,忍法,暗殺術,忍術,小,腕力・知力・四象,土,ステータス,0.0022,2.24,0.004928,土=対象ライン3人土合計×因縁係数×2.24,陣形値=因縁値合算×陣形倍率,floor(因縁値合算+陣形値)
5,忍者,職業因縁,忍法,暗殺術,忍術,小,腕力・知力・四象,水,ステータス,0.0022,2.24,0.004928,水=対象ライン3人水合計×因縁係数×2.24,陣形値=因縁値合算×陣形倍率,floor(因縁値合算+陣形値)
5,忍者,職業因縁,忍法,暗殺術,忍術,小,腕力・知力・四象,火,ステータス,0.0022,2.24,0.004928,火=対象ライン3人火合計×因縁係数×2.24,陣形値=因縁値合算×陣形倍率,floor(因縁値合算+陣形値)
5,忍者,職業因縁,忍法,暗殺術,忍術,小,腕力・知力・四象,風,ステータス,0.0022,2.24,0.004928,風=対象ライン3人風合計×因縁係数×2.24,陣形値=因縁値合算×陣形倍率,floor(因縁値合算+陣形値)
6,鍛冶屋,職業因縁,刀鍛冶,鎧鍛冶,鉄砲鍛冶,特大,生命力,生命,生命,0.0077,2.24,0.017248,生命=対象ライン3人生命合計×因縁係数×2.24,陣形値=因縁値合算×陣形倍率,floor(因縁値合算+陣形値)
6,鍛冶屋,職業因縁,刀鍛冶,鎧鍛冶,鉄砲鍛冶,中,耐久力,耐久力,ステータス,0.0044,2.24,0.009856,耐久力=対象ライン3人耐久力合計×因縁係数×2.24,陣形値=因縁値合算×陣形倍率,floor(因縁値合算+陣形値)
6,鍛冶屋,職業因縁,刀鍛冶,鎧鍛冶,鉄砲鍛冶,小,腕力・器用さ・魅力,腕力,ステータス,0.0022,2.24,0.004928,腕力=対象ライン3人腕力合計×因縁係数×2.24,陣形値=因縁値合算×陣形倍率,floor(因縁値合算+陣形値)
6,鍛冶屋,職業因縁,刀鍛冶,鎧鍛冶,鉄砲鍛冶,小,腕力・器用さ・魅力,器用さ,ステータス,0.0022,2.24,0.004928,器用さ=対象ライン3人器用さ合計×因縁係数×2.24,陣形値=因縁値合算×陣形倍率,floor(因縁値合算+陣形値)
6,鍛冶屋,職業因縁,刀鍛冶,鎧鍛冶,鉄砲鍛冶,小,腕力・器用さ・魅力,魅力,ステータス,0.0022,2.24,0.004928,魅力=対象ライン3人魅力合計×因縁係数×2.24,陣形値=因縁値合算×陣形倍率,floor(因縁値合算+陣形値)
7,薬師,職業因縁,医学,神通力,修験道,特大,生命力,生命,生命,0.0077,2.24,0.017248,生命=対象ライン3人生命合計×因縁係数×2.24,陣形値=因縁値合算×陣形倍率,floor(因縁値合算+陣形値)
7,薬師,職業因縁,医学,神通力,修験道,中,魅力,魅力,ステータス,0.0044,2.24,0.009856,魅力=対象ライン3人魅力合計×因縁係数×2.24,陣形値=因縁値合算×陣形倍率,floor(因縁値合算+陣形値)
7,薬師,職業因縁,医学,神通力,修験道,小,気合・知力・四象,気合,気合,0.003,2.24,0.00672,気合=対象ライン3人気合合計×因縁係数×2.24,陣形値=因縁値合算×陣形倍率,floor(因縁値合算+陣形値)
7,薬師,職業因縁,医学,神通力,修験道,小,気合・知力・四象,知力,ステータス,0.0022,2.24,0.004928,知力=対象ライン3人知力合計×因縁係数×2.24,陣形値=因縁値合算×陣形倍率,floor(因縁値合算+陣形値)
7,薬師,職業因縁,医学,神通力,修験道,小,気合・知力・四象,土,ステータス,0.0022,2.24,0.004928,土=対象ライン3人土合計×因縁係数×2.24,陣形値=因縁値合算×陣形倍率,floor(因縁値合算+陣形値)
7,薬師,職業因縁,医学,神通力,修験道,小,気合・知力・四象,水,ステータス,0.0022,2.24,0.004928,水=対象ライン3人水合計×因縁係数×2.24,陣形値=因縁値合算×陣形倍率,floor(因縁値合算+陣形値)
7,薬師,職業因縁,医学,神通力,修験道,小,気合・知力・四象,火,ステータス,0.0022,2.24,0.004928,火=対象ライン3人火合計×因縁係数×2.24,陣形値=因縁値合算×陣形倍率,floor(因縁値合算+陣形値)
7,薬師,職業因縁,医学,神通力,修験道,小,気合・知力・四象,風,ステータス,0.0022,2.24,0.004928,風=対象ライン3人風合計×因縁係数×2.24,陣形値=因縁値合算×陣形倍率,floor(因縁値合算+陣形値)
8,傾奇者,職業因縁,四象,地勢,殺陣,特大,生命力,生命,生命,0.0077,2.24,0.017248,生命=対象ライン3人生命合計×因縁係数×2.24,陣形値=因縁値合算×陣形倍率,floor(因縁値合算+陣形値)
8,傾奇者,職業因縁,四象,地勢,殺陣,中,四象,土,ステータス,0.0044,2.24,0.009856,土=対象ライン3人土合計×因縁係数×2.24,陣形値=因縁値合算×陣形倍率,floor(因縁値合算+陣形値)
8,傾奇者,職業因縁,四象,地勢,殺陣,中,四象,水,ステータス,0.0044,2.24,0.009856,水=対象ライン3人水合計×因縁係数×2.24,陣形値=因縁値合算×陣形倍率,floor(因縁値合算+陣形値)
8,傾奇者,職業因縁,四象,地勢,殺陣,中,四象,火,ステータス,0.0044,2.24,0.009856,火=対象ライン3人火合計×因縁係数×2.24,陣形値=因縁値合算×陣形倍率,floor(因縁値合算+陣形値)
8,傾奇者,職業因縁,四象,地勢,殺陣,中,四象,風,ステータス,0.0044,2.24,0.009856,風=対象ライン3人風合計×因縁係数×2.24,陣形値=因縁値合算×陣形倍率,floor(因縁値合算+陣形値)
8,傾奇者,職業因縁,四象,地勢,殺陣,小,腕力・耐久力・知力,腕力,ステータス,0.0022,2.24,0.004928,腕力=対象ライン3人腕力合計×因縁係数×2.24,陣形値=因縁値合算×陣形倍率,floor(因縁値合算+陣形値)
8,傾奇者,職業因縁,四象,地勢,殺陣,小,腕力・耐久力・知力,耐久力,ステータス,0.0022,2.24,0.004928,耐久力=対象ライン3人耐久力合計×因縁係数×2.24,陣形値=因縁値合算×陣形倍率,floor(因縁値合算+陣形値)
8,傾奇者,職業因縁,四象,地勢,殺陣,小,腕力・耐久力・知力,知力,ステータス,0.0022,2.24,0.004928,知力=対象ライン3人知力合計×因縁係数×2.24,陣形値=因縁値合算×陣形倍率,floor(因縁値合算+陣形値)
9,武士道の絆,特化因縁,武士道,武士道,武士道,特大,生命力,生命,生命,0.0077,2.24,0.017248,生命=対象ライン3人生命合計×因縁係数×2.24,陣形値=因縁値合算×陣形倍率,floor(因縁値合算+陣形値)
9,武士道の絆,特化因縁,武士道,武士道,武士道,中,気合・耐久力・魅力,気合,気合,0.006,2.24,0.01344,気合=対象ライン3人気合合計×因縁係数×2.24,陣形値=因縁値合算×陣形倍率,floor(因縁値合算+陣形値)
9,武士道の絆,特化因縁,武士道,武士道,武士道,中,気合・耐久力・魅力,耐久力,ステータス,0.0044,2.24,0.009856,耐久力=対象ライン3人耐久力合計×因縁係数×2.24,陣形値=因縁値合算×陣形倍率,floor(因縁値合算+陣形値)
9,武士道の絆,特化因縁,武士道,武士道,武士道,中,気合・耐久力・魅力,魅力,ステータス,0.0044,2.24,0.009856,魅力=対象ライン3人魅力合計×因縁係数×2.24,陣形値=因縁値合算×陣形倍率,floor(因縁値合算+陣形値)
10,武芸の絆,特化因縁,武芸,武芸,武芸,特大,生命力,生命,生命,0.0077,2.24,0.017248,生命=対象ライン3人生命合計×因縁係数×2.24,陣形値=因縁値合算×陣形倍率,floor(因縁値合算+陣形値)
10,武芸の絆,特化因縁,武芸,武芸,武芸,中,腕力・耐久力・器用さ,腕力,ステータス,0.0044,2.24,0.009856,腕力=対象ライン3人腕力合計×因縁係数×2.24,陣形値=因縁値合算×陣形倍率,floor(因縁値合算+陣形値)
10,武芸の絆,特化因縁,武芸,武芸,武芸,中,腕力・耐久力・器用さ,耐久力,ステータス,0.0044,2.24,0.009856,耐久力=対象ライン3人耐久力合計×因縁係数×2.24,陣形値=因縁値合算×陣形倍率,floor(因縁値合算+陣形値)
10,武芸の絆,特化因縁,武芸,武芸,武芸,中,腕力・耐久力・器用さ,器用さ,ステータス,0.0044,2.24,0.009856,器用さ=対象ライン3人器用さ合計×因縁係数×2.24,陣形値=因縁値合算×陣形倍率,floor(因縁値合算+陣形値)
11,軍学の絆,特化因縁,軍学,軍学,軍学,特大,生命力,生命,生命,0.0077,2.24,0.017248,生命=対象ライン3人生命合計×因縁係数×2.24,陣形値=因縁値合算×陣形倍率,floor(因縁値合算+陣形値)
11,軍学の絆,特化因縁,軍学,軍学,軍学,中,耐久力・知力・魅力,耐久力,ステータス,0.0044,2.24,0.009856,耐久力=対象ライン3人耐久力合計×因縁係数×2.24,陣形値=因縁値合算×陣形倍率,floor(因縁値合算+陣形値)
11,軍学の絆,特化因縁,軍学,軍学,軍学,中,耐久力・知力・魅力,知力,ステータス,0.0044,2.24,0.009856,知力=対象ライン3人知力合計×因縁係数×2.24,陣形値=因縁値合算×陣形倍率,floor(因縁値合算+陣形値)
11,軍学の絆,特化因縁,軍学,軍学,軍学,中,耐久力・知力・魅力,魅力,ステータス,0.0044,2.24,0.009856,魅力=対象ライン3人魅力合計×因縁係数×2.24,陣形値=因縁値合算×陣形倍率,floor(因縁値合算+陣形値)
12,僧兵の絆,特化因縁,僧兵,僧兵,僧兵,特大,生命力,生命,生命,0.0077,2.24,0.017248,生命=対象ライン3人生命合計×因縁係数×2.24,陣形値=因縁値合算×陣形倍率,floor(因縁値合算+陣形値)
12,僧兵の絆,特化因縁,僧兵,僧兵,僧兵,中,腕力・耐久力・知力,腕力,ステータス,0.0044,2.24,0.009856,腕力=対象ライン3人腕力合計×因縁係数×2.24,陣形値=因縁値合算×陣形倍率,floor(因縁値合算+陣形値)
12,僧兵の絆,特化因縁,僧兵,僧兵,僧兵,中,腕力・耐久力・知力,耐久力,ステータス,0.0044,2.24,0.009856,耐久力=対象ライン3人耐久力合計×因縁係数×2.24,陣形値=因縁値合算×陣形倍率,floor(因縁値合算+陣形値)
12,僧兵の絆,特化因縁,僧兵,僧兵,僧兵,中,腕力・耐久力・知力,知力,ステータス,0.0044,2.24,0.009856,知力=対象ライン3人知力合計×因縁係数×2.24,陣形値=因縁値合算×陣形倍率,floor(因縁値合算+陣形値)
13,仏門の絆,特化因縁,仏門,仏門,仏門,特大,生命力,生命,生命,0.0077,2.24,0.017248,生命=対象ライン3人生命合計×因縁係数×2.24,陣形値=因縁値合算×陣形倍率,floor(因縁値合算+陣形値)
13,仏門の絆,特化因縁,仏門,仏門,仏門,中,気合・知力・魅力,気合,気合,0.006,2.24,0.01344,気合=対象ライン3人気合合計×因縁係数×2.24,陣形値=因縁値合算×陣形倍率,floor(因縁値合算+陣形値)
13,仏門の絆,特化因縁,仏門,仏門,仏門,中,気合・知力・魅力,知力,ステータス,0.0044,2.24,0.009856,知力=対象ライン3人知力合計×因縁係数×2.24,陣形値=因縁値合算×陣形倍率,floor(因縁値合算+陣形値)
13,仏門の絆,特化因縁,仏門,仏門,仏門,中,気合・知力・魅力,魅力,ステータス,0.0044,2.24,0.009856,魅力=対象ライン3人魅力合計×因縁係数×2.24,陣形値=因縁値合算×陣形倍率,floor(因縁値合算+陣形値)
14,密教の絆,特化因縁,密教,密教,密教,特大,生命力,生命,生命,0.0077,2.24,0.017248,生命=対象ライン3人生命合計×因縁係数×2.24,陣形値=因縁値合算×陣形倍率,floor(因縁値合算+陣形値)
14,密教の絆,特化因縁,密教,密教,密教,中,知力・魅力・四象,知力,ステータス,0.0044,2.24,0.009856,知力=対象ライン3人知力合計×因縁係数×2.24,陣形値=因縁値合算×陣形倍率,floor(因縁値合算+陣形値)
14,密教の絆,特化因縁,密教,密教,密教,中,知力・魅力・四象,魅力,ステータス,0.0044,2.24,0.009856,魅力=対象ライン3人魅力合計×因縁係数×2.24,陣形値=因縁値合算×陣形倍率,floor(因縁値合算+陣形値)
14,密教の絆,特化因縁,密教,密教,密教,中,知力・魅力・四象,土,ステータス,0.0044,2.24,0.009856,土=対象ライン3人土合計×因縁係数×2.24,陣形値=因縁値合算×陣形倍率,floor(因縁値合算+陣形値)
14,密教の絆,特化因縁,密教,密教,密教,中,知力・魅力・四象,水,ステータス,0.0044,2.24,0.009856,水=対象ライン3人水合計×因縁係数×2.24,陣形値=因縁値合算×陣形倍率,floor(因縁値合算+陣形値)
14,密教の絆,特化因縁,密教,密教,密教,中,知力・魅力・四象,火,ステータス,0.0044,2.24,0.009856,火=対象ライン3人火合計×因縁係数×2.24,陣形値=因縁値合算×陣形倍率,floor(因縁値合算+陣形値)
14,密教の絆,特化因縁,密教,密教,密教,中,知力・魅力・四象,風,ステータス,0.0044,2.24,0.009856,風=対象ライン3人風合計×因縁係数×2.24,陣形値=因縁値合算×陣形倍率,floor(因縁値合算+陣形値)
15,神道の絆,特化因縁,神道,神道,神道,特大,生命力,生命,生命,0.0077,2.24,0.017248,生命=対象ライン3人生命合計×因縁係数×2.24,陣形値=因縁値合算×陣形倍率,floor(因縁値合算+陣形値)
15,神道の絆,特化因縁,神道,神道,神道,中,腕力・器用さ・知力,腕力,ステータス,0.0044,2.24,0.009856,腕力=対象ライン3人腕力合計×因縁係数×2.24,陣形値=因縁値合算×陣形倍率,floor(因縁値合算+陣形値)
15,神道の絆,特化因縁,神道,神道,神道,中,腕力・器用さ・知力,器用さ,ステータス,0.0044,2.24,0.009856,器用さ=対象ライン3人器用さ合計×因縁係数×2.24,陣形値=因縁値合算×陣形倍率,floor(因縁値合算+陣形値)
15,神道の絆,特化因縁,神道,神道,神道,中,腕力・器用さ・知力,知力,ステータス,0.0044,2.24,0.009856,知力=対象ライン3人知力合計×因縁係数×2.24,陣形値=因縁値合算×陣形倍率,floor(因縁値合算+陣形値)
16,古神道の絆,特化因縁,古神道,古神道,古神道,特大,生命力,生命,生命,0.0077,2.24,0.017248,生命=対象ライン3人生命合計×因縁係数×2.24,陣形値=因縁値合算×陣形倍率,floor(因縁値合算+陣形値)
16,古神道の絆,特化因縁,古神道,古神道,古神道,中,気合・知力・四象,気合,気合,0.006,2.24,0.01344,気合=対象ライン3人気合合計×因縁係数×2.24,陣形値=因縁値合算×陣形倍率,floor(因縁値合算+陣形値)
16,古神道の絆,特化因縁,古神道,古神道,古神道,中,気合・知力・四象,知力,ステータス,0.0044,2.24,0.009856,知力=対象ライン3人知力合計×因縁係数×2.24,陣形値=因縁値合算×陣形倍率,floor(因縁値合算+陣形値)
16,古神道の絆,特化因縁,古神道,古神道,古神道,中,気合・知力・四象,土,ステータス,0.0044,2.24,0.009856,土=対象ライン3人土合計×因縁係数×2.24,陣形値=因縁値合算×陣形倍率,floor(因縁値合算+陣形値)
16,古神道の絆,特化因縁,古神道,古神道,古神道,中,気合・知力・四象,水,ステータス,0.0044,2.24,0.009856,水=対象ライン3人水合計×因縁係数×2.24,陣形値=因縁値合算×陣形倍率,floor(因縁値合算+陣形値)
16,古神道の絆,特化因縁,古神道,古神道,古神道,中,気合・知力・四象,火,ステータス,0.0044,2.24,0.009856,火=対象ライン3人火合計×因縁係数×2.24,陣形値=因縁値合算×陣形倍率,floor(因縁値合算+陣形値)
16,古神道の絆,特化因縁,古神道,古神道,古神道,中,気合・知力・四象,風,ステータス,0.0044,2.24,0.009856,風=対象ライン3人風合計×因縁係数×2.24,陣形値=因縁値合算×陣形倍率,floor(因縁値合算+陣形値)
17,雅楽の絆,特化因縁,雅楽,雅楽,雅楽,特大,生命力,生命,生命,0.0077,2.24,0.017248,生命=対象ライン3人生命合計×因縁係数×2.24,陣形値=因縁値合算×陣形倍率,floor(因縁値合算+陣形値)
17,雅楽の絆,特化因縁,雅楽,雅楽,雅楽,中,知力・魅力・四象,知力,ステータス,0.0044,2.24,0.009856,知力=対象ライン3人知力合計×因縁係数×2.24,陣形値=因縁値合算×陣形倍率,floor(因縁値合算+陣形値)
17,雅楽の絆,特化因縁,雅楽,雅楽,雅楽,中,知力・魅力・四象,魅力,ステータス,0.0044,2.24,0.009856,魅力=対象ライン3人魅力合計×因縁係数×2.24,陣形値=因縁値合算×陣形倍率,floor(因縁値合算+陣形値)
17,雅楽の絆,特化因縁,雅楽,雅楽,雅楽,中,知力・魅力・四象,土,ステータス,0.0044,2.24,0.009856,土=対象ライン3人土合計×因縁係数×2.24,陣形値=因縁値合算×陣形倍率,floor(因縁値合算+陣形値)
17,雅楽の絆,特化因縁,雅楽,雅楽,雅楽,中,知力・魅力・四象,水,ステータス,0.0044,2.24,0.009856,水=対象ライン3人水合計×因縁係数×2.24,陣形値=因縁値合算×陣形倍率,floor(因縁値合算+陣形値)
17,雅楽の絆,特化因縁,雅楽,雅楽,雅楽,中,知力・魅力・四象,火,ステータス,0.0044,2.24,0.009856,火=対象ライン3人火合計×因縁係数×2.24,陣形値=因縁値合算×陣形倍率,floor(因縁値合算+陣形値)
17,雅楽の絆,特化因縁,雅楽,雅楽,雅楽,中,知力・魅力・四象,風,ステータス,0.0044,2.24,0.009856,風=対象ライン3人風合計×因縁係数×2.24,陣形値=因縁値合算×陣形倍率,floor(因縁値合算+陣形値)
18,陰陽道の絆,特化因縁,陰陽道,陰陽道,陰陽道,特大,生命力,生命,生命,0.0077,2.24,0.017248,生命=対象ライン3人生命合計×因縁係数×2.24,陣形値=因縁値合算×陣形倍率,floor(因縁値合算+陣形値)
18,陰陽道の絆,特化因縁,陰陽道,陰陽道,陰陽道,中,知力・魅力・四象,知力,ステータス,0.0044,2.24,0.009856,知力=対象ライン3人知力合計×因縁係数×2.24,陣形値=因縁値合算×陣形倍率,floor(因縁値合算+陣形値)
18,陰陽道の絆,特化因縁,陰陽道,陰陽道,陰陽道,中,知力・魅力・四象,魅力,ステータス,0.0044,2.24,0.009856,魅力=対象ライン3人魅力合計×因縁係数×2.24,陣形値=因縁値合算×陣形倍率,floor(因縁値合算+陣形値)
18,陰陽道の絆,特化因縁,陰陽道,陰陽道,陰陽道,中,知力・魅力・四象,土,ステータス,0.0044,2.24,0.009856,土=対象ライン3人土合計×因縁係数×2.24,陣形値=因縁値合算×陣形倍率,floor(因縁値合算+陣形値)
18,陰陽道の絆,特化因縁,陰陽道,陰陽道,陰陽道,中,知力・魅力・四象,水,ステータス,0.0044,2.24,0.009856,水=対象ライン3人水合計×因縁係数×2.24,陣形値=因縁値合算×陣形倍率,floor(因縁値合算+陣形値)
18,陰陽道の絆,特化因縁,陰陽道,陰陽道,陰陽道,中,知力・魅力・四象,火,ステータス,0.0044,2.24,0.009856,火=対象ライン3人火合計×因縁係数×2.24,陣形値=因縁値合算×陣形倍率,floor(因縁値合算+陣形値)
18,陰陽道の絆,特化因縁,陰陽道,陰陽道,陰陽道,中,知力・魅力・四象,風,ステータス,0.0044,2.24,0.009856,風=対象ライン3人風合計×因縁係数×2.24,陣形値=因縁値合算×陣形倍率,floor(因縁値合算+陣形値)
19,仙道の絆,特化因縁,仙道,仙道,仙道,特大,生命力,生命,生命,0.0077,2.24,0.017248,生命=対象ライン3人生命合計×因縁係数×2.24,陣形値=因縁値合算×陣形倍率,floor(因縁値合算+陣形値)
19,仙道の絆,特化因縁,仙道,仙道,仙道,中,気合・知力・魅力,気合,気合,0.006,2.24,0.01344,気合=対象ライン3人気合合計×因縁係数×2.24,陣形値=因縁値合算×陣形倍率,floor(因縁値合算+陣形値)
19,仙道の絆,特化因縁,仙道,仙道,仙道,中,気合・知力・魅力,知力,ステータス,0.0044,2.24,0.009856,知力=対象ライン3人知力合計×因縁係数×2.24,陣形値=因縁値合算×陣形倍率,floor(因縁値合算+陣形値)
19,仙道の絆,特化因縁,仙道,仙道,仙道,中,気合・知力・魅力,魅力,ステータス,0.0044,2.24,0.009856,魅力=対象ライン3人魅力合計×因縁係数×2.24,陣形値=因縁値合算×陣形倍率,floor(因縁値合算+陣形値)
20,召喚術の絆,特化因縁,召喚術,召喚術,召喚術,特大,生命力,生命,生命,0.0077,2.24,0.017248,生命=対象ライン3人生命合計×因縁係数×2.24,陣形値=因縁値合算×陣形倍率,floor(因縁値合算+陣形値)
20,召喚術の絆,特化因縁,召喚術,召喚術,召喚術,中,耐久力・知力・四象,耐久力,ステータス,0.0044,2.24,0.009856,耐久力=対象ライン3人耐久力合計×因縁係数×2.24,陣形値=因縁値合算×陣形倍率,floor(因縁値合算+陣形値)
20,召喚術の絆,特化因縁,召喚術,召喚術,召喚術,中,耐久力・知力・四象,知力,ステータス,0.0044,2.24,0.009856,知力=対象ライン3人知力合計×因縁係数×2.24,陣形値=因縁値合算×陣形倍率,floor(因縁値合算+陣形値)
20,召喚術の絆,特化因縁,召喚術,召喚術,召喚術,中,耐久力・知力・四象,土,ステータス,0.0044,2.24,0.009856,土=対象ライン3人土合計×因縁係数×2.24,陣形値=因縁値合算×陣形倍率,floor(因縁値合算+陣形値)
20,召喚術の絆,特化因縁,召喚術,召喚術,召喚術,中,耐久力・知力・四象,水,ステータス,0.0044,2.24,0.009856,水=対象ライン3人水合計×因縁係数×2.24,陣形値=因縁値合算×陣形倍率,floor(因縁値合算+陣形値)
20,召喚術の絆,特化因縁,召喚術,召喚術,召喚術,中,耐久力・知力・四象,火,ステータス,0.0044,2.24,0.009856,火=対象ライン3人火合計×因縁係数×2.24,陣形値=因縁値合算×陣形倍率,floor(因縁値合算+陣形値)
20,召喚術の絆,特化因縁,召喚術,召喚術,召喚術,中,耐久力・知力・四象,風,ステータス,0.0044,2.24,0.009856,風=対象ライン3人風合計×因縁係数×2.24,陣形値=因縁値合算×陣形倍率,floor(因縁値合算+陣形値)
21,忍法の絆,特化因縁,忍法,忍法,忍法,特大,生命力,生命,生命,0.0077,2.24,0.017248,生命=対象ライン3人生命合計×因縁係数×2.24,陣形値=因縁値合算×陣形倍率,floor(因縁値合算+陣形値)
21,忍法の絆,特化因縁,忍法,忍法,忍法,中,腕力・器用さ・魅力,腕力,ステータス,0.0044,2.24,0.009856,腕力=対象ライン3人腕力合計×因縁係数×2.24,陣形値=因縁値合算×陣形倍率,floor(因縁値合算+陣形値)
21,忍法の絆,特化因縁,忍法,忍法,忍法,中,腕力・器用さ・魅力,器用さ,ステータス,0.0044,2.24,0.009856,器用さ=対象ライン3人器用さ合計×因縁係数×2.24,陣形値=因縁値合算×陣形倍率,floor(因縁値合算+陣形値)
21,忍法の絆,特化因縁,忍法,忍法,忍法,中,腕力・器用さ・魅力,魅力,ステータス,0.0044,2.24,0.009856,魅力=対象ライン3人魅力合計×因縁係数×2.24,陣形値=因縁値合算×陣形倍率,floor(因縁値合算+陣形値)
22,暗殺術の絆,特化因縁,暗殺術,暗殺術,暗殺術,特大,生命力,生命,生命,0.0077,2.24,0.017248,生命=対象ライン3人生命合計×因縁係数×2.24,陣形値=因縁値合算×陣形倍率,floor(因縁値合算+陣形値)
22,暗殺術の絆,特化因縁,暗殺術,暗殺術,暗殺術,中,腕力・器用さ・魅力,腕力,ステータス,0.0044,2.24,0.009856,腕力=対象ライン3人腕力合計×因縁係数×2.24,陣形値=因縁値合算×陣形倍率,floor(因縁値合算+陣形値)
22,暗殺術の絆,特化因縁,暗殺術,暗殺術,暗殺術,中,腕力・器用さ・魅力,器用さ,ステータス,0.0044,2.24,0.009856,器用さ=対象ライン3人器用さ合計×因縁係数×2.24,陣形値=因縁値合算×陣形倍率,floor(因縁値合算+陣形値)
22,暗殺術の絆,特化因縁,暗殺術,暗殺術,暗殺術,中,腕力・器用さ・魅力,魅力,ステータス,0.0044,2.24,0.009856,魅力=対象ライン3人魅力合計×因縁係数×2.24,陣形値=因縁値合算×陣形倍率,floor(因縁値合算+陣形値)
23,忍術の絆,特化因縁,忍術,忍術,忍術,特大,生命力,生命,生命,0.0077,2.24,0.017248,生命=対象ライン3人生命合計×因縁係数×2.24,陣形値=因縁値合算×陣形倍率,floor(因縁値合算+陣形値)
23,忍術の絆,特化因縁,忍術,忍術,忍術,中,器用さ・知力・四象,器用さ,ステータス,0.0044,2.24,0.009856,器用さ=対象ライン3人器用さ合計×因縁係数×2.24,陣形値=因縁値合算×陣形倍率,floor(因縁値合算+陣形値)
23,忍術の絆,特化因縁,忍術,忍術,忍術,中,器用さ・知力・四象,知力,ステータス,0.0044,2.24,0.009856,知力=対象ライン3人知力合計×因縁係数×2.24,陣形値=因縁値合算×陣形倍率,floor(因縁値合算+陣形値)
23,忍術の絆,特化因縁,忍術,忍術,忍術,中,器用さ・知力・四象,土,ステータス,0.0044,2.24,0.009856,土=対象ライン3人土合計×因縁係数×2.24,陣形値=因縁値合算×陣形倍率,floor(因縁値合算+陣形値)
23,忍術の絆,特化因縁,忍術,忍術,忍術,中,器用さ・知力・四象,水,ステータス,0.0044,2.24,0.009856,水=対象ライン3人水合計×因縁係数×2.24,陣形値=因縁値合算×陣形倍率,floor(因縁値合算+陣形値)
23,忍術の絆,特化因縁,忍術,忍術,忍術,中,器用さ・知力・四象,火,ステータス,0.0044,2.24,0.009856,火=対象ライン3人火合計×因縁係数×2.24,陣形値=因縁値合算×陣形倍率,floor(因縁値合算+陣形値)
23,忍術の絆,特化因縁,忍術,忍術,忍術,中,器用さ・知力・四象,風,ステータス,0.0044,2.24,0.009856,風=対象ライン3人風合計×因縁係数×2.24,陣形値=因縁値合算×陣形倍率,floor(因縁値合算+陣形値)
24,刀鍛冶の絆,特化因縁,刀鍛冶,刀鍛冶,刀鍛冶,特大,生命力,生命,生命,0.0077,2.24,0.017248,生命=対象ライン3人生命合計×因縁係数×2.24,陣形値=因縁値合算×陣形倍率,floor(因縁値合算+陣形値)
24,刀鍛冶の絆,特化因縁,刀鍛冶,刀鍛冶,刀鍛冶,中,腕力・耐久力・魅力,腕力,ステータス,0.0044,2.24,0.009856,腕力=対象ライン3人腕力合計×因縁係数×2.24,陣形値=因縁値合算×陣形倍率,floor(因縁値合算+陣形値)
24,刀鍛冶の絆,特化因縁,刀鍛冶,刀鍛冶,刀鍛冶,中,腕力・耐久力・魅力,耐久力,ステータス,0.0044,2.24,0.009856,耐久力=対象ライン3人耐久力合計×因縁係数×2.24,陣形値=因縁値合算×陣形倍率,floor(因縁値合算+陣形値)
24,刀鍛冶の絆,特化因縁,刀鍛冶,刀鍛冶,刀鍛冶,中,腕力・耐久力・魅力,魅力,ステータス,0.0044,2.24,0.009856,魅力=対象ライン3人魅力合計×因縁係数×2.24,陣形値=因縁値合算×陣形倍率,floor(因縁値合算+陣形値)
25,鎧鍛冶の絆,特化因縁,鎧鍛冶,鎧鍛冶,鎧鍛冶,特大,生命力,生命,生命,0.0077,2.24,0.017248,生命=対象ライン3人生命合計×因縁係数×2.24,陣形値=因縁値合算×陣形倍率,floor(因縁値合算+陣形値)
25,鎧鍛冶の絆,特化因縁,鎧鍛冶,鎧鍛冶,鎧鍛冶,中,耐久力・魅力・四象,耐久力,ステータス,0.0044,2.24,0.009856,耐久力=対象ライン3人耐久力合計×因縁係数×2.24,陣形値=因縁値合算×陣形倍率,floor(因縁値合算+陣形値)
25,鎧鍛冶の絆,特化因縁,鎧鍛冶,鎧鍛冶,鎧鍛冶,中,耐久力・魅力・四象,魅力,ステータス,0.0044,2.24,0.009856,魅力=対象ライン3人魅力合計×因縁係数×2.24,陣形値=因縁値合算×陣形倍率,floor(因縁値合算+陣形値)
25,鎧鍛冶の絆,特化因縁,鎧鍛冶,鎧鍛冶,鎧鍛冶,中,耐久力・魅力・四象,土,ステータス,0.0044,2.24,0.009856,土=対象ライン3人土合計×因縁係数×2.24,陣形値=因縁値合算×陣形倍率,floor(因縁値合算+陣形値)
25,鎧鍛冶の絆,特化因縁,鎧鍛冶,鎧鍛冶,鎧鍛冶,中,耐久力・魅力・四象,水,ステータス,0.0044,2.24,0.009856,水=対象ライン3人水合計×因縁係数×2.24,陣形値=因縁値合算×陣形倍率,floor(因縁値合算+陣形値)
25,鎧鍛冶の絆,特化因縁,鎧鍛冶,鎧鍛冶,鎧鍛冶,中,耐久力・魅力・四象,火,ステータス,0.0044,2.24,0.009856,火=対象ライン3人火合計×因縁係数×2.24,陣形値=因縁値合算×陣形倍率,floor(因縁値合算+陣形値)
25,鎧鍛冶の絆,特化因縁,鎧鍛冶,鎧鍛冶,鎧鍛冶,中,耐久力・魅力・四象,風,ステータス,0.0044,2.24,0.009856,風=対象ライン3人風合計×因縁係数×2.24,陣形値=因縁値合算×陣形倍率,floor(因縁値合算+陣形値)
26,鉄砲鍛冶の絆,特化因縁,鉄砲鍛冶,鉄砲鍛冶,鉄砲鍛冶,特大,生命力,生命,生命,0.0077,2.24,0.017248,生命=対象ライン3人生命合計×因縁係数×2.24,陣形値=因縁値合算×陣形倍率,floor(因縁値合算+陣形値)
26,鉄砲鍛冶の絆,特化因縁,鉄砲鍛冶,鉄砲鍛冶,鉄砲鍛冶,中,腕力・耐久力・器用さ,腕力,ステータス,0.0044,2.24,0.009856,腕力=対象ライン3人腕力合計×因縁係数×2.24,陣形値=因縁値合算×陣形倍率,floor(因縁値合算+陣形値)
26,鉄砲鍛冶の絆,特化因縁,鉄砲鍛冶,鉄砲鍛冶,鉄砲鍛冶,中,腕力・耐久力・器用さ,耐久力,ステータス,0.0044,2.24,0.009856,耐久力=対象ライン3人耐久力合計×因縁係数×2.24,陣形値=因縁値合算×陣形倍率,floor(因縁値合算+陣形値)
26,鉄砲鍛冶の絆,特化因縁,鉄砲鍛冶,鉄砲鍛冶,鉄砲鍛冶,中,腕力・耐久力・器用さ,器用さ,ステータス,0.0044,2.24,0.009856,器用さ=対象ライン3人器用さ合計×因縁係数×2.24,陣形値=因縁値合算×陣形倍率,floor(因縁値合算+陣形値)
27,医学の絆,特化因縁,医学,医学,医学,特大,生命力,生命,生命,0.0077,2.24,0.017248,生命=対象ライン3人生命合計×因縁係数×2.24,陣形値=因縁値合算×陣形倍率,floor(因縁値合算+陣形値)
27,医学の絆,特化因縁,医学,医学,医学,中,気合・知力・魅力,気合,気合,0.006,2.24,0.01344,気合=対象ライン3人気合合計×因縁係数×2.24,陣形値=因縁値合算×陣形倍率,floor(因縁値合算+陣形値)
27,医学の絆,特化因縁,医学,医学,医学,中,気合・知力・魅力,知力,ステータス,0.0044,2.24,0.009856,知力=対象ライン3人知力合計×因縁係数×2.24,陣形値=因縁値合算×陣形倍率,floor(因縁値合算+陣形値)
27,医学の絆,特化因縁,医学,医学,医学,中,気合・知力・魅力,魅力,ステータス,0.0044,2.24,0.009856,魅力=対象ライン3人魅力合計×因縁係数×2.24,陣形値=因縁値合算×陣形倍率,floor(因縁値合算+陣形値)
28,神通力の絆,特化因縁,神通力,神通力,神通力,特大,生命力,生命,生命,0.0077,2.24,0.017248,生命=対象ライン3人生命合計×因縁係数×2.24,陣形値=因縁値合算×陣形倍率,floor(因縁値合算+陣形値)
28,神通力の絆,特化因縁,神通力,神通力,神通力,中,知力・魅力・四象,知力,ステータス,0.0044,2.24,0.009856,知力=対象ライン3人知力合計×因縁係数×2.24,陣形値=因縁値合算×陣形倍率,floor(因縁値合算+陣形値)
28,神通力の絆,特化因縁,神通力,神通力,神通力,中,知力・魅力・四象,魅力,ステータス,0.0044,2.24,0.009856,魅力=対象ライン3人魅力合計×因縁係数×2.24,陣形値=因縁値合算×陣形倍率,floor(因縁値合算+陣形値)
28,神通力の絆,特化因縁,神通力,神通力,神通力,中,知力・魅力・四象,土,ステータス,0.0044,2.24,0.009856,土=対象ライン3人土合計×因縁係数×2.24,陣形値=因縁値合算×陣形倍率,floor(因縁値合算+陣形値)
28,神通力の絆,特化因縁,神通力,神通力,神通力,中,知力・魅力・四象,水,ステータス,0.0044,2.24,0.009856,水=対象ライン3人水合計×因縁係数×2.24,陣形値=因縁値合算×陣形倍率,floor(因縁値合算+陣形値)
28,神通力の絆,特化因縁,神通力,神通力,神通力,中,知力・魅力・四象,火,ステータス,0.0044,2.24,0.009856,火=対象ライン3人火合計×因縁係数×2.24,陣形値=因縁値合算×陣形倍率,floor(因縁値合算+陣形値)
28,神通力の絆,特化因縁,神通力,神通力,神通力,中,知力・魅力・四象,風,ステータス,0.0044,2.24,0.009856,風=対象ライン3人風合計×因縁係数×2.24,陣形値=因縁値合算×陣形倍率,floor(因縁値合算+陣形値)
29,修験道の絆,特化因縁,修験道,修験道,修験道,特大,生命力,生命,生命,0.0077,2.24,0.017248,生命=対象ライン3人生命合計×因縁係数×2.24,陣形値=因縁値合算×陣形倍率,floor(因縁値合算+陣形値)
29,修験道の絆,特化因縁,修験道,修験道,修験道,中,気合・知力・魅力,気合,気合,0.006,2.24,0.01344,気合=対象ライン3人気合合計×因縁係数×2.24,陣形値=因縁値合算×陣形倍率,floor(因縁値合算+陣形値)
29,修験道の絆,特化因縁,修験道,修験道,修験道,中,気合・知力・魅力,知力,ステータス,0.0044,2.24,0.009856,知力=対象ライン3人知力合計×因縁係数×2.24,陣形値=因縁値合算×陣形倍率,floor(因縁値合算+陣形値)
29,修験道の絆,特化因縁,修験道,修験道,修験道,中,気合・知力・魅力,魅力,ステータス,0.0044,2.24,0.009856,魅力=対象ライン3人魅力合計×因縁係数×2.24,陣形値=因縁値合算×陣形倍率,floor(因縁値合算+陣形値)
30,四象の絆,特化因縁,四象,四象,四象,特大,生命力,生命,生命,0.0077,2.24,0.017248,生命=対象ライン3人生命合計×因縁係数×2.24,陣形値=因縁値合算×陣形倍率,floor(因縁値合算+陣形値)
30,四象の絆,特化因縁,四象,四象,四象,中,腕力・知力・四象,腕力,ステータス,0.0044,2.24,0.009856,腕力=対象ライン3人腕力合計×因縁係数×2.24,陣形値=因縁値合算×陣形倍率,floor(因縁値合算+陣形値)
30,四象の絆,特化因縁,四象,四象,四象,中,腕力・知力・四象,知力,ステータス,0.0044,2.24,0.009856,知力=対象ライン3人知力合計×因縁係数×2.24,陣形値=因縁値合算×陣形倍率,floor(因縁値合算+陣形値)
30,四象の絆,特化因縁,四象,四象,四象,中,腕力・知力・四象,土,ステータス,0.0044,2.24,0.009856,土=対象ライン3人土合計×因縁係数×2.24,陣形値=因縁値合算×陣形倍率,floor(因縁値合算+陣形値)
30,四象の絆,特化因縁,四象,四象,四象,中,腕力・知力・四象,水,ステータス,0.0044,2.24,0.009856,水=対象ライン3人水合計×因縁係数×2.24,陣形値=因縁値合算×陣形倍率,floor(因縁値合算+陣形値)
30,四象の絆,特化因縁,四象,四象,四象,中,腕力・知力・四象,火,ステータス,0.0044,2.24,0.009856,火=対象ライン3人火合計×因縁係数×2.24,陣形値=因縁値合算×陣形倍率,floor(因縁値合算+陣形値)
30,四象の絆,特化因縁,四象,四象,四象,中,腕力・知力・四象,風,ステータス,0.0044,2.24,0.009856,風=対象ライン3人風合計×因縁係数×2.24,陣形値=因縁値合算×陣形倍率,floor(因縁値合算+陣形値)
31,地勢の絆,特化因縁,地勢,地勢,地勢,特大,生命力,生命,生命,0.0077,2.24,0.017248,生命=対象ライン3人生命合計×因縁係数×2.24,陣形値=因縁値合算×陣形倍率,floor(因縁値合算+陣形値)
31,地勢の絆,特化因縁,地勢,地勢,地勢,小,気合・耐久力・器用さ・知力・魅力・四象,気合,気合,0.003,2.24,0.00672,気合=対象ライン3人気合合計×因縁係数×2.24,陣形値=因縁値合算×陣形倍率,floor(因縁値合算+陣形値)
31,地勢の絆,特化因縁,地勢,地勢,地勢,小,気合・耐久力・器用さ・知力・魅力・四象,耐久力,ステータス,0.0022,2.24,0.004928,耐久力=対象ライン3人耐久力合計×因縁係数×2.24,陣形値=因縁値合算×陣形倍率,floor(因縁値合算+陣形値)
31,地勢の絆,特化因縁,地勢,地勢,地勢,小,気合・耐久力・器用さ・知力・魅力・四象,器用さ,ステータス,0.0022,2.24,0.004928,器用さ=対象ライン3人器用さ合計×因縁係数×2.24,陣形値=因縁値合算×陣形倍率,floor(因縁値合算+陣形値)
31,地勢の絆,特化因縁,地勢,地勢,地勢,小,気合・耐久力・器用さ・知力・魅力・四象,知力,ステータス,0.0022,2.24,0.004928,知力=対象ライン3人知力合計×因縁係数×2.24,陣形値=因縁値合算×陣形倍率,floor(因縁値合算+陣形値)
31,地勢の絆,特化因縁,地勢,地勢,地勢,小,気合・耐久力・器用さ・知力・魅力・四象,魅力,ステータス,0.0022,2.24,0.004928,魅力=対象ライン3人魅力合計×因縁係数×2.24,陣形値=因縁値合算×陣形倍率,floor(因縁値合算+陣形値)
31,地勢の絆,特化因縁,地勢,地勢,地勢,小,気合・耐久力・器用さ・知力・魅力・四象,土,ステータス,0.0022,2.24,0.004928,土=対象ライン3人土合計×因縁係数×2.24,陣形値=因縁値合算×陣形倍率,floor(因縁値合算+陣形値)
31,地勢の絆,特化因縁,地勢,地勢,地勢,小,気合・耐久力・器用さ・知力・魅力・四象,水,ステータス,0.0022,2.24,0.004928,水=対象ライン3人水合計×因縁係数×2.24,陣形値=因縁値合算×陣形倍率,floor(因縁値合算+陣形値)
31,地勢の絆,特化因縁,地勢,地勢,地勢,小,気合・耐久力・器用さ・知力・魅力・四象,火,ステータス,0.0022,2.24,0.004928,火=対象ライン3人火合計×因縁係数×2.24,陣形値=因縁値合算×陣形倍率,floor(因縁値合算+陣形値)
31,地勢の絆,特化因縁,地勢,地勢,地勢,小,気合・耐久力・器用さ・知力・魅力・四象,風,ステータス,0.0022,2.24,0.004928,風=対象ライン3人風合計×因縁係数×2.24,陣形値=因縁値合算×陣形倍率,floor(因縁値合算+陣形値)
32,殺陣の絆,特化因縁,殺陣,殺陣,殺陣,特大,生命力,生命,生命,0.0077,2.24,0.017248,生命=対象ライン3人生命合計×因縁係数×2.24,陣形値=因縁値合算×陣形倍率,floor(因縁値合算+陣形値)
32,殺陣の絆,特化因縁,殺陣,殺陣,殺陣,中,腕力・器用さ・知力,腕力,ステータス,0.0044,2.24,0.009856,腕力=対象ライン3人腕力合計×因縁係数×2.24,陣形値=因縁値合算×陣形倍率,floor(因縁値合算+陣形値)
32,殺陣の絆,特化因縁,殺陣,殺陣,殺陣,中,腕力・器用さ・知力,器用さ,ステータス,0.0044,2.24,0.009856,器用さ=対象ライン3人器用さ合計×因縁係数×2.24,陣形値=因縁値合算×陣形倍率,floor(因縁値合算+陣形値)
32,殺陣の絆,特化因縁,殺陣,殺陣,殺陣,中,腕力・器用さ・知力,知力,ステータス,0.0044,2.24,0.009856,知力=対象ライン3人知力合計×因縁係数×2.24,陣形値=因縁値合算×陣形倍率,floor(因縁値合算+陣形値)
33,知将の絆,固有因縁,知将,知将,知将,特大,生命力,生命,生命,0.0084,2.24,0.018816,生命=対象ライン3人生命合計×因縁係数×2.24,陣形値=因縁値合算×陣形倍率,floor(因縁値合算+陣形値)
33,知将の絆,固有因縁,知将,知将,知将,大,知力・四象,知力,ステータス,0.0098,2.24,0.021952,知力=対象ライン3人知力合計×因縁係数×2.24,陣形値=因縁値合算×陣形倍率,floor(因縁値合算+陣形値)
33,知将の絆,固有因縁,知将,知将,知将,大,知力・四象,土,ステータス,0.0098,2.24,0.021952,土=対象ライン3人土合計×因縁係数×2.24,陣形値=因縁値合算×陣形倍率,floor(因縁値合算+陣形値)
33,知将の絆,固有因縁,知将,知将,知将,大,知力・四象,水,ステータス,0.0098,2.24,0.021952,水=対象ライン3人水合計×因縁係数×2.24,陣形値=因縁値合算×陣形倍率,floor(因縁値合算+陣形値)
33,知将の絆,固有因縁,知将,知将,知将,大,知力・四象,火,ステータス,0.0098,2.24,0.021952,火=対象ライン3人火合計×因縁係数×2.24,陣形値=因縁値合算×陣形倍率,floor(因縁値合算+陣形値)
33,知将の絆,固有因縁,知将,知将,知将,大,知力・四象,風,ステータス,0.0098,2.24,0.021952,風=対象ライン3人風合計×因縁係数×2.24,陣形値=因縁値合算×陣形倍率,floor(因縁値合算+陣形値)
34,忍びの絆,固有因縁,忍び,忍び,忍び,特大,生命力,生命,生命,0.0084,2.24,0.018816,生命=対象ライン3人生命合計×因縁係数×2.24,陣形値=因縁値合算×陣形倍率,floor(因縁値合算+陣形値)
34,忍びの絆,固有因縁,忍び,忍び,忍び,大,腕力・器用さ,腕力,ステータス,0.0098,2.24,0.021952,腕力=対象ライン3人腕力合計×因縁係数×2.24,陣形値=因縁値合算×陣形倍率,floor(因縁値合算+陣形値)
34,忍びの絆,固有因縁,忍び,忍び,忍び,大,腕力・器用さ,器用さ,ステータス,0.0098,2.24,0.021952,器用さ=対象ライン3人器用さ合計×因縁係数×2.24,陣形値=因縁値合算×陣形倍率,floor(因縁値合算+陣形値)
35,剣豪の絆,固有因縁,剣豪,剣豪,剣豪,特大,生命力,生命,生命,0.0084,2.24,0.018816,生命=対象ライン3人生命合計×因縁係数×2.24,陣形値=因縁値合算×陣形倍率,floor(因縁値合算+陣形値)
35,剣豪の絆,固有因縁,剣豪,剣豪,剣豪,大,腕力・器用さ,腕力,ステータス,0.0098,2.24,0.021952,腕力=対象ライン3人腕力合計×因縁係数×2.24,陣形値=因縁値合算×陣形倍率,floor(因縁値合算+陣形値)
35,剣豪の絆,固有因縁,剣豪,剣豪,剣豪,大,腕力・器用さ,器用さ,ステータス,0.0098,2.24,0.021952,器用さ=対象ライン3人器用さ合計×因縁係数×2.24,陣形値=因縁値合算×陣形倍率,floor(因縁値合算+陣形値)
36,名臣の絆,固有因縁,名臣,名臣,名臣,特大,生命力,生命,生命,0.0084,2.24,0.018816,生命=対象ライン3人生命合計×因縁係数×2.24,陣形値=因縁値合算×陣形倍率,floor(因縁値合算+陣形値)
36,名臣の絆,固有因縁,名臣,名臣,名臣,大,知力・魅力,知力,ステータス,0.0098,2.24,0.021952,知力=対象ライン3人知力合計×因縁係数×2.24,陣形値=因縁値合算×陣形倍率,floor(因縁値合算+陣形値)
36,名臣の絆,固有因縁,名臣,名臣,名臣,大,知力・魅力,魅力,ステータス,0.0098,2.24,0.021952,魅力=対象ライン3人魅力合計×因縁係数×2.24,陣形値=因縁値合算×陣形倍率,floor(因縁値合算+陣形値)
37,野心家の絆,固有因縁,野心家,野心家,野心家,特大,生命力,生命,生命,0.0084,2.24,0.018816,生命=対象ライン3人生命合計×因縁係数×2.24,陣形値=因縁値合算×陣形倍率,floor(因縁値合算+陣形値)
37,野心家の絆,固有因縁,野心家,野心家,野心家,大,気合・知力,気合,気合,0.0135,2.24,0.03024,気合=対象ライン3人気合合計×因縁係数×2.24,陣形値=因縁値合算×陣形倍率,floor(因縁値合算+陣形値)
37,野心家の絆,固有因縁,野心家,野心家,野心家,大,気合・知力,知力,ステータス,0.0098,2.24,0.021952,知力=対象ライン3人知力合計×因縁係数×2.24,陣形値=因縁値合算×陣形倍率,floor(因縁値合算+陣形値)
38,勇将の絆,固有因縁,勇将,勇将,勇将,特大,生命力,生命,生命,0.0084,2.24,0.018816,生命=対象ライン3人生命合計×因縁係数×2.24,陣形値=因縁値合算×陣形倍率,floor(因縁値合算+陣形値)
38,勇将の絆,固有因縁,勇将,勇将,勇将,大,腕力・耐久,腕力,ステータス,0.0098,2.24,0.021952,腕力=対象ライン3人腕力合計×因縁係数×2.24,陣形値=因縁値合算×陣形倍率,floor(因縁値合算+陣形値)
38,勇将の絆,固有因縁,勇将,勇将,勇将,大,腕力・耐久,耐久力,ステータス,0.0098,2.24,0.021952,耐久力=対象ライン3人耐久力合計×因縁係数×2.24,陣形値=因縁値合算×陣形倍率,floor(因縁値合算+陣形値)
39,女傑の絆,固有因縁,女傑,女傑,女傑,特大,生命力,生命,生命,0.0084,2.24,0.018816,生命=対象ライン3人生命合計×因縁係数×2.24,陣形値=因縁値合算×陣形倍率,floor(因縁値合算+陣形値)
39,女傑の絆,固有因縁,女傑,女傑,女傑,大,腕力・魅力,腕力,ステータス,0.0098,2.24,0.021952,腕力=対象ライン3人腕力合計×因縁係数×2.24,陣形値=因縁値合算×陣形倍率,floor(因縁値合算+陣形値)
39,女傑の絆,固有因縁,女傑,女傑,女傑,大,腕力・魅力,魅力,ステータス,0.0098,2.24,0.021952,魅力=対象ライン3人魅力合計×因縁係数×2.24,陣形値=因縁値合算×陣形倍率,floor(因縁値合算+陣形値)
40,内助の功の絆,固有因縁,内助の功,内助の功,内助の功,特大,生命力,生命,生命,0.0084,2.24,0.018816,生命=対象ライン3人生命合計×因縁係数×2.24,陣形値=因縁値合算×陣形倍率,floor(因縁値合算+陣形値)
40,内助の功の絆,固有因縁,内助の功,内助の功,内助の功,大,知力・魅力,知力,ステータス,0.0098,2.24,0.021952,知力=対象ライン3人知力合計×因縁係数×2.24,陣形値=因縁値合算×陣形倍率,floor(因縁値合算+陣形値)
40,内助の功の絆,固有因縁,内助の功,内助の功,内助の功,大,知力・魅力,魅力,ステータス,0.0098,2.24,0.021952,魅力=対象ライン3人魅力合計×因縁係数×2.24,陣形値=因縁値合算×陣形倍率,floor(因縁値合算+陣形値)
41,長寿の絆,固有因縁,長寿,長寿,長寿,特大,生命力,生命,生命,0.0084,2.24,0.018816,生命=対象ライン3人生命合計×因縁係数×2.24,陣形値=因縁値合算×陣形倍率,floor(因縁値合算+陣形値)
41,長寿の絆,固有因縁,長寿,長寿,長寿,大,気合・耐久,気合,気合,0.0135,2.24,0.03024,気合=対象ライン3人気合合計×因縁係数×2.24,陣形値=因縁値合算×陣形倍率,floor(因縁値合算+陣形値)
41,長寿の絆,固有因縁,長寿,長寿,長寿,大,気合・耐久,耐久力,ステータス,0.0098,2.24,0.021952,耐久力=対象ライン3人耐久力合計×因縁係数×2.24,陣形値=因縁値合算×陣形倍率,floor(因縁値合算+陣形値)
42,文化人の絆,固有因縁,文化人,文化人,文化人,特大,生命力,生命,生命,0.0084,2.24,0.018816,生命=対象ライン3人生命合計×因縁係数×2.24,陣形値=因縁値合算×陣形倍率,floor(因縁値合算+陣形値)
42,文化人の絆,固有因縁,文化人,文化人,文化人,大,器用さ・四象,器用さ,ステータス,0.0098,2.24,0.021952,器用さ=対象ライン3人器用さ合計×因縁係数×2.24,陣形値=因縁値合算×陣形倍率,floor(因縁値合算+陣形値)
42,文化人の絆,固有因縁,文化人,文化人,文化人,大,器用さ・四象,土,ステータス,0.0098,2.24,0.021952,土=対象ライン3人土合計×因縁係数×2.24,陣形値=因縁値合算×陣形倍率,floor(因縁値合算+陣形値)
42,文化人の絆,固有因縁,文化人,文化人,文化人,大,器用さ・四象,水,ステータス,0.0098,2.24,0.021952,水=対象ライン3人水合計×因縁係数×2.24,陣形値=因縁値合算×陣形倍率,floor(因縁値合算+陣形値)
42,文化人の絆,固有因縁,文化人,文化人,文化人,大,器用さ・四象,火,ステータス,0.0098,2.24,0.021952,火=対象ライン3人火合計×因縁係数×2.24,陣形値=因縁値合算×陣形倍率,floor(因縁値合算+陣形値)
42,文化人の絆,固有因縁,文化人,文化人,文化人,大,器用さ・四象,風,ステータス,0.0098,2.24,0.021952,風=対象ライン3人風合計×因縁係数×2.24,陣形値=因縁値合算×陣形倍率,floor(因縁値合算+陣形値)
43,猛将の絆,固有因縁,猛将,猛将,猛将,特大,生命力,生命,生命,0.0084,2.24,0.018816,生命=対象ライン3人生命合計×因縁係数×2.24,陣形値=因縁値合算×陣形倍率,floor(因縁値合算+陣形値)
43,猛将の絆,固有因縁,猛将,猛将,猛将,大,気合・腕力,気合,気合,0.0135,2.24,0.03024,気合=対象ライン3人気合合計×因縁係数×2.24,陣形値=因縁値合算×陣形倍率,floor(因縁値合算+陣形値)
43,猛将の絆,固有因縁,猛将,猛将,猛将,大,気合・腕力,腕力,ステータス,0.0098,2.24,0.021952,腕力=対象ライン3人腕力合計×因縁係数×2.24,陣形値=因縁値合算×陣形倍率,floor(因縁値合算+陣形値)
44,外交官の絆,固有因縁,外交官,外交官,外交官,特大,生命力,生命,生命,0.0084,2.24,0.018816,生命=対象ライン3人生命合計×因縁係数×2.24,陣形値=因縁値合算×陣形倍率,floor(因縁値合算+陣形値)
44,外交官の絆,固有因縁,外交官,外交官,外交官,大,器用さ・魅力,器用さ,ステータス,0.0098,2.24,0.021952,器用さ=対象ライン3人器用さ合計×因縁係数×2.24,陣形値=因縁値合算×陣形倍率,floor(因縁値合算+陣形値)
44,外交官の絆,固有因縁,外交官,外交官,外交官,大,器用さ・魅力,魅力,ステータス,0.0098,2.24,0.021952,魅力=対象ライン3人魅力合計×因縁係数×2.24,陣形値=因縁値合算×陣形倍率,floor(因縁値合算+陣形値)
45,洒落者の絆,固有因縁,洒落者,洒落者,洒落者,特大,生命力,生命,生命,0.0084,2.24,0.018816,生命=対象ライン3人生命合計×因縁係数×2.24,陣形値=因縁値合算×陣形倍率,floor(因縁値合算+陣形値)
45,洒落者の絆,固有因縁,洒落者,洒落者,洒落者,大,魅力・四象,魅力,ステータス,0.0098,2.24,0.021952,魅力=対象ライン3人魅力合計×因縁係数×2.24,陣形値=因縁値合算×陣形倍率,floor(因縁値合算+陣形値)
45,洒落者の絆,固有因縁,洒落者,洒落者,洒落者,大,魅力・四象,土,ステータス,0.0098,2.24,0.021952,土=対象ライン3人土合計×因縁係数×2.24,陣形値=因縁値合算×陣形倍率,floor(因縁値合算+陣形値)
45,洒落者の絆,固有因縁,洒落者,洒落者,洒落者,大,魅力・四象,水,ステータス,0.0098,2.24,0.021952,水=対象ライン3人水合計×因縁係数×2.24,陣形値=因縁値合算×陣形倍率,floor(因縁値合算+陣形値)
45,洒落者の絆,固有因縁,洒落者,洒落者,洒落者,大,魅力・四象,火,ステータス,0.0098,2.24,0.021952,火=対象ライン3人火合計×因縁係数×2.24,陣形値=因縁値合算×陣形倍率,floor(因縁値合算+陣形値)
45,洒落者の絆,固有因縁,洒落者,洒落者,洒落者,大,魅力・四象,風,ステータス,0.0098,2.24,0.021952,風=対象ライン3人風合計×因縁係数×2.24,陣形値=因縁値合算×陣形倍率,floor(因縁値合算+陣形値)
46,鬼の絆,固有因縁,鬼,鬼,鬼,特大,生命力,生命,生命,0.0084,2.24,0.018816,生命=対象ライン3人生命合計×因縁係数×2.24,陣形値=因縁値合算×陣形倍率,floor(因縁値合算+陣形値)
46,鬼の絆,固有因縁,鬼,鬼,鬼,大,腕力・耐久,腕力,ステータス,0.0098,2.24,0.021952,腕力=対象ライン3人腕力合計×因縁係数×2.24,陣形値=因縁値合算×陣形倍率,floor(因縁値合算+陣形値)
46,鬼の絆,固有因縁,鬼,鬼,鬼,大,腕力・耐久,耐久力,ステータス,0.0098,2.24,0.021952,耐久力=対象ライン3人耐久力合計×因縁係数×2.24,陣形値=因縁値合算×陣形倍率,floor(因縁値合算+陣形値)
47,神仏の徒の絆,固有因縁,神仏の徒,神仏の徒,神仏の徒,特大,生命力,生命,生命,0.0084,2.24,0.018816,生命=対象ライン3人生命合計×因縁係数×2.24,陣形値=因縁値合算×陣形倍率,floor(因縁値合算+陣形値)
47,神仏の徒の絆,固有因縁,神仏の徒,神仏の徒,神仏の徒,大,知力・魅力,知力,ステータス,0.0098,2.24,0.021952,知力=対象ライン3人知力合計×因縁係数×2.24,陣形値=因縁値合算×陣形倍率,floor(因縁値合算+陣形値)
47,神仏の徒の絆,固有因縁,神仏の徒,神仏の徒,神仏の徒,大,知力・魅力,魅力,ステータス,0.0098,2.24,0.021952,魅力=対象ライン3人魅力合計×因縁係数×2.24,陣形値=因縁値合算×陣形倍率,floor(因縁値合算+陣形値)
48,世渡り上手の絆,固有因縁,世渡り上手,世渡り上手,世渡り上手,特大,生命力,生命,生命,0.0084,2.24,0.018816,生命=対象ライン3人生命合計×因縁係数×2.24,陣形値=因縁値合算×陣形倍率,floor(因縁値合算+陣形値)
48,世渡り上手の絆,固有因縁,世渡り上手,世渡り上手,世渡り上手,大,気合・魅力,気合,気合,0.0135,2.24,0.03024,気合=対象ライン3人気合合計×因縁係数×2.24,陣形値=因縁値合算×陣形倍率,floor(因縁値合算+陣形値)
48,世渡り上手の絆,固有因縁,世渡り上手,世渡り上手,世渡り上手,大,気合・魅力,魅力,ステータス,0.0098,2.24,0.021952,魅力=対象ライン3人魅力合計×因縁係数×2.24,陣形値=因縁値合算×陣形倍率,floor(因縁値合算+陣形値)
49,飛道具使いの絆,固有因縁,飛道具使い,飛道具使い,飛道具使い,特大,生命力,生命,生命,0.0084,2.24,0.018816,生命=対象ライン3人生命合計×因縁係数×2.24,陣形値=因縁値合算×陣形倍率,floor(因縁値合算+陣形値)
49,飛道具使いの絆,固有因縁,飛道具使い,飛道具使い,飛道具使い,大,腕力・器用さ,腕力,ステータス,0.0098,2.24,0.021952,腕力=対象ライン3人腕力合計×因縁係数×2.24,陣形値=因縁値合算×陣形倍率,floor(因縁値合算+陣形値)
49,飛道具使いの絆,固有因縁,飛道具使い,飛道具使い,飛道具使い,大,腕力・器用さ,器用さ,ステータス,0.0098,2.24,0.021952,器用さ=対象ライン3人器用さ合計×因縁係数×2.24,陣形値=因縁値合算×陣形倍率,floor(因縁値合算+陣形値)
50,明敏の絆,固有因縁,明敏,明敏,明敏,特大,生命力,生命,生命,0.0084,2.24,0.018816,生命=対象ライン3人生命合計×因縁係数×2.24,陣形値=因縁値合算×陣形倍率,floor(因縁値合算+陣形値)
50,明敏の絆,固有因縁,明敏,明敏,明敏,大,気合・知力,気合,気合,0.0135,2.24,0.03024,気合=対象ライン3人気合合計×因縁係数×2.24,陣形値=因縁値合算×陣形倍率,floor(因縁値合算+陣形値)
50,明敏の絆,固有因縁,明敏,明敏,明敏,大,気合・知力,知力,ステータス,0.0098,2.24,0.021952,知力=対象ライン3人知力合計×因縁係数×2.24,陣形値=因縁値合算×陣形倍率,floor(因縁値合算+陣形値)
51,宿将の絆,固有因縁,宿将,宿将,宿将,特大,生命力,生命,生命,0.0084,2.24,0.018816,生命=対象ライン3人生命合計×因縁係数×2.24,陣形値=因縁値合算×陣形倍率,floor(因縁値合算+陣形値)
51,宿将の絆,固有因縁,宿将,宿将,宿将,大,腕力・魅力,腕力,ステータス,0.0098,2.24,0.021952,腕力=対象ライン3人腕力合計×因縁係数×2.24,陣形値=因縁値合算×陣形倍率,floor(因縁値合算+陣形値)
51,宿将の絆,固有因縁,宿将,宿将,宿将,大,腕力・魅力,魅力,ステータス,0.0098,2.24,0.021952,魅力=対象ライン3人魅力合計×因縁係数×2.24,陣形値=因縁値合算×陣形倍率,floor(因縁値合算+陣形値)
52,根性の絆,固有因縁,根性,根性,根性,特大,生命力,生命,生命,0.0084,2.24,0.018816,生命=対象ライン3人生命合計×因縁係数×2.24,陣形値=因縁値合算×陣形倍率,floor(因縁値合算+陣形値)
52,根性の絆,固有因縁,根性,根性,根性,大,耐久・四象,耐久力,ステータス,0.0098,2.24,0.021952,耐久力=対象ライン3人耐久力合計×因縁係数×2.24,陣形値=因縁値合算×陣形倍率,floor(因縁値合算+陣形値)
52,根性の絆,固有因縁,根性,根性,根性,大,耐久・四象,土,ステータス,0.0098,2.24,0.021952,土=対象ライン3人土合計×因縁係数×2.24,陣形値=因縁値合算×陣形倍率,floor(因縁値合算+陣形値)
52,根性の絆,固有因縁,根性,根性,根性,大,耐久・四象,水,ステータス,0.0098,2.24,0.021952,水=対象ライン3人水合計×因縁係数×2.24,陣形値=因縁値合算×陣形倍率,floor(因縁値合算+陣形値)
52,根性の絆,固有因縁,根性,根性,根性,大,耐久・四象,火,ステータス,0.0098,2.24,0.021952,火=対象ライン3人火合計×因縁係数×2.24,陣形値=因縁値合算×陣形倍率,floor(因縁値合算+陣形値)
52,根性の絆,固有因縁,根性,根性,根性,大,耐久・四象,風,ステータス,0.0098,2.24,0.021952,風=対象ライン3人風合計×因縁係数×2.24,陣形値=因縁値合算×陣形倍率,floor(因縁値合算+陣形値)
53,才腕の絆,固有因縁,才腕,才腕,才腕,特大,生命力,生命,生命,0.0084,2.24,0.018816,生命=対象ライン3人生命合計×因縁係数×2.24,陣形値=因縁値合算×陣形倍率,floor(因縁値合算+陣形値)
53,才腕の絆,固有因縁,才腕,才腕,才腕,大,器用さ・四象,器用さ,ステータス,0.0098,2.24,0.021952,器用さ=対象ライン3人器用さ合計×因縁係数×2.24,陣形値=因縁値合算×陣形倍率,floor(因縁値合算+陣形値)
53,才腕の絆,固有因縁,才腕,才腕,才腕,大,器用さ・四象,土,ステータス,0.0098,2.24,0.021952,土=対象ライン3人土合計×因縁係数×2.24,陣形値=因縁値合算×陣形倍率,floor(因縁値合算+陣形値)
53,才腕の絆,固有因縁,才腕,才腕,才腕,大,器用さ・四象,水,ステータス,0.0098,2.24,0.021952,水=対象ライン3人水合計×因縁係数×2.24,陣形値=因縁値合算×陣形倍率,floor(因縁値合算+陣形値)
53,才腕の絆,固有因縁,才腕,才腕,才腕,大,器用さ・四象,火,ステータス,0.0098,2.24,0.021952,火=対象ライン3人火合計×因縁係数×2.24,陣形値=因縁値合算×陣形倍率,floor(因縁値合算+陣形値)
53,才腕の絆,固有因縁,才腕,才腕,才腕,大,器用さ・四象,風,ステータス,0.0098,2.24,0.021952,風=対象ライン3人風合計×因縁係数×2.24,陣形値=因縁値合算×陣形倍率,floor(因縁値合算+陣形値)
54,もののふ,特殊因縁,勇将,猛将,鬼,特大,生命力,生命,生命,0.007,2.24,0.01568,生命=対象ライン3人生命合計×因縁係数×2.24,陣形値=因縁値合算×陣形倍率,floor(因縁値合算+陣形値)
54,もののふ,特殊因縁,勇将,猛将,鬼,大,腕力,腕力,ステータス,0.0082,2.24,0.018368,腕力=対象ライン3人腕力合計×因縁係数×2.24,陣形値=因縁値合算×陣形倍率,floor(因縁値合算+陣形値)
54,もののふ,特殊因縁,勇将,猛将,鬼,小,耐久力・器用さ,耐久力,ステータス,,2.24,,耐久力=対象ライン3人耐久力合計×因縁係数×2.24,陣形値=因縁値合算×陣形倍率,floor(因縁値合算+陣形値)
54,もののふ,特殊因縁,勇将,猛将,鬼,小,耐久力・器用さ,器用さ,ステータス,,2.24,,器用さ=対象ライン3人器用さ合計×因縁係数×2.24,陣形値=因縁値合算×陣形倍率,floor(因縁値合算+陣形値)
55,立役者,特殊因縁,知将,外交官,名臣,特大,生命力,生命,生命,0.007,2.24,0.01568,生命=対象ライン3人生命合計×因縁係数×2.24,陣形値=因縁値合算×陣形倍率,floor(因縁値合算+陣形値)
55,立役者,特殊因縁,知将,外交官,名臣,大,知力,知力,ステータス,0.0082,2.24,0.018368,知力=対象ライン3人知力合計×因縁係数×2.24,陣形値=因縁値合算×陣形倍率,floor(因縁値合算+陣形値)
55,立役者,特殊因縁,知将,外交官,名臣,小,魅力・四象,魅力,ステータス,,2.24,,魅力=対象ライン3人魅力合計×因縁係数×2.24,陣形値=因縁値合算×陣形倍率,floor(因縁値合算+陣形値)
55,立役者,特殊因縁,知将,外交官,名臣,小,魅力・四象,土,ステータス,,2.24,,土=対象ライン3人土合計×因縁係数×2.24,陣形値=因縁値合算×陣形倍率,floor(因縁値合算+陣形値)
55,立役者,特殊因縁,知将,外交官,名臣,小,魅力・四象,水,ステータス,,2.24,,水=対象ライン3人水合計×因縁係数×2.24,陣形値=因縁値合算×陣形倍率,floor(因縁値合算+陣形値)
55,立役者,特殊因縁,知将,外交官,名臣,小,魅力・四象,火,ステータス,,2.24,,火=対象ライン3人火合計×因縁係数×2.24,陣形値=因縁値合算×陣形倍率,floor(因縁値合算+陣形値)
55,立役者,特殊因縁,知将,外交官,名臣,小,魅力・四象,風,ステータス,,2.24,,風=対象ライン3人風合計×因縁係数×2.24,陣形値=因縁値合算×陣形倍率,floor(因縁値合算+陣形値)
56,謀略家,特殊因縁,知将,野心家,世渡り上手,特大,生命力,生命,生命,0.007,2.24,0.01568,生命=対象ライン3人生命合計×因縁係数×2.24,陣形値=因縁値合算×陣形倍率,floor(因縁値合算+陣形値)
56,謀略家,特殊因縁,知将,野心家,世渡り上手,大,知力,知力,ステータス,0.0082,2.24,0.018368,知力=対象ライン3人知力合計×因縁係数×2.24,陣形値=因縁値合算×陣形倍率,floor(因縁値合算+陣形値)
56,謀略家,特殊因縁,知将,野心家,世渡り上手,小,腕力・四象,腕力,ステータス,,2.24,,腕力=対象ライン3人腕力合計×因縁係数×2.24,陣形値=因縁値合算×陣形倍率,floor(因縁値合算+陣形値)
56,謀略家,特殊因縁,知将,野心家,世渡り上手,小,腕力・四象,土,ステータス,,2.24,,土=対象ライン3人土合計×因縁係数×2.24,陣形値=因縁値合算×陣形倍率,floor(因縁値合算+陣形値)
56,謀略家,特殊因縁,知将,野心家,世渡り上手,小,腕力・四象,水,ステータス,,2.24,,水=対象ライン3人水合計×因縁係数×2.24,陣形値=因縁値合算×陣形倍率,floor(因縁値合算+陣形値)
56,謀略家,特殊因縁,知将,野心家,世渡り上手,小,腕力・四象,火,ステータス,,2.24,,火=対象ライン3人火合計×因縁係数×2.24,陣形値=因縁値合算×陣形倍率,floor(因縁値合算+陣形値)
56,謀略家,特殊因縁,知将,野心家,世渡り上手,小,腕力・四象,風,ステータス,,2.24,,風=対象ライン3人風合計×因縁係数×2.24,陣形値=因縁値合算×陣形倍率,floor(因縁値合算+陣形値)
57,戦場の華,特殊因縁,女傑,猛将,洒落者,特大,生命力,生命,生命,0.007,2.24,0.01568,生命=対象ライン3人生命合計×因縁係数×2.24,陣形値=因縁値合算×陣形倍率,floor(因縁値合算+陣形値)
57,戦場の華,特殊因縁,女傑,猛将,洒落者,大,魅力,魅力,ステータス,0.0082,2.24,0.018368,魅力=対象ライン3人魅力合計×因縁係数×2.24,陣形値=因縁値合算×陣形倍率,floor(因縁値合算+陣形値)
57,戦場の華,特殊因縁,女傑,猛将,洒落者,小,腕力・知力,腕力,ステータス,,2.24,,腕力=対象ライン3人腕力合計×因縁係数×2.24,陣形値=因縁値合算×陣形倍率,floor(因縁値合算+陣形値)
57,戦場の華,特殊因縁,女傑,猛将,洒落者,小,腕力・知力,知力,ステータス,,2.24,,知力=対象ライン3人知力合計×因縁係数×2.24,陣形値=因縁値合算×陣形倍率,floor(因縁値合算+陣形値)
58,影の者,特殊因縁,忍び,内助の功,世渡り上手,特大,生命力,生命,生命,0.007,2.24,0.01568,生命=対象ライン3人生命合計×因縁係数×2.24,陣形値=因縁値合算×陣形倍率,floor(因縁値合算+陣形値)
58,影の者,特殊因縁,忍び,内助の功,世渡り上手,大,器用さ,器用さ,ステータス,0.0082,2.24,0.018368,器用さ=対象ライン3人器用さ合計×因縁係数×2.24,陣形値=因縁値合算×陣形倍率,floor(因縁値合算+陣形値)
58,影の者,特殊因縁,忍び,内助の功,世渡り上手,小,気合・魅力,気合,気合,,2.24,,気合=対象ライン3人気合合計×因縁係数×2.24,陣形値=因縁値合算×陣形倍率,floor(因縁値合算+陣形値)
58,影の者,特殊因縁,忍び,内助の功,世渡り上手,小,気合・魅力,魅力,ステータス,,2.24,,魅力=対象ライン3人魅力合計×因縁係数×2.24,陣形値=因縁値合算×陣形倍率,floor(因縁値合算+陣形値)
59,文明開化,特殊因縁,文化人,外交官,洒落者,特大,生命力,生命,生命,0.007,2.24,0.01568,生命=対象ライン3人生命合計×因縁係数×2.24,陣形値=因縁値合算×陣形倍率,floor(因縁値合算+陣形値)
59,文明開化,特殊因縁,文化人,外交官,洒落者,中,知力・魅力・四象,知力,ステータス,0.0044,2.24,0.009856,知力=対象ライン3人知力合計×因縁係数×2.24,陣形値=因縁値合算×陣形倍率,floor(因縁値合算+陣形値)
59,文明開化,特殊因縁,文化人,外交官,洒落者,中,知力・魅力・四象,魅力,ステータス,0.0044,2.24,0.009856,魅力=対象ライン3人魅力合計×因縁係数×2.24,陣形値=因縁値合算×陣形倍率,floor(因縁値合算+陣形値)
59,文明開化,特殊因縁,文化人,外交官,洒落者,中,知力・魅力・四象,土,ステータス,0.0044,2.24,0.009856,土=対象ライン3人土合計×因縁係数×2.24,陣形値=因縁値合算×陣形倍率,floor(因縁値合算+陣形値)
59,文明開化,特殊因縁,文化人,外交官,洒落者,中,知力・魅力・四象,水,ステータス,0.0044,2.24,0.009856,水=対象ライン3人水合計×因縁係数×2.24,陣形値=因縁値合算×陣形倍率,floor(因縁値合算+陣形値)
59,文明開化,特殊因縁,文化人,外交官,洒落者,中,知力・魅力・四象,火,ステータス,0.0044,2.24,0.009856,火=対象ライン3人火合計×因縁係数×2.24,陣形値=因縁値合算×陣形倍率,floor(因縁値合算+陣形値)
59,文明開化,特殊因縁,文化人,外交官,洒落者,中,知力・魅力・四象,風,ステータス,0.0044,2.24,0.009856,風=対象ライン3人風合計×因縁係数×2.24,陣形値=因縁値合算×陣形倍率,floor(因縁値合算+陣形値)
60,豪傑,特殊因縁,女傑,剣豪,鬼,特大,生命力,生命,生命,0.007,2.24,0.01568,生命=対象ライン3人生命合計×因縁係数×2.24,陣形値=因縁値合算×陣形倍率,floor(因縁値合算+陣形値)
60,豪傑,特殊因縁,女傑,剣豪,鬼,大,腕力,腕力,ステータス,0.0082,2.24,0.018368,腕力=対象ライン3人腕力合計×因縁係数×2.24,陣形値=因縁値合算×陣形倍率,floor(因縁値合算+陣形値)
60,豪傑,特殊因縁,女傑,剣豪,鬼,小,気合・器用さ,気合,気合,,2.24,,気合=対象ライン3人気合合計×因縁係数×2.24,陣形値=因縁値合算×陣形倍率,floor(因縁値合算+陣形値)
60,豪傑,特殊因縁,女傑,剣豪,鬼,小,気合・器用さ,器用さ,ステータス,,2.24,,器用さ=対象ライン3人器用さ合計×因縁係数×2.24,陣形値=因縁値合算×陣形倍率,floor(因縁値合算+陣形値)
61,奇襲,特殊因縁,飛道具使い,忍び,剣豪,特大,生命力,生命,生命,0.007,2.24,0.01568,生命=対象ライン3人生命合計×因縁係数×2.24,陣形値=因縁値合算×陣形倍率,floor(因縁値合算+陣形値)
61,奇襲,特殊因縁,飛道具使い,忍び,剣豪,大,器用さ,器用さ,ステータス,0.0082,2.24,0.018368,器用さ=対象ライン3人器用さ合計×因縁係数×2.24,陣形値=因縁値合算×陣形倍率,floor(因縁値合算+陣形値)
61,奇襲,特殊因縁,飛道具使い,忍び,剣豪,小,腕力・四象,腕力,ステータス,,2.24,,腕力=対象ライン3人腕力合計×因縁係数×2.24,陣形値=因縁値合算×陣形倍率,floor(因縁値合算+陣形値)
61,奇襲,特殊因縁,飛道具使い,忍び,剣豪,小,腕力・四象,土,ステータス,,2.24,,土=対象ライン3人土合計×因縁係数×2.24,陣形値=因縁値合算×陣形倍率,floor(因縁値合算+陣形値)
61,奇襲,特殊因縁,飛道具使い,忍び,剣豪,小,腕力・四象,水,ステータス,,2.24,,水=対象ライン3人水合計×因縁係数×2.24,陣形値=因縁値合算×陣形倍率,floor(因縁値合算+陣形値)
61,奇襲,特殊因縁,飛道具使い,忍び,剣豪,小,腕力・四象,火,ステータス,,2.24,,火=対象ライン3人火合計×因縁係数×2.24,陣形値=因縁値合算×陣形倍率,floor(因縁値合算+陣形値)
61,奇襲,特殊因縁,飛道具使い,忍び,剣豪,小,腕力・四象,風,ステータス,,2.24,,風=対象ライン3人風合計×因縁係数×2.24,陣形値=因縁値合算×陣形倍率,floor(因縁値合算+陣形値)
62,健康第一,特殊因縁,長寿,神仏の徒,内助の功,特大,生命力,生命,生命,0.007,2.24,0.01568,生命=対象ライン3人生命合計×因縁係数×2.24,陣形値=因縁値合算×陣形倍率,floor(因縁値合算+陣形値)
62,健康第一,特殊因縁,長寿,神仏の徒,内助の功,中,気合・耐久力・知力,気合,気合,0.006,2.24,0.01344,気合=対象ライン3人気合合計×因縁係数×2.24,陣形値=因縁値合算×陣形倍率,floor(因縁値合算+陣形値)
62,健康第一,特殊因縁,長寿,神仏の徒,内助の功,中,気合・耐久力・知力,耐久力,ステータス,0.0044,2.24,0.009856,耐久力=対象ライン3人耐久力合計×因縁係数×2.24,陣形値=因縁値合算×陣形倍率,floor(因縁値合算+陣形値)
62,健康第一,特殊因縁,長寿,神仏の徒,内助の功,中,気合・耐久力・知力,知力,ステータス,0.0044,2.24,0.009856,知力=対象ライン3人知力合計×因縁係数×2.24,陣形値=因縁値合算×陣形倍率,floor(因縁値合算+陣形値)
63,籠城名手,特殊因縁,名臣,神仏の徒,飛道具使い,特大,生命力,生命,生命,0.007,2.24,0.01568,生命=対象ライン3人生命合計×因縁係数×2.24,陣形値=因縁値合算×陣形倍率,floor(因縁値合算+陣形値)
63,籠城名手,特殊因縁,名臣,神仏の徒,飛道具使い,大,耐久力,耐久力,ステータス,0.0082,2.24,0.018368,耐久力=対象ライン3人耐久力合計×因縁係数×2.24,陣形値=因縁値合算×陣形倍率,floor(因縁値合算+陣形値)
63,籠城名手,特殊因縁,名臣,神仏の徒,飛道具使い,小,器用さ・知力,器用さ,ステータス,,2.24,,器用さ=対象ライン3人器用さ合計×因縁係数×2.24,陣形値=因縁値合算×陣形倍率,floor(因縁値合算+陣形値)
63,籠城名手,特殊因縁,名臣,神仏の徒,飛道具使い,小,器用さ・知力,知力,ステータス,,2.24,,知力=対象ライン3人知力合計×因縁係数×2.24,陣形値=因縁値合算×陣形倍率,floor(因縁値合算+陣形値)
64,老練闊達,特殊因縁,明敏,野心家,長寿,特大,生命力・気合,生命,生命,0.007,2.24,0.01568,生命=対象ライン3人生命合計×因縁係数×2.24,陣形値=因縁値合算×陣形倍率,floor(因縁値合算+陣形値)
64,老練闊達,特殊因縁,明敏,野心家,長寿,特大,生命力・気合,気合,気合,0.0135,2.24,0.03024,気合=対象ライン3人気合合計×因縁係数×2.24,陣形値=因縁値合算×陣形倍率,floor(因縁値合算+陣形値)
64,老練闊達,特殊因縁,明敏,野心家,長寿,中,腕力・知力,腕力,ステータス,0.0044,2.24,0.009856,腕力=対象ライン3人腕力合計×因縁係数×2.24,陣形値=因縁値合算×陣形倍率,floor(因縁値合算+陣形値)
64,老練闊達,特殊因縁,明敏,野心家,長寿,中,腕力・知力,知力,ステータス,0.0044,2.24,0.009856,知力=対象ライン3人知力合計×因縁係数×2.24,陣形値=因縁値合算×陣形倍率,floor(因縁値合算+陣形値)
65,一気呵成,特殊因縁,宿将,鬼,忍び,特大,生命力・腕力,生命,生命,0.007,2.24,0.01568,生命=対象ライン3人生命合計×因縁係数×2.24,陣形値=因縁値合算×陣形倍率,floor(因縁値合算+陣形値)
65,一気呵成,特殊因縁,宿将,鬼,忍び,特大,生命力・腕力,腕力,ステータス,0.0132,2.24,0.029568,腕力=対象ライン3人腕力合計×因縁係数×2.24,陣形値=因縁値合算×陣形倍率,floor(因縁値合算+陣形値)
65,一気呵成,特殊因縁,宿将,鬼,忍び,中,器用さ・魅力,器用さ,ステータス,0.0044,2.24,0.009856,器用さ=対象ライン3人器用さ合計×因縁係数×2.24,陣形値=因縁値合算×陣形倍率,floor(因縁値合算+陣形値)
65,一気呵成,特殊因縁,宿将,鬼,忍び,中,器用さ・魅力,魅力,ステータス,0.0044,2.24,0.009856,魅力=対象ライン3人魅力合計×因縁係数×2.24,陣形値=因縁値合算×陣形倍率,floor(因縁値合算+陣形値)
66,泰然自若,特殊因縁,根性,勇将,長寿,特大,生命力・耐久力,生命,生命,0.007,2.24,0.01568,生命=対象ライン3人生命合計×因縁係数×2.24,陣形値=因縁値合算×陣形倍率,floor(因縁値合算+陣形値)
66,泰然自若,特殊因縁,根性,勇将,長寿,特大,生命力・耐久力,耐久力,ステータス,0.0132,2.24,0.029568,耐久力=対象ライン3人耐久力合計×因縁係数×2.24,陣形値=因縁値合算×陣形倍率,floor(因縁値合算+陣形値)
66,泰然自若,特殊因縁,根性,勇将,長寿,中,魅力・四象,魅力,ステータス,0.0044,2.24,0.009856,魅力=対象ライン3人魅力合計×因縁係数×2.24,陣形値=因縁値合算×陣形倍率,floor(因縁値合算+陣形値)
66,泰然自若,特殊因縁,根性,勇将,長寿,中,魅力・四象,土,ステータス,0.0044,2.24,0.009856,土=対象ライン3人土合計×因縁係数×2.24,陣形値=因縁値合算×陣形倍率,floor(因縁値合算+陣形値)
66,泰然自若,特殊因縁,根性,勇将,長寿,中,魅力・四象,水,ステータス,0.0044,2.24,0.009856,水=対象ライン3人水合計×因縁係数×2.24,陣形値=因縁値合算×陣形倍率,floor(因縁値合算+陣形値)
66,泰然自若,特殊因縁,根性,勇将,長寿,中,魅力・四象,火,ステータス,0.0044,2.24,0.009856,火=対象ライン3人火合計×因縁係数×2.24,陣形値=因縁値合算×陣形倍率,floor(因縁値合算+陣形値)
66,泰然自若,特殊因縁,根性,勇将,長寿,中,魅力・四象,風,ステータス,0.0044,2.24,0.009856,風=対象ライン3人風合計×因縁係数×2.24,陣形値=因縁値合算×陣形倍率,floor(因縁値合算+陣形値)
67,技巧伝承,特殊因縁,才腕,文化人,外交官,特大,生命力・器用さ,生命,生命,0.007,2.24,0.01568,生命=対象ライン3人生命合計×因縁係数×2.24,陣形値=因縁値合算×陣形倍率,floor(因縁値合算+陣形値)
67,技巧伝承,特殊因縁,才腕,文化人,外交官,特大,生命力・器用さ,器用さ,ステータス,0.0132,2.24,0.029568,器用さ=対象ライン3人器用さ合計×因縁係数×2.24,陣形値=因縁値合算×陣形倍率,floor(因縁値合算+陣形値)
67,技巧伝承,特殊因縁,才腕,文化人,外交官,中,魅力・四象,魅力,ステータス,0.0044,2.24,0.009856,魅力=対象ライン3人魅力合計×因縁係数×2.24,陣形値=因縁値合算×陣形倍率,floor(因縁値合算+陣形値)
67,技巧伝承,特殊因縁,才腕,文化人,外交官,中,魅力・四象,土,ステータス,0.0044,2.24,0.009856,土=対象ライン3人土合計×因縁係数×2.24,陣形値=因縁値合算×陣形倍率,floor(因縁値合算+陣形値)
67,技巧伝承,特殊因縁,才腕,文化人,外交官,中,魅力・四象,水,ステータス,0.0044,2.24,0.009856,水=対象ライン3人水合計×因縁係数×2.24,陣形値=因縁値合算×陣形倍率,floor(因縁値合算+陣形値)
67,技巧伝承,特殊因縁,才腕,文化人,外交官,中,魅力・四象,火,ステータス,0.0044,2.24,0.009856,火=対象ライン3人火合計×因縁係数×2.24,陣形値=因縁値合算×陣形倍率,floor(因縁値合算+陣形値)
67,技巧伝承,特殊因縁,才腕,文化人,外交官,中,魅力・四象,風,ステータス,0.0044,2.24,0.009856,風=対象ライン3人風合計×因縁係数×2.24,陣形値=因縁値合算×陣形倍率,floor(因縁値合算+陣形値)
68,才気煥発,特殊因縁,明敏,野心家,神仏の徒,特大,生命力・知力,生命,生命,0.007,2.24,0.01568,生命=対象ライン3人生命合計×因縁係数×2.24,陣形値=因縁値合算×陣形倍率,floor(因縁値合算+陣形値)
68,才気煥発,特殊因縁,明敏,野心家,神仏の徒,特大,生命力・知力,知力,ステータス,0.0132,2.24,0.029568,知力=対象ライン3人知力合計×因縁係数×2.24,陣形値=因縁値合算×陣形倍率,floor(因縁値合算+陣形値)
68,才気煥発,特殊因縁,明敏,野心家,神仏の徒,中,気合・魅力,気合,気合,0.006,2.24,0.01344,気合=対象ライン3人気合合計×因縁係数×2.24,陣形値=因縁値合算×陣形倍率,floor(因縁値合算+陣形値)
68,才気煥発,特殊因縁,明敏,野心家,神仏の徒,中,気合・魅力,魅力,ステータス,0.0044,2.24,0.009856,魅力=対象ライン3人魅力合計×因縁係数×2.24,陣形値=因縁値合算×陣形倍率,floor(因縁値合算+陣形値)
69,王佐之才,特殊因縁,宿将,名臣,内助の功,特大,生命力・魅力,生命,生命,0.007,2.24,0.01568,生命=対象ライン3人生命合計×因縁係数×2.24,陣形値=因縁値合算×陣形倍率,floor(因縁値合算+陣形値)
69,王佐之才,特殊因縁,宿将,名臣,内助の功,特大,生命力・魅力,魅力,ステータス,0.0132,2.24,0.029568,魅力=対象ライン3人魅力合計×因縁係数×2.24,陣形値=因縁値合算×陣形倍率,floor(因縁値合算+陣形値)
69,王佐之才,特殊因縁,宿将,名臣,内助の功,中,耐久力・四象,耐久力,ステータス,0.0044,2.24,0.009856,耐久力=対象ライン3人耐久力合計×因縁係数×2.24,陣形値=因縁値合算×陣形倍率,floor(因縁値合算+陣形値)
69,王佐之才,特殊因縁,宿将,名臣,内助の功,中,耐久力・四象,土,ステータス,0.0044,2.24,0.009856,土=対象ライン3人土合計×因縁係数×2.24,陣形値=因縁値合算×陣形倍率,floor(因縁値合算+陣形値)
69,王佐之才,特殊因縁,宿将,名臣,内助の功,中,耐久力・四象,水,ステータス,0.0044,2.24,0.009856,水=対象ライン3人水合計×因縁係数×2.24,陣形値=因縁値合算×陣形倍率,floor(因縁値合算+陣形値)
69,王佐之才,特殊因縁,宿将,名臣,内助の功,中,耐久力・四象,火,ステータス,0.0044,2.24,0.009856,火=対象ライン3人火合計×因縁係数×2.24,陣形値=因縁値合算×陣形倍率,floor(因縁値合算+陣形値)
69,王佐之才,特殊因縁,宿将,名臣,内助の功,中,耐久力・四象,風,ステータス,0.0044,2.24,0.009856,風=対象ライン3人風合計×因縁係数×2.24,陣形値=因縁値合算×陣形倍率,floor(因縁値合算+陣形値)
70,流行創出,特殊因縁,根性,文化人,洒落者,特大,生命力・四象,生命,生命,0.007,2.24,0.01568,生命=対象ライン3人生命合計×因縁係数×2.24,陣形値=因縁値合算×陣形倍率,floor(因縁値合算+陣形値)
70,流行創出,特殊因縁,根性,文化人,洒落者,特大,生命力・四象,土,ステータス,0.0132,2.24,0.029568,土=対象ライン3人土合計×因縁係数×2.24,陣形値=因縁値合算×陣形倍率,floor(因縁値合算+陣形値)
70,流行創出,特殊因縁,根性,文化人,洒落者,特大,生命力・四象,水,ステータス,0.0132,2.24,0.029568,水=対象ライン3人水合計×因縁係数×2.24,陣形値=因縁値合算×陣形倍率,floor(因縁値合算+陣形値)
70,流行創出,特殊因縁,根性,文化人,洒落者,特大,生命力・四象,火,ステータス,0.0132,2.24,0.029568,火=対象ライン3人火合計×因縁係数×2.24,陣形値=因縁値合算×陣形倍率,floor(因縁値合算+陣形値)
70,流行創出,特殊因縁,根性,文化人,洒落者,特大,生命力・四象,風,ステータス,0.0132,2.24,0.029568,風=対象ライン3人風合計×因縁係数×2.24,陣形値=因縁値合算×陣形倍率,floor(因縁値合算+陣形値)
70,流行創出,特殊因縁,根性,文化人,洒落者,中,気合・知力,気合,気合,0.006,2.24,0.01344,気合=対象ライン3人気合合計×因縁係数×2.24,陣形値=因縁値合算×陣形倍率,floor(因縁値合算+陣形値)
70,流行創出,特殊因縁,根性,文化人,洒落者,中,気合・知力,知力,ステータス,0.0044,2.24,0.009856,知力=対象ライン3人知力合計×因縁係数×2.24,陣形値=因縁値合算×陣形倍率,floor(因縁値合算+陣形値)
71,知勇兼備,特殊因縁,才腕,勇将,知将,特大,生命力,生命,生命,0.007,2.24,0.01568,生命=対象ライン3人生命合計×因縁係数×2.24,陣形値=因縁値合算×陣形倍率,floor(因縁値合算+陣形値)
71,知勇兼備,特殊因縁,才腕,勇将,知将,中,気合・九光,気合,気合,0.006,2.24,0.01344,気合=対象ライン3人気合合計×因縁係数×2.24,陣形値=因縁値合算×陣形倍率,floor(因縁値合算+陣形値)
71,知勇兼備,特殊因縁,才腕,勇将,知将,中,気合・九光,生命,生命,,2.24,,生命=対象ライン3人生命合計×因縁係数×2.24,陣形値=因縁値合算×陣形倍率,floor(因縁値合算+陣形値)
71,知勇兼備,特殊因縁,才腕,勇将,知将,中,気合・九光,気合,気合,0.006,2.24,0.01344,気合=対象ライン3人気合合計×因縁係数×2.24,陣形値=因縁値合算×陣形倍率,floor(因縁値合算+陣形値)
71,知勇兼備,特殊因縁,才腕,勇将,知将,中,気合・九光,腕力,ステータス,0.0044,2.24,0.009856,腕力=対象ライン3人腕力合計×因縁係数×2.24,陣形値=因縁値合算×陣形倍率,floor(因縁値合算+陣形値)
71,知勇兼備,特殊因縁,才腕,勇将,知将,中,気合・九光,耐久力,ステータス,0.0044,2.24,0.009856,耐久力=対象ライン3人耐久力合計×因縁係数×2.24,陣形値=因縁値合算×陣形倍率,floor(因縁値合算+陣形値)
71,知勇兼備,特殊因縁,才腕,勇将,知将,中,気合・九光,器用さ,ステータス,0.0044,2.24,0.009856,器用さ=対象ライン3人器用さ合計×因縁係数×2.24,陣形値=因縁値合算×陣形倍率,floor(因縁値合算+陣形値)
71,知勇兼備,特殊因縁,才腕,勇将,知将,中,気合・九光,知力,ステータス,0.0044,2.24,0.009856,知力=対象ライン3人知力合計×因縁係数×2.24,陣形値=因縁値合算×陣形倍率,floor(因縁値合算+陣形値)
71,知勇兼備,特殊因縁,才腕,勇将,知将,中,気合・九光,魅力,ステータス,0.0044,2.24,0.009856,魅力=対象ライン3人魅力合計×因縁係数×2.24,陣形値=因縁値合算×陣形倍率,floor(因縁値合算+陣形値)
71,知勇兼備,特殊因縁,才腕,勇将,知将,中,気合・九光,土,ステータス,0.0044,2.24,0.009856,土=対象ライン3人土合計×因縁係数×2.24,陣形値=因縁値合算×陣形倍率,floor(因縁値合算+陣形値)
71,知勇兼備,特殊因縁,才腕,勇将,知将,中,気合・九光,水,ステータス,0.0044,2.24,0.009856,水=対象ライン3人水合計×因縁係数×2.24,陣形値=因縁値合算×陣形倍率,floor(因縁値合算+陣形値)
71,知勇兼備,特殊因縁,才腕,勇将,知将,中,気合・九光,火,ステータス,0.0044,2.24,0.009856,火=対象ライン3人火合計×因縁係数×2.24,陣形値=因縁値合算×陣形倍率,floor(因縁値合算+陣形値)
71,知勇兼備,特殊因縁,才腕,勇将,知将,中,気合・九光,風,ステータス,0.0044,2.24,0.009856,風=対象ライン3人風合計×因縁係数×2.24,陣形値=因縁値合算×陣形倍率,floor(因縁値合算+陣形値)
72,山紫水明,特殊因縁,文化人,仙道,四象,特大,生命力,生命,生命,0.007,2.24,0.01568,生命=対象ライン3人生命合計×因縁係数×2.24,陣形値=因縁値合算×陣形倍率,floor(因縁値合算+陣形値)
72,山紫水明,特殊因縁,文化人,仙道,四象,大,知力・四象,知力,ステータス,0.0082,2.24,0.018368,知力=対象ライン3人知力合計×因縁係数×2.24,陣形値=因縁値合算×陣形倍率,floor(因縁値合算+陣形値)
72,山紫水明,特殊因縁,文化人,仙道,四象,大,知力・四象,土,ステータス,0.0082,2.24,0.018368,土=対象ライン3人土合計×因縁係数×2.24,陣形値=因縁値合算×陣形倍率,floor(因縁値合算+陣形値)
72,山紫水明,特殊因縁,文化人,仙道,四象,大,知力・四象,水,ステータス,0.0082,2.24,0.018368,水=対象ライン3人水合計×因縁係数×2.24,陣形値=因縁値合算×陣形倍率,floor(因縁値合算+陣形値)
72,山紫水明,特殊因縁,文化人,仙道,四象,大,知力・四象,火,ステータス,0.0082,2.24,0.018368,火=対象ライン3人火合計×因縁係数×2.24,陣形値=因縁値合算×陣形倍率,floor(因縁値合算+陣形値)
72,山紫水明,特殊因縁,文化人,仙道,四象,大,知力・四象,風,ステータス,0.0082,2.24,0.018368,風=対象ライン3人風合計×因縁係数×2.24,陣形値=因縁値合算×陣形倍率,floor(因縁値合算+陣形値)
72,山紫水明,特殊因縁,文化人,仙道,四象,小,器用さ,器用さ,ステータス,,2.24,,器用さ=対象ライン3人器用さ合計×因縁係数×2.24,陣形値=因縁値合算×陣形倍率,floor(因縁値合算+陣形値)
73,硝煙弾雨,特殊因縁,飛道具使い,鉄砲鍛冶,神道,特大,生命力,生命,生命,0.007,2.24,0.01568,生命=対象ライン3人生命合計×因縁係数×2.24,陣形値=因縁値合算×陣形倍率,floor(因縁値合算+陣形値)
73,硝煙弾雨,特殊因縁,飛道具使い,鉄砲鍛冶,神道,大,気合・器用さ,気合,気合,0.0113,2.24,0.025312,気合=対象ライン3人気合合計×因縁係数×2.24,陣形値=因縁値合算×陣形倍率,floor(因縁値合算+陣形値)
73,硝煙弾雨,特殊因縁,飛道具使い,鉄砲鍛冶,神道,大,気合・器用さ,器用さ,ステータス,0.0082,2.24,0.018368,器用さ=対象ライン3人器用さ合計×因縁係数×2.24,陣形値=因縁値合算×陣形倍率,floor(因縁値合算+陣形値)
73,硝煙弾雨,特殊因縁,飛道具使い,鉄砲鍛冶,神道,小,腕力,腕力,ステータス,,2.24,,腕力=対象ライン3人腕力合計×因縁係数×2.24,陣形値=因縁値合算×陣形倍率,floor(因縁値合算+陣形値)
74,生殺与奪,特殊因縁,野心家,医学,暗殺術,特大,生命力,生命,生命,0.007,2.24,0.01568,生命=対象ライン3人生命合計×因縁係数×2.24,陣形値=因縁値合算×陣形倍率,floor(因縁値合算+陣形値)
74,生殺与奪,特殊因縁,野心家,医学,暗殺術,大,知力・魅力,知力,ステータス,0.0082,2.24,0.018368,知力=対象ライン3人知力合計×因縁係数×2.24,陣形値=因縁値合算×陣形倍率,floor(因縁値合算+陣形値)
74,生殺与奪,特殊因縁,野心家,医学,暗殺術,大,知力・魅力,魅力,ステータス,0.0082,2.24,0.018368,魅力=対象ライン3人魅力合計×因縁係数×2.24,陣形値=因縁値合算×陣形倍率,floor(因縁値合算+陣形値)
74,生殺与奪,特殊因縁,野心家,医学,暗殺術,小,四象,土,ステータス,,2.24,,土=対象ライン3人土合計×因縁係数×2.24,陣形値=因縁値合算×陣形倍率,floor(因縁値合算+陣形値)
74,生殺与奪,特殊因縁,野心家,医学,暗殺術,小,四象,水,ステータス,,2.24,,水=対象ライン3人水合計×因縁係数×2.24,陣形値=因縁値合算×陣形倍率,floor(因縁値合算+陣形値)
74,生殺与奪,特殊因縁,野心家,医学,暗殺術,小,四象,火,ステータス,,2.24,,火=対象ライン3人火合計×因縁係数×2.24,陣形値=因縁値合算×陣形倍率,floor(因縁値合算+陣形値)
74,生殺与奪,特殊因縁,野心家,医学,暗殺術,小,四象,風,ステータス,,2.24,,風=対象ライン3人風合計×因縁係数×2.24,陣形値=因縁値合算×陣形倍率,floor(因縁値合算+陣形値)
75,勇猛果敢,特殊因縁,猛将,武芸,僧兵,特大,生命力,生命,生命,0.007,2.24,0.01568,生命=対象ライン3人生命合計×因縁係数×2.24,陣形値=因縁値合算×陣形倍率,floor(因縁値合算+陣形値)
75,勇猛果敢,特殊因縁,猛将,武芸,僧兵,大,腕力・器用さ,腕力,ステータス,0.0082,2.24,0.018368,腕力=対象ライン3人腕力合計×因縁係数×2.24,陣形値=因縁値合算×陣形倍率,floor(因縁値合算+陣形値)
75,勇猛果敢,特殊因縁,猛将,武芸,僧兵,大,腕力・器用さ,器用さ,ステータス,0.0082,2.24,0.018368,器用さ=対象ライン3人器用さ合計×因縁係数×2.24,陣形値=因縁値合算×陣形倍率,floor(因縁値合算+陣形値)
75,勇猛果敢,特殊因縁,猛将,武芸,僧兵,小,耐久力,耐久力,ステータス,,2.24,,耐久力=対象ライン3人耐久力合計×因縁係数×2.24,陣形値=因縁値合算×陣形倍率,floor(因縁値合算+陣形値)
76,臥薪嘗胆,特殊因縁,忍び,鎧鍛冶,修験道,特大,生命力,生命,生命,0.007,2.24,0.01568,生命=対象ライン3人生命合計×因縁係数×2.24,陣形値=因縁値合算×陣形倍率,floor(因縁値合算+陣形値)
76,臥薪嘗胆,特殊因縁,忍び,鎧鍛冶,修験道,大,耐久力・四象,耐久力,ステータス,0.0082,2.24,0.018368,耐久力=対象ライン3人耐久力合計×因縁係数×2.24,陣形値=因縁値合算×陣形倍率,floor(因縁値合算+陣形値)
76,臥薪嘗胆,特殊因縁,忍び,鎧鍛冶,修験道,大,耐久力・四象,土,ステータス,0.0082,2.24,0.018368,土=対象ライン3人土合計×因縁係数×2.24,陣形値=因縁値合算×陣形倍率,floor(因縁値合算+陣形値)
76,臥薪嘗胆,特殊因縁,忍び,鎧鍛冶,修験道,大,耐久力・四象,水,ステータス,0.0082,2.24,0.018368,水=対象ライン3人水合計×因縁係数×2.24,陣形値=因縁値合算×陣形倍率,floor(因縁値合算+陣形値)
76,臥薪嘗胆,特殊因縁,忍び,鎧鍛冶,修験道,大,耐久力・四象,火,ステータス,0.0082,2.24,0.018368,火=対象ライン3人火合計×因縁係数×2.24,陣形値=因縁値合算×陣形倍率,floor(因縁値合算+陣形値)
76,臥薪嘗胆,特殊因縁,忍び,鎧鍛冶,修験道,大,耐久力・四象,風,ステータス,0.0082,2.24,0.018368,風=対象ライン3人風合計×因縁係数×2.24,陣形値=因縁値合算×陣形倍率,floor(因縁値合算+陣形値)
76,臥薪嘗胆,特殊因縁,忍び,鎧鍛冶,修験道,小,魅力,魅力,ステータス,,2.24,,魅力=対象ライン3人魅力合計×因縁係数×2.24,陣形値=因縁値合算×陣形倍率,floor(因縁値合算+陣形値)
77,花鳥風月,特殊因縁,洒落者,雅楽,地勢,特大,生命力,生命,生命,0.007,2.24,0.01568,生命=対象ライン3人生命合計×因縁係数×2.24,陣形値=因縁値合算×陣形倍率,floor(因縁値合算+陣形値)
77,花鳥風月,特殊因縁,洒落者,雅楽,地勢,大,気合・魅力,気合,気合,0.0113,2.24,0.025312,気合=対象ライン3人気合合計×因縁係数×2.24,陣形値=因縁値合算×陣形倍率,floor(因縁値合算+陣形値)
77,花鳥風月,特殊因縁,洒落者,雅楽,地勢,大,気合・魅力,魅力,ステータス,0.0082,2.24,0.018368,魅力=対象ライン3人魅力合計×因縁係数×2.24,陣形値=因縁値合算×陣形倍率,floor(因縁値合算+陣形値)
77,花鳥風月,特殊因縁,洒落者,雅楽,地勢,小,四象,土,ステータス,,2.24,,土=対象ライン3人土合計×因縁係数×2.24,陣形値=因縁値合算×陣形倍率,floor(因縁値合算+陣形値)
77,花鳥風月,特殊因縁,洒落者,雅楽,地勢,小,四象,水,ステータス,,2.24,,水=対象ライン3人水合計×因縁係数×2.24,陣形値=因縁値合算×陣形倍率,floor(因縁値合算+陣形値)
77,花鳥風月,特殊因縁,洒落者,雅楽,地勢,小,四象,火,ステータス,,2.24,,火=対象ライン3人火合計×因縁係数×2.24,陣形値=因縁値合算×陣形倍率,floor(因縁値合算+陣形値)
77,花鳥風月,特殊因縁,洒落者,雅楽,地勢,小,四象,風,ステータス,,2.24,,風=対象ライン3人風合計×因縁係数×2.24,陣形値=因縁値合算×陣形倍率,floor(因縁値合算+陣形値)
78,柔能制剛,特殊因縁,知将,軍学,陰陽道,特大,生命力,生命,生命,0.007,2.24,0.01568,生命=対象ライン3人生命合計×因縁係数×2.24,陣形値=因縁値合算×陣形倍率,floor(因縁値合算+陣形値)
78,柔能制剛,特殊因縁,知将,軍学,陰陽道,大,器用さ・知力,器用さ,ステータス,0.0082,2.24,0.018368,器用さ=対象ライン3人器用さ合計×因縁係数×2.24,陣形値=因縁値合算×陣形倍率,floor(因縁値合算+陣形値)
78,柔能制剛,特殊因縁,知将,軍学,陰陽道,大,器用さ・知力,知力,ステータス,0.0082,2.24,0.018368,知力=対象ライン3人知力合計×因縁係数×2.24,陣形値=因縁値合算×陣形倍率,floor(因縁値合算+陣形値)
78,柔能制剛,特殊因縁,知将,軍学,陰陽道,小,耐久力,耐久力,ステータス,,2.24,,耐久力=対象ライン3人耐久力合計×因縁係数×2.24,陣形値=因縁値合算×陣形倍率,floor(因縁値合算+陣形値)
79,能鷹隠爪,特殊因縁,女傑,忍術,密教,特大,生命力,生命,生命,0.007,2.24,0.01568,生命=対象ライン3人生命合計×因縁係数×2.24,陣形値=因縁値合算×陣形倍率,floor(因縁値合算+陣形値)
79,能鷹隠爪,特殊因縁,女傑,忍術,密教,大,耐久力・魅力,耐久力,ステータス,0.0082,2.24,0.018368,耐久力=対象ライン3人耐久力合計×因縁係数×2.24,陣形値=因縁値合算×陣形倍率,floor(因縁値合算+陣形値)
79,能鷹隠爪,特殊因縁,女傑,忍術,密教,大,耐久力・魅力,魅力,ステータス,0.0082,2.24,0.018368,魅力=対象ライン3人魅力合計×因縁係数×2.24,陣形値=因縁値合算×陣形倍率,floor(因縁値合算+陣形値)
79,能鷹隠爪,特殊因縁,女傑,忍術,密教,小,知力,知力,ステータス,,2.24,,知力=対象ライン3人知力合計×因縁係数×2.24,陣形値=因縁値合算×陣形倍率,floor(因縁値合算+陣形値)
80,天神地祇,特殊因縁,世渡り上手,召喚術,神通力,特大,生命力,生命,生命,0.007,2.24,0.01568,生命=対象ライン3人生命合計×因縁係数×2.24,陣形値=因縁値合算×陣形倍率,floor(因縁値合算+陣形値)
80,天神地祇,特殊因縁,世渡り上手,召喚術,神通力,大,魅力・四象,魅力,ステータス,0.0082,2.24,0.018368,魅力=対象ライン3人魅力合計×因縁係数×2.24,陣形値=因縁値合算×陣形倍率,floor(因縁値合算+陣形値)
80,天神地祇,特殊因縁,世渡り上手,召喚術,神通力,大,魅力・四象,土,ステータス,0.0082,2.24,0.018368,土=対象ライン3人土合計×因縁係数×2.24,陣形値=因縁値合算×陣形倍率,floor(因縁値合算+陣形値)
80,天神地祇,特殊因縁,世渡り上手,召喚術,神通力,大,魅力・四象,水,ステータス,0.0082,2.24,0.018368,水=対象ライン3人水合計×因縁係数×2.24,陣形値=因縁値合算×陣形倍率,floor(因縁値合算+陣形値)
80,天神地祇,特殊因縁,世渡り上手,召喚術,神通力,大,魅力・四象,火,ステータス,0.0082,2.24,0.018368,火=対象ライン3人火合計×因縁係数×2.24,陣形値=因縁値合算×陣形倍率,floor(因縁値合算+陣形値)
80,天神地祇,特殊因縁,世渡り上手,召喚術,神通力,大,魅力・四象,風,ステータス,0.0082,2.24,0.018368,風=対象ライン3人風合計×因縁係数×2.24,陣形値=因縁値合算×陣形倍率,floor(因縁値合算+陣形値)
80,天神地祇,特殊因縁,世渡り上手,召喚術,神通力,小,気合,気合,気合,,2.24,,気合=対象ライン3人気合合計×因縁係数×2.24,陣形値=因縁値合算×陣形倍率,floor(因縁値合算+陣形値)
81,竜飛鳳舞,特殊因縁,剣豪,古神道,殺陣,特大,生命力,生命,生命,0.007,2.24,0.01568,生命=対象ライン3人生命合計×因縁係数×2.24,陣形値=因縁値合算×陣形倍率,floor(因縁値合算+陣形値)
81,竜飛鳳舞,特殊因縁,剣豪,古神道,殺陣,大,腕力・知力,腕力,ステータス,0.0082,2.24,0.018368,腕力=対象ライン3人腕力合計×因縁係数×2.24,陣形値=因縁値合算×陣形倍率,floor(因縁値合算+陣形値)
81,竜飛鳳舞,特殊因縁,剣豪,古神道,殺陣,大,腕力・知力,知力,ステータス,0.0082,2.24,0.018368,知力=対象ライン3人知力合計×因縁係数×2.24,陣形値=因縁値合算×陣形倍率,floor(因縁値合算+陣形値)
81,竜飛鳳舞,特殊因縁,剣豪,古神道,殺陣,小,器用さ,器用さ,ステータス,,2.24,,器用さ=対象ライン3人器用さ合計×因縁係数×2.24,陣形値=因縁値合算×陣形倍率,floor(因縁値合算+陣形値)
82,衣鉢相伝,特殊因縁,宿将,武士道,仏門,特大,生命力,生命,生命,0.007,2.24,0.01568,生命=対象ライン3人生命合計×因縁係数×2.24,陣形値=因縁値合算×陣形倍率,floor(因縁値合算+陣形値)
82,衣鉢相伝,特殊因縁,宿将,武士道,仏門,大,気合・耐久力,気合,気合,0.0113,2.24,0.025312,気合=対象ライン3人気合合計×因縁係数×2.24,陣形値=因縁値合算×陣形倍率,floor(因縁値合算+陣形値)
82,衣鉢相伝,特殊因縁,宿将,武士道,仏門,大,気合・耐久力,耐久力,ステータス,0.0082,2.24,0.018368,耐久力=対象ライン3人耐久力合計×因縁係数×2.24,陣形値=因縁値合算×陣形倍率,floor(因縁値合算+陣形値)
82,衣鉢相伝,特殊因縁,宿将,武士道,仏門,小,腕力,腕力,ステータス,,2.24,,腕力=対象ライン3人腕力合計×因縁係数×2.24,陣形値=因縁値合算×陣形倍率,floor(因縁値合算+陣形値)
83,鎧袖一触,特殊因縁,鬼,刀鍛冶,忍法,特大,生命力,生命,生命,0.007,2.24,0.01568,生命=対象ライン3人生命合計×因縁係数×2.24,陣形値=因縁値合算×陣形倍率,floor(因縁値合算+陣形値)
83,鎧袖一触,特殊因縁,鬼,刀鍛冶,忍法,大,	腕力・四象,腕力,ステータス,0.0082,2.24,0.018368,腕力=対象ライン3人腕力合計×因縁係数×2.24,陣形値=因縁値合算×陣形倍率,floor(因縁値合算+陣形値)
83,鎧袖一触,特殊因縁,鬼,刀鍛冶,忍法,大,	腕力・四象,土,ステータス,0.0082,2.24,0.018368,土=対象ライン3人土合計×因縁係数×2.24,陣形値=因縁値合算×陣形倍率,floor(因縁値合算+陣形値)
83,鎧袖一触,特殊因縁,鬼,刀鍛冶,忍法,大,	腕力・四象,水,ステータス,0.0082,2.24,0.018368,水=対象ライン3人水合計×因縁係数×2.24,陣形値=因縁値合算×陣形倍率,floor(因縁値合算+陣形値)
83,鎧袖一触,特殊因縁,鬼,刀鍛冶,忍法,大,	腕力・四象,火,ステータス,0.0082,2.24,0.018368,火=対象ライン3人火合計×因縁係数×2.24,陣形値=因縁値合算×陣形倍率,floor(因縁値合算+陣形値)
83,鎧袖一触,特殊因縁,鬼,刀鍛冶,忍法,大,	腕力・四象,風,ステータス,0.0082,2.24,0.018368,風=対象ライン3人風合計×因縁係数×2.24,陣形値=因縁値合算×陣形倍率,floor(因縁値合算+陣形値)
83,鎧袖一触,特殊因縁,鬼,刀鍛冶,忍法,小,気合,気合,気合,,2.24,,気合=対象ライン3人気合合計×因縁係数×2.24,陣形値=因縁値合算×陣形倍率,floor(因縁値合算+陣形値)
84,意気衝天,特殊因縁,気鋭,勇将,女傑,特大,生命力,生命,生命,0.007,2.24,0.01568,生命=対象ライン3人生命合計×因縁係数×2.24,陣形値=因縁値合算×陣形倍率,floor(因縁値合算+陣形値)
84,意気衝天,特殊因縁,気鋭,勇将,女傑,大,気合,気合,気合,0.0113,2.24,0.025312,気合=対象ライン3人気合合計×因縁係数×2.24,陣形値=因縁値合算×陣形倍率,floor(因縁値合算+陣形値)
84,意気衝天,特殊因縁,気鋭,勇将,女傑,中,器用さ・知力,器用さ,ステータス,0.0044,2.24,0.009856,器用さ=対象ライン3人器用さ合計×因縁係数×2.24,陣形値=因縁値合算×陣形倍率,floor(因縁値合算+陣形値)
84,意気衝天,特殊因縁,気鋭,勇将,女傑,中,器用さ・知力,知力,ステータス,0.0044,2.24,0.009856,知力=対象ライン3人知力合計×因縁係数×2.24,陣形値=因縁値合算×陣形倍率,floor(因縁値合算+陣形値)
85,質実剛健,特殊因縁,気鋭,内助の功,外交官,特大,生命力,生命,生命,0.007,2.24,0.01568,生命=対象ライン3人生命合計×因縁係数×2.24,陣形値=因縁値合算×陣形倍率,floor(因縁値合算+陣形値)
85,質実剛健,特殊因縁,気鋭,内助の功,外交官,大,耐久力,耐久力,ステータス,0.0082,2.24,0.018368,耐久力=対象ライン3人耐久力合計×因縁係数×2.24,陣形値=因縁値合算×陣形倍率,floor(因縁値合算+陣形値)
85,質実剛健,特殊因縁,気鋭,内助の功,外交官,中,魅力・四象,魅力,ステータス,0.0044,2.24,0.009856,魅力=対象ライン3人魅力合計×因縁係数×2.24,陣形値=因縁値合算×陣形倍率,floor(因縁値合算+陣形値)
85,質実剛健,特殊因縁,気鋭,内助の功,外交官,中,魅力・四象,土,ステータス,0.0044,2.24,0.009856,土=対象ライン3人土合計×因縁係数×2.24,陣形値=因縁値合算×陣形倍率,floor(因縁値合算+陣形値)
85,質実剛健,特殊因縁,気鋭,内助の功,外交官,中,魅力・四象,水,ステータス,0.0044,2.24,0.009856,水=対象ライン3人水合計×因縁係数×2.24,陣形値=因縁値合算×陣形倍率,floor(因縁値合算+陣形値)
85,質実剛健,特殊因縁,気鋭,内助の功,外交官,中,魅力・四象,火,ステータス,0.0044,2.24,0.009856,火=対象ライン3人火合計×因縁係数×2.24,陣形値=因縁値合算×陣形倍率,floor(因縁値合算+陣形値)
85,質実剛健,特殊因縁,気鋭,内助の功,外交官,中,魅力・四象,風,ステータス,0.0044,2.24,0.009856,風=対象ライン3人風合計×因縁係数×2.24,陣形値=因縁値合算×陣形倍率,floor(因縁値合算+陣形値)
86,意気軒昂,特殊因縁,信義,勇将,宿将,特大,生命力,生命,生命,0.007,2.24,0.01568,生命=対象ライン3人生命合計×因縁係数×2.24,陣形値=因縁値合算×陣形倍率,floor(因縁値合算+陣形値)
86,意気軒昂,特殊因縁,信義,勇将,宿将,大,腕力,腕力,ステータス,0.0082,2.24,0.018368,腕力=対象ライン3人腕力合計×因縁係数×2.24,陣形値=因縁値合算×陣形倍率,floor(因縁値合算+陣形値)
86,意気軒昂,特殊因縁,信義,勇将,宿将,中,器用さ・魅力,器用さ,ステータス,0.0044,2.24,0.009856,器用さ=対象ライン3人器用さ合計×因縁係数×2.24,陣形値=因縁値合算×陣形倍率,floor(因縁値合算+陣形値)
86,意気軒昂,特殊因縁,信義,勇将,宿将,中,器用さ・魅力,魅力,ステータス,0.0044,2.24,0.009856,魅力=対象ライン3人魅力合計×因縁係数×2.24,陣形値=因縁値合算×陣形倍率,floor(因縁値合算+陣形値)
87,日進月歩,特殊因縁,信義,明敏,飛道具使い,特大,生命力,生命,生命,0.007,2.24,0.01568,生命=対象ライン3人生命合計×因縁係数×2.24,陣形値=因縁値合算×陣形倍率,floor(因縁値合算+陣形値)
87,日進月歩,特殊因縁,信義,明敏,飛道具使い,大,器用さ,器用さ,ステータス,0.0082,2.24,0.018368,器用さ=対象ライン3人器用さ合計×因縁係数×2.24,陣形値=因縁値合算×陣形倍率,floor(因縁値合算+陣形値)
87,日進月歩,特殊因縁,信義,明敏,飛道具使い,中,腕力・耐久力,腕力,ステータス,0.0044,2.24,0.009856,腕力=対象ライン3人腕力合計×因縁係数×2.24,陣形値=因縁値合算×陣形倍率,floor(因縁値合算+陣形値)
87,日進月歩,特殊因縁,信義,明敏,飛道具使い,中,腕力・耐久力,耐久力,ステータス,0.0044,2.24,0.009856,耐久力=対象ライン3人耐久力合計×因縁係数×2.24,陣形値=因縁値合算×陣形倍率,floor(因縁値合算+陣形値)
88,雄材大略,特殊因縁,博識,名臣,野心家,特大,生命力,生命,生命,0.007,2.24,0.01568,生命=対象ライン3人生命合計×因縁係数×2.24,陣形値=因縁値合算×陣形倍率,floor(因縁値合算+陣形値)
88,雄材大略,特殊因縁,博識,名臣,野心家,大,知力,知力,ステータス,0.0082,2.24,0.018368,知力=対象ライン3人知力合計×因縁係数×2.24,陣形値=因縁値合算×陣形倍率,floor(因縁値合算+陣形値)
88,雄材大略,特殊因縁,博識,名臣,野心家,中,気合・四象,気合,気合,0.006,2.24,0.01344,気合=対象ライン3人気合合計×因縁係数×2.24,陣形値=因縁値合算×陣形倍率,floor(因縁値合算+陣形値)
88,雄材大略,特殊因縁,博識,名臣,野心家,中,気合・四象,土,ステータス,0.0044,2.24,0.009856,土=対象ライン3人土合計×因縁係数×2.24,陣形値=因縁値合算×陣形倍率,floor(因縁値合算+陣形値)
88,雄材大略,特殊因縁,博識,名臣,野心家,中,気合・四象,水,ステータス,0.0044,2.24,0.009856,水=対象ライン3人水合計×因縁係数×2.24,陣形値=因縁値合算×陣形倍率,floor(因縁値合算+陣形値)
88,雄材大略,特殊因縁,博識,名臣,野心家,中,気合・四象,火,ステータス,0.0044,2.24,0.009856,火=対象ライン3人火合計×因縁係数×2.24,陣形値=因縁値合算×陣形倍率,floor(因縁値合算+陣形値)
88,雄材大略,特殊因縁,博識,名臣,野心家,中,気合・四象,風,ステータス,0.0044,2.24,0.009856,風=対象ライン3人風合計×因縁係数×2.24,陣形値=因縁値合算×陣形倍率,floor(因縁値合算+陣形値)
89,摂理探究,特殊因縁,博識,知将,神仏の徒,特大,生命力,生命,生命,0.007,2.24,0.01568,生命=対象ライン3人生命合計×因縁係数×2.24,陣形値=因縁値合算×陣形倍率,floor(因縁値合算+陣形値)
89,摂理探究,特殊因縁,博識,知将,神仏の徒,大,四象,土,ステータス,0.0082,2.24,0.018368,土=対象ライン3人土合計×因縁係数×2.24,陣形値=因縁値合算×陣形倍率,floor(因縁値合算+陣形値)
89,摂理探究,特殊因縁,博識,知将,神仏の徒,大,四象,水,ステータス,0.0082,2.24,0.018368,水=対象ライン3人水合計×因縁係数×2.24,陣形値=因縁値合算×陣形倍率,floor(因縁値合算+陣形値)
89,摂理探究,特殊因縁,博識,知将,神仏の徒,大,四象,火,ステータス,0.0082,2.24,0.018368,火=対象ライン3人火合計×因縁係数×2.24,陣形値=因縁値合算×陣形倍率,floor(因縁値合算+陣形値)
89,摂理探究,特殊因縁,博識,知将,神仏の徒,大,四象,風,ステータス,0.0082,2.24,0.018368,風=対象ライン3人風合計×因縁係数×2.24,陣形値=因縁値合算×陣形倍率,floor(因縁値合算+陣形値)
89,摂理探究,特殊因縁,博識,知将,神仏の徒,中,腕力・知力,腕力,ステータス,0.0044,2.24,0.009856,腕力=対象ライン3人腕力合計×因縁係数×2.24,陣形値=因縁値合算×陣形倍率,floor(因縁値合算+陣形値)
89,摂理探究,特殊因縁,博識,知将,神仏の徒,中,腕力・知力,知力,ステータス,0.0044,2.24,0.009856,知力=対象ライン3人知力合計×因縁係数×2.24,陣形値=因縁値合算×陣形倍率,floor(因縁値合算+陣形値)
90,巧言令色,特殊因縁,多才,長寿,世渡り上手,特大,生命力,生命,生命,0.007,2.24,0.01568,生命=対象ライン3人生命合計×因縁係数×2.24,陣形値=因縁値合算×陣形倍率,floor(因縁値合算+陣形値)
90,巧言令色,特殊因縁,多才,長寿,世渡り上手,大,魅力,魅力,ステータス,0.0082,2.24,0.018368,魅力=対象ライン3人魅力合計×因縁係数×2.24,陣形値=因縁値合算×陣形倍率,floor(因縁値合算+陣形値)
90,巧言令色,特殊因縁,多才,長寿,世渡り上手,中,気合・耐久力,気合,気合,0.006,2.24,0.01344,気合=対象ライン3人気合合計×因縁係数×2.24,陣形値=因縁値合算×陣形倍率,floor(因縁値合算+陣形値)
90,巧言令色,特殊因縁,多才,長寿,世渡り上手,中,気合・耐久力,耐久力,ステータス,0.0044,2.24,0.009856,耐久力=対象ライン3人耐久力合計×因縁係数×2.24,陣形値=因縁値合算×陣形倍率,floor(因縁値合算+陣形値)
91,多芸多才,特殊因縁,多才,才腕,洒落者,特大,生命力,生命,生命,0.007,2.24,0.01568,生命=対象ライン3人生命合計×因縁係数×2.24,陣形値=因縁値合算×陣形倍率,floor(因縁値合算+陣形値)
91,多芸多才,特殊因縁,多才,才腕,洒落者,中,九光,生命,生命,,2.24,,生命=対象ライン3人生命合計×因縁係数×2.24,陣形値=因縁値合算×陣形倍率,floor(因縁値合算+陣形値)
91,多芸多才,特殊因縁,多才,才腕,洒落者,中,九光,気合,気合,0.006,2.24,0.01344,気合=対象ライン3人気合合計×因縁係数×2.24,陣形値=因縁値合算×陣形倍率,floor(因縁値合算+陣形値)
91,多芸多才,特殊因縁,多才,才腕,洒落者,中,九光,腕力,ステータス,0.0044,2.24,0.009856,腕力=対象ライン3人腕力合計×因縁係数×2.24,陣形値=因縁値合算×陣形倍率,floor(因縁値合算+陣形値)
91,多芸多才,特殊因縁,多才,才腕,洒落者,中,九光,耐久力,ステータス,0.0044,2.24,0.009856,耐久力=対象ライン3人耐久力合計×因縁係数×2.24,陣形値=因縁値合算×陣形倍率,floor(因縁値合算+陣形値)
91,多芸多才,特殊因縁,多才,才腕,洒落者,中,九光,器用さ,ステータス,0.0044,2.24,0.009856,器用さ=対象ライン3人器用さ合計×因縁係数×2.24,陣形値=因縁値合算×陣形倍率,floor(因縁値合算+陣形値)
91,多芸多才,特殊因縁,多才,才腕,洒落者,中,九光,知力,ステータス,0.0044,2.24,0.009856,知力=対象ライン3人知力合計×因縁係数×2.24,陣形値=因縁値合算×陣形倍率,floor(因縁値合算+陣形値)
91,多芸多才,特殊因縁,多才,才腕,洒落者,中,九光,魅力,ステータス,0.0044,2.24,0.009856,魅力=対象ライン3人魅力合計×因縁係数×2.24,陣形値=因縁値合算×陣形倍率,floor(因縁値合算+陣形値)
91,多芸多才,特殊因縁,多才,才腕,洒落者,中,九光,土,ステータス,0.0044,2.24,0.009856,土=対象ライン3人土合計×因縁係数×2.24,陣形値=因縁値合算×陣形倍率,floor(因縁値合算+陣形値)
91,多芸多才,特殊因縁,多才,才腕,洒落者,中,九光,水,ステータス,0.0044,2.24,0.009856,水=対象ライン3人水合計×因縁係数×2.24,陣形値=因縁値合算×陣形倍率,floor(因縁値合算+陣形値)
91,多芸多才,特殊因縁,多才,才腕,洒落者,中,九光,火,ステータス,0.0044,2.24,0.009856,火=対象ライン3人火合計×因縁係数×2.24,陣形値=因縁値合算×陣形倍率,floor(因縁値合算+陣形値)
91,多芸多才,特殊因縁,多才,才腕,洒落者,中,九光,風,ステータス,0.0044,2.24,0.009856,風=対象ライン3人風合計×因縁係数×2.24,陣形値=因縁値合算×陣形倍率,floor(因縁値合算+陣形値)
