番号,コスト,名前,育成技能1:(0凸),育成技能2:(0凸),育成技能3:(0凸),生命,気合,腕力,耐久,器用,知力,魅力,土,水,火,風,因子1(特化),因子2(2凸),因子3(LV20),因子4(文曲)
1,7,豊臣秀長,知力上昇Lv.5,生命力上昇Lv.3,知力修練志向Lv.1,34607,23177,2346,2015,2055,3006,2404,2552,2519,2642,2580,軍学,才腕,知将,名臣
2,7,片倉景綱(右腕),知力上昇Lv.5,知力修練志向Lv.3,生命上昇Lv.1,37178,20746,3219,2024,2247,2933,2472,2513,2360,2665,2448,殺陣,名臣,博識,知将
3,7,竹中半兵衛(右腕),知力上昇Lv.5,魅力上昇Lv.3,知力修練志向Lv.1,29750,25361,1621,1600,2136,3023,2821,2985,2976,2982,2976,陰陽道,名臣,知将,
4,7,酒井忠次(衣鉢),生命上昇Lv.5,生命上昇率向上Lv.3,魅力上昇Lv.1,41041,25610,2640,1545,1851,2693,2855,2249,2024,1908,2019,神通力,名臣,宿将,外交官
5,6,薄田兼相,耐久上昇Lv.1,生命上昇率向上Lv.1,,31697,15606,2210,1674,1610,1417,1348,1701,1548,1499,1567,武士道,剣豪,信義,
6,7,島津日新斎,知力上昇Lv.5,土属性上昇Lv.3,知力修練志向Lv.1,38518,23135,1900,2054,1877,2915,2718,2934,2366,2182,2121,仏門,才腕,長寿,
7,8,百地三太夫(野望),腕力上昇Lv.5,腕力修練志向Lv.3,腕力上昇率向上Lv.1,32480,18581,3470,1528,2441,2648,3007,2021,2073,2150,2166,暗殺術,忍び,世渡り上手,
8,7,風魔小太郎(野望),器用上昇Lv.5,腕力上昇Lv.3,器用修練志向Lv.1,32840,20182,3094,1590,2664,2599,2814,2176,2072,2269,2363,忍術,忍び,鬼,飛道具使い
9,8,毛利隆元,知力上昇Lv.5,魅力上昇Lv.3,知力修練志向Lv.1,36922,24671,1308,2140,2039,2930,3151,2745,2708,2686,2925,陰陽道,世渡り上手,才腕,信義
10,7,斎藤義龍(新春),腕力上昇Lv.5,生命上昇Lv.3,腕力上昇率向上Lv.1,41334,21515,2947,2285,2210,1514,2614,2652,2697,2633,2670,刀鍛冶,野心家,猛将,
11,7,斎藤義龍,土属性上昇率向上Lv.2,,,36129,14885,2261,2045,1395,1063,2297,2015,1295,1249,904,刀鍛冶,野心家,,猛将
12,7,前田利家(雄材),生命上昇Lv.5,腕力上昇Lv.3,火属性上昇Lv.1,36749,19474,3100,1510,1963,1987,2487,2378,2176,2961,2272,四象,博識,洒落者,世渡り上手
13,7,安国寺恵瓊,耐久上昇Lv.5,耐久上昇率向上Lv.3,魅力上昇Lv.1,35859,22911,1865,2435,1937,2891,3075,2289,2296,2153,2132,密教,名臣,外交官,
14,6,上杉憲政,生命上昇Lv.1,生命上昇率向上Lv.1,,32957,15661,2603,1636,1600,1426,1349,1872,2037,1864,1862,僧兵,野心家,神仏の徒,
15,8,武田晴信,知力上昇率向上Lv.5,土属性上昇Lv.3,知力上昇Lv.1,40234,18242,2346,1983,2026,2918,2106,3003,2957,2820,2812,軍学,神仏の徒,気鋭,野心家
16,7,三条の方,気合上昇Lv.5,生命上昇Lv.3,魅力上昇Lv.1,37441,28385,2073,2116,1638,2844,3087,2291,2476,2282,2384,仏門,女傑,内助の功,ー
17,7,堀秀政,風属性上昇Lv.5,魅力上昇Lv.3,風属性上昇率向上Lv.1,37721,24794,2236,1973,2365,2888,3071,2559,2665,2973,3000,地勢,才腕,外交官,多才
18,7,雫の者,魅力上昇Lv.5,生命上昇Lv.3,水属性上昇Lv.1,38792,20945,1575,2132,1705,2826,3178,2682,2977,2362,2079,医学,女傑,根性,内助の功
19,8,伊達政宗(起源),腕力上昇Lv.5,生命上昇Lv.3,火属性上昇Lv.1,37926,21089,3236,1774,2021,2299,2499,2546,2676,2595,2510,武芸,才腕,野心家,気鋭
20,7,北条氏照(剛柔),知力上昇率向上Lv.5,知力上昇Lv.3,土属性上昇Lv.1,33203,21566,1394,2088,1758,2930,3085,2900,2591,2554,2636,陰陽道,知将,外交官,
21,7,甲斐宗運,耐久上昇Lv.5,耐久上昇率向上Lv.3,魅力上昇率向上Lv.1,37790,20905,2482,2369,1937,2700,2878,2502,2659,2635,2618,密教,宿将,神仏の徒,
22,8,佐竹義重,腕力上昇Lv.5,生命上昇Lv.3,器用上昇率向上Lv.1,36581,19527,2968,1897,2327,2811,2919,2408,2502,2821,2616,武芸,才腕,勇将,
23,7,片倉景綱,気合上昇率向上Lv.5,魅力修練上昇Lv.3,知力修練上昇Lv.1,30828,23432,1621,1305,1308,1906,2205,1467,1320,1250,1515,古神道,名臣,,
24,8,今川義元,知力上昇Lv.5,知力修練上昇Lv.3,,27891,18115,1189,1653,1343,2040,2865,1544,2842,1483,1530,陰陽道,文化人,多才,
25,6,平手政秀,魅力上昇率向上Lv.3,知力修練上昇Lv.1,,19872,19075,662,1159,907,2243,1701,1436,790,750,1332,仙道,名臣,信義,
26,7,島津家久,耐久上昇率向上Lv.5,耐久上昇Lv.3,,27885,13915,2095,1797,1545,956,1886,917,946,1118,1196,鉄砲鍛冶,勇将,,
27,8,上杉謙信,生命上昇Lv.3,,,26936,15587,1759,1699,1215,2222,2058,1169,1471,1119,1430,仏門,勇将,信義,
28,8,F,水属性上昇率向上Lv.5,水属性上昇Lv.3,,37047,13937,2076,2183,1424,1144,2258,1018,1561,999,968,刀鍛冶,鬼,,勇将
29,8,本願寺顕如,気合上昇Lv.3,,,31515,19361,2167,1761,1193,2098,1980,1169,1716,1119,1192,仏門,神仏の徒,博識,
30,7,吉川元春,腕力上昇率向上Lv.5,魅力上昇率向上Lv.3,魅力上昇Lv.1,35606,16698,2871,2054,2124,2524,2827,1265,1636,1177,1312,僧兵,猛将,,気鋭
31,7,黒百合(納涼),水属性上昇Lv.5,生命修練上昇Lv.3,水属性上昇率向上Lv.1,34827,20972,2463,1383,1918,2390,2317,2629,3046,2584,2612,四象,才腕,女傑,博識
32,6,黒百合,風属性上昇Lv.1,,,20971,11935,1598,876,1012,1094,1426,798,717,876,747,四象,女傑,,
33,7,丹羽長秀(風雲),知力上昇Lv.5,火属性上昇率向上Lv.3,水属性上昇率向上Lv.1,33239,21459,1148,2143,1939,2829,2946,2018,2810,2827,2004,修験道,名臣,知将,
34,7,直江兼続(王佐),知力上昇Lv.5,知力上昇率向上Lv.3,知力修練志向Lv.1,35063,23809,1816,2157,1929,2912,3041,2882,2742,2702,2789,陰陽道,名臣,文化人,信義
35,6,安宅冬康,耐久修練志向Lv.1,魅力修練上昇Lv.1,,31889,12216,1231,2000,1163,879,1900,767,777,870,758,鎧鍛冶,知将,多才,
36,6,稲葉一鉄,魅力修練上昇Lv.1,,,22887,12046,1607,1192,1053,1178,1214,860,760,700,703,僧兵,猛将,博識,
37,6,斎藤朝信,魅力修練志向Lv.5,,,23409,12142,1921,1092,1264,828,1408,688,697,825,682,武芸,名臣,信義,
38,6,支倉常長,腕力上昇率向上Lv.1,,,18183,14671,2607,1224,1210,1378,1268,768,899,707,732,武士道,外交官,博識,
39,6,十河一存,腕力修練上昇Lv.1,,,23409,12142,2189,982,1218,921,1408,688,697,825,682,武芸,鬼,気鋭,
40,6,北条氏邦,器用上昇率向上Lv.1,,,23409,12142,2246,982,1150,921,1408,688,844,682,682,武芸,世渡り上手,多才,根性
41,6,井伊直政,腕力修練上昇Lv.1,,,23409,12142,2113,1092,1035,921,1408,688,697,825,682,武芸,猛将,気鋭,
42,6,谷忠澄,知力修練上昇Lv.1,腕力上昇Lv.1,,27259,12232,2229,1053,1053,1528,1769,796,743,752,780,殺陣,多才,外交官,
43,6,伊奈忠次,知力上昇Lv.1,魅力上昇Lv.1,,22186,13965,705,1168,758,1737,1482,1630,1339,1655,1199,召喚術,博識,文化人,
44,6,唐沢玄蕃,器用上昇Lv.1,腕力修練上昇Lv.1,,25038,11522,2392,985,1764,819,1585,750,863,769,782,暗殺術,気鋭,忍び,
45,6,御子神典膳,腕力上昇Lv.1,腕力修練志向Lv.1,,30899,15907,2420,1146,1897,1300,2451,1529,1580,1514,1509,武芸,信義,剣豪,
46,5,大熊朝秀,,,,25391,11732,602,1048,873,1701,1748,805,786,808,1319,修験,多才,,
47,5,関口氏広,,,,22142,11714,559,949,744,1593,1241,914,794,816,904,仙道,多才,,
48,5,岡国高,,,,28206,10922,830,1712,1058,778,1631,658,659,706,719,鎧鍛冶,博識,,
49,5,鈴木元信,,,,24451,12486,578,978,793,1324,1346,818,649,705,624,医術,博識,,
50,5,渡辺了,,,,23877,11774,1005,1259,1109,1269,1492,899,714,721,719,軍学,気鋭,,
51,5,安藤良整,,,,17164,7722,493,1776,535,1007,959,608,511,478,483,仏門,気鋭,,
52,5,大沢正秀,,,,28717,10676,1150,1334,1048,693,1395,694,699,426,544,刀鍛冶,信義,,
53,5,下間頼竜,,,,21335,10934,1645,987,915,877,1162,570,738,554,692,僧兵,信義,,
54,7,斎藤利三(神祇),知力上昇率向上Lv.5,水属性上昇Lv.3,火属性上昇Lv.1,34843,22477,1537,2020,1563,2854,2759,2340,2977,2869,2417,召喚術,世渡り上手,知将,才腕
55,5,斎藤利三,,,,21153,15752,657,940,848,1590,1466,903,967,773,950,古神道,名臣,,
56,7,織田信忠,生命上昇Lv.5,生命修練志向Lv.3,生命上昇率向上Lv.1,38950,21254,1481,2032,2026,2802,2928,2249,2220,2148,2159,神通力,明敏,名臣,
57,6,大野治長,魅力上昇Lv.1,魅力修練志向Lv.1,,27681,17891,1480,1822,2047,1825,2456,1829,1603,1603,1553,神通力,世渡り上手,文化人,
58,6,早川殿,生命上昇Lv.3,魅力上昇率向上Lv.1,,33074,20655,735,1659,1858,2435,2714,2207,2121,1927,2215,召喚術,外交官,内助の功,
59,6,武田信繁,土属性上昇率向上Lv.1,,,25622,13350,771,1412,940,2022,2563,1409,1112,1093,941,神通力,名臣,,
60,6,庵原将監,知力修練上昇Lv.1,,,20338,11736,608,891,648,1503,1329,1036,853,718,824,召喚術,名臣,,
61,7,林崎甚助,腕力上昇率向上Lv.5,腕力上昇Lv.3,生命上昇Lv.1,34967,19839,3258,1788,2146,2219,2534,2387,2339,2164,2510,武芸,剣豪,明敏,長寿
62,7,直江景綱,気合上昇Lv.5,気合修練志向Lv.3,気合上昇率向上Lv.1,37304,30158,1964,1761,1883,2629,2728,2587,2376,2262,2756,古神道,外交官,名臣,
63,6,山上道及,腕力上昇Lv.1,腕力修練志向Lv.1,,32711,15744,3014,1574,2128,1569,1372,1952,1920,1884,1920,殺陣,猛将,世渡り上手,
64,8,雑賀孫市(道化),耐久上昇Lv.5,腕力上昇Lv.3,耐久上昇率向上Lv.1,36406,20162,2921,2300,2035,1756,2675,2048,2125,2644,2219,鉄砲鍛冶,飛道具使い,才腕,洒落者
65,7,望月千代女(道化),魅力上昇Lv.5,気合上昇率向上Lv.3,気合修練志向Lv.1,36009,28640,1964,1970,1975,2824,3076,2614,2424,2319,2756,古神道,世渡り上手,女傑,
66,7,鍋島直茂(乱雲),知力上昇率向上Lv.5,知力上昇Lv.3,生命上昇Lv.1,38827,21083,2681,2097,2157,2918,3094,2321,2425,2274,2482,軍学,名臣,知将,
67,7,鍋島直茂,耐久修練志向Lv.2,,,29542,15700,1764,1639,1428,2215,1938,1155,1183,1115,1223,軍楽,知将,,
68,8,島津義久,知力上昇Lv.5,風属性上昇率向上Lv.5,気合上昇率向上Lv.1,35328,27777,2010,2175,2014,2893,2909,2608,2742,2636,3027,陰陽道,明敏,世渡り上手,知将
69,7,蜂須賀正勝,腕力上昇Lv.5,腕力上昇率向上Lv.3,土属性上昇Lv.1,38280,24794,2934,2005,2056,2594,2506,2996,2619,2535,2894,地勢,名臣,才腕,世渡り上手
70,7,前田利家(兎忍),生命上昇Lv.5,生命修練志向Lv.3,生命上昇率向上Lv.1,39002,17652,2834,1542,2091,2044,1852,1220,1305,1184,1118,武芸,猛将,,洒落者
71,7,納涼忍お綾,知力上昇Lv.5,器用上昇Lv.3,魅力上昇率向上Lv.1,31789,20182,3146,1590,2649,2414,2311,2176,2072,2269,2363,忍術,才腕,女傑,洒落者
72,8,九鬼嘉隆,生命上昇Lv.5,耐久上昇Lv.3,水属性上昇率向上Lv.1,40415,20162,2447,2428,2093,2890,2991,1909,2442,2290,2128,刀鍛冶,鬼,勇将,
73,7,大谷吉継(西軍),生命上昇Lv.5,風属性上昇Lv.3,知力上昇Lv.1,39211,21777,1782,2133,1866,2912,2486,2659,2638,2578,3022,神通力,名臣,根性,
74,7,大谷吉継,風属性上昇率向上Lv.1,,,31078,16907,983,1774,1050,2522,2402,1389,1337,1351,2874,陰陽道,名臣,,
75,7,島津豊久,耐久上昇率向上Lv.5,生命上昇Lv.3,耐久上昇Lv.1,38919,18506,2588,2586,2089,2047,2465,1752,1650,1509,1629,鎧鍛冶,勇将,根性,
76,6,伊賀崎道順,知力上昇Lv.1,知力修練志向Lv.1,,26033,13061,1690,1022,1712,2615,2101,1720,1690,2047,1865,忍術,忍び,飛道具使い,
77,7,石川数正(臥薪),知力上昇Lv.5,知力修練志向Lv.3,生命上昇率向上Lv.1,35987,21118,1753,2160,1953,2926,2928,2834,2488,2504,2480,修験道,外交官,野心家,才腕
78,6,石川数正,魅力修練志向Lv.1,知力上昇率向上Lv.1,,21161,13728,1003,1002,822,1871,2629,748,669,643,1127,雅楽,外交官,,
79,6,赤尾清綱,生命修練上昇Lv.1,,,26415,14368,800,1339,1096,1843,1638,891,873,889,1470,修験道,名臣,,
80,6,望月吉棟,器用上昇率向上Lv.1,腕力上昇率向上Lv.1,,24591,11521,2392,985,1763,818,1454,750,764,768,782,暗殺術,忍び,,
81,7,陶晴賢,知力上昇Lv.5,水属性上昇Lv.3,知力修練志向Lv.1,35860,26742,1621,2209,1953,2968,3129,2728,3093,2801,2891,陰陽道,才腕,野心家,
82,7,山中鹿之介,腕力上昇Lv.5,腕力上昇率向上Lv.3,生命修練上昇Lv.1,36581,21402,3124,1897,2411,2219,2919,2132,2197,2800,2152,武芸,勇将,根性,猛将
83,8,豊臣秀吉,知力上昇率向上Lv.5,生命上昇Lv.3,知力上昇Lv.1,38264,20336,2399,2229,1982,3006,2665,2598,2661,2843,2751,軍学,世渡り上手,野心家,才腕
84,7,高台院,知力上昇Lv.5,魅力上昇率向上Lv.3,魅力上昇Lv.1,32208,25095,2018,1575,1396,2677,3094,2323,2123,2019,2168,雅楽,内助の功,長寿,明敏
85,7,愛姫(起源),知力上昇Lv.5,水属性上昇Lv.3,知力上昇率向上Lv.1,32130,25626,3147,1701,2117,2443,3085,2399,2353,2377,2462,神道,明敏,内助の功,
86,7,毛利勝永,生命上昇Lv.5,生命修練志向Lv.3,生命上昇率向上Lv.1,40234,18541,2734,2245,1676,2109,2870,1674,1715,1616,1773,軍学,勇将,根性,
87,6,香宗我部親泰,知力上昇Lv.1,知力修練志向Lv.1,,30103,13989,1544,1566,1300,1846,1987,1540,1800,1448,1550,軍学,知将,才腕,
88,7,井伊直政(勇猛),腕力上昇Lv.5,火属性上昇率向上Lv.3,火属性上昇Lv.1,32277,21870,3124,1774,2439,2703,2919,2334,2524,2832,2331,武芸,猛将,鬼,
89,7,村上義清,腕力上昇Lv.5,腕力修練志向Lv.3,魅力上昇率向上Lv.1,32487,20123,3293,1602,2231,2461,2861,2102,2477,2334,2188,僧兵,猛将,根性,
90,6,渡辺守綱,腕力上昇Lv.1,腕力修練志向Lv.1,,31133,16393,2401,1146,1897,1290,2451,1522,1580,1514,1509,武芸,猛将,長寿,
91,6,豊臣秀次,知力上昇Lv.1,知力修練志向Lv.1,,29346,16900,1052,1474,1774,2515,2608,1701,1775,1696,1694,医学,知将,文化人,
92,7,細川忠興(山紫),知力修練志向Lv.5,知力上昇率向上Lv.3,魅力上昇Lv.1,31107,22707,2092,1773,2163,2950,2853,2502,2997,2641,2678,仙道,鬼,文化人,
93,7,大内義隆,水属性上昇Lv.5,知力上昇Lv.3,水属性上昇率向上Lv.1,32425,21121,2484,1441,2258,2868,2858,2516,2850,2638,2692,四象,才腕,文化人,
94,6,金森長近,腕力上昇Lv.1,腕力修練志向Lv.1,,25165,17067,2796,1156,2148,1684,2256,1513,1623,1470,1440,四象,勇将,文化人,
95,7,柳生宗矩,腕力上昇率向上Lv.5,腕力修練志向Lv.3,腕力上昇Lv.1,30932,21089,3147,1706,2551,2555,2639,2440,2502,2423,2880,武芸,才腕,文化人,剣豪
96,6,大久保忠世,腕力上昇Lv.1,腕力修練志向Lv.1,,27963,16851,2698,1784,1970,1466,2364,1328,1359,1310,1392,鉄砲鍛冶,才腕,外交官,
97,6,妙玖,知力上昇Lv.1,気合修練志向Lv.1,,29283,15561,1205,1604,1132,2409,2118,2024,2058,1954,2068,仏門,内助の功,,
98,7,義姫,魅力上昇Lv.5,知力上昇Lv.3,魅力上昇率向上Lv.1,32965,21799,1275,2177,1939,2887,3037,2545,2748,2356,2419,修験道,明敏,野心家,鬼
99,7,明石全登,生命上昇率向上Lv.5,魅力上昇Lv.3,生命上昇Lv.1,37637,21747,2295,2232,2046,2229,3046,2462,2396,2294,2389,武士道,明敏,神仏の徒,博識
100,6,竹中重門,知力上昇Lv.1,生命上昇Lv.1,,27452,16515,1002,1448,1488,2474,2594,1506,1414,1423,1389,神通力,明敏,野心家,
101,7,山県昌景(泰然),腕力上昇率向上Lv.5,生命上昇Lv.3,腕力上昇Lv.1,35774,18746,3057,1883,2244,2178,2552,2344,2404,2692,2331,武芸,根性,勇将,
102,7,真田信幸(泰然),魅力上昇Lv.5,生命上昇Lv.3,魅力上昇率向上Lv.1,34520,24490,2987,1633,2170,2662,3027,2280,2330,2342,2414,神通,根性,長寿,
103,6,長野業正,耐久上昇Lv.1,生命上昇Lv.1,,31943,17607,1686,1537,2070,2156,2555,2041,2056,2073,1976,武士道,根性,長寿,猛将
104,7,霧隠才蔵,器用上昇率向上Lv.5,腕力上昇Lv.3,器用修練志向Lv.1,33311,19775,2909,1515,2528,2061,2711,2187,2292,2304,2322,忍法,宿将,忍び,
105,7,尼子経久,知力上昇率向上Lv.5,生命上昇Lv.3,魅力上昇Lv.1,36084,21031,1592,1944,2103,2887,2932,2571,2751,2755,2773,仙道,才腕,知将,
106,6,木下秀長,知力上昇Lv.1,腕力上昇Lv.1,,28865,17893,2441,1030,2103,2587,2617,2139,2061,2179,2041,神通,才腕,知将,
107,7,井伊直虎,魅力上昇率向上Lv.5,知力上昇Lv.3,魅力上昇Lv1,36576,20635,2857,2147,1676,2830,3075,1131,2070,2731,1149,軍学,女傑,猛将,
108,7,名古屋山三郎,魅力上昇率向上Lv.5,腕力上昇率向上Lv.3,魅力修練志向Lv1,34058,22428,3037,2050,2000,2796,2948,2513,2507,2506,2513,殺陣,文化人,洒落者,
109,6,大祝鶴,腕力上昇Lv.1,魅力上昇Lv.1,,27502,18022,2519,950,1840,2006,2648,1501,1498,1481,1516,神道,女傑,洒落者,
110,7,下間頼廉(籠城),腕力上昇率向上Lv.5,器用上昇率向上Lv.3,腕力上昇Lv.1,32275,15334,3042,2174,2377,2488,1925,1049,1157,1088,1088,鉄砲鍛冶,神仏の徒,飛道具使い,
111,7,北条綱成(籠城),耐久上昇率向上Lv.5,生命上昇Lv.3,耐久上昇Lv1,36940,20282,1945,2303,2234,2722,2326,2022,1309,1256,1187,鎧鍛冶,名臣,勇将,
112,6,甲斐姫,生命上昇Lv.1,生命修練志向Lv.1,,33172,15339,1086,2000,2155,2445,2602,907,844,738,856,武士道,名臣,女傑,
113,7,宇喜多直家,知力上昇率向上Lv.5,知力上昇Lv.3,知力修練上昇Lv1,35859,20905,1578,2104,1560,2891,2825,2315,2309,2305,2306,密教,知将,野心家,
114,7,細川藤孝(立役),魅力上昇率向上Lv.5,知力上昇率向上Lv.3,土属性上昇Lv1,35586,20726,1332,2000,1642,2823,2952,2724,2687,2629,2611,仙道,外交官,文化人,長寿
115,7,羽柴秀吉,知力上昇Lv.2,魅力上昇Lv.1,,30323,17422,1114,1680,1458,1832,2652,1323,1306,1264,1270,神通力,知将,,
116,7,小早川隆景,知力上昇率向上Lv.5,知力上昇Lv.2,,32323,18048,1492,1622,976,2915,2874,1169,1250,1141,1192,仏門,名臣,外交官,
117,7,藤堂高虎(名臣),魅力上昇率向上Lv.5,魅力上昇Lv.2,,30846,18293,946,1680,1458,2546,3020,1323,1306,1264,1270,神通力,世渡り上手,,
118,7,宝蔵院胤栄,腕力修練志向Lv.5,腕力上昇Lv.2,,30148,15984,3172,1864,2111,2096,2137,1757,1748,1760,1708,僧兵,剣豪,,
119,7,上泉信綱,腕力上昇Lv.5,知力上昇Lv.2,,32008,16246,2856,1542,2174,2017,1817,1198,1349,1173,2658,武芸,剣豪,才腕,
120,7,朝倉宗滴,耐久上昇Lv.2,生命上昇Lv.1,,33986,17839,2295,2078,1667,1886,2217,1167,1237,1067,1101,武士道,剣豪,,
121,7,加藤段蔵,生命上昇率向上Lv.5,器用上昇Lv.2,,32254,15080,2868,1598,2411,1622,1838,970,1021,998,1217,忍法,忍び,,
122,7,藤林正保,器用上昇Lv.2,気合上昇率向上Lv.1,,29346,14227,2766,1102,2139,1364,1820,903,907,912,1186,忍法,忍び,,
123,7,望月千代女,魅力修練志向Lv.5,知力修練上昇Lv.2,,30212,16594,1722,1264,2028,2488,2870,2005,2027,1415,1445,忍術,女傑,,
124,7,黒田官兵衛,知力上昇率向上Lv.5,知力修練志向Lv.3,知力上昇Lv.1,30271,18489,1864,1469,1805,2813,2031,1265,2796,1171,1207,神道,知将,才腕,多才
125,7,竹中半兵衛,知力上昇Lv.5,気合上昇率上昇Lv.2,,27094,18288,951,1757,1330,2745,2424,1921,1822,1829,2891,陰陽道,知将,才椀,明敏
126,5,竹中半兵衛,,,,20274,12455,564,688,588,1591,1670,1208,945,1137,1035,陰陽道,名臣,,
127,7,本多正信,知力修練上昇Lv.2,知力修練志向Lv.1,,24886,15240,2082,1277,1063,2759,1771,1598,1227,1195,1285,仙道,知将,,
128,8,浅井長政,耐久上昇率向上Lv.3,,,30125,17184,2656,1405,1589,1466,2097,1167,1142,1130,1318,武芸,知将,,
129,8,朝倉義景,土属性上昇Lv.3,,,31605,15240,1041,1702,1182,2547,2361,2363,1162,1132,1217,仙道,文化人,,
130,7,石田三成,知力上昇Lv.2,,,31445,15553,1248,1474,1250,2527,2270,1410,1329,1305,2020,密教,名臣,明敏,
131,6,蒲生氏郷,生命上昇率向上Lv.1,魅力上昇Lv.1,,33139,19892,2537,1898,1928,2411,2634,2201,2177,2070,2216,軍学,名臣,,
132,6,真柄直隆,腕力上昇率向上Lv.1,腕力上昇Lv.1,,28324,11900,2689,1015,1437,728,1578,645,668,667,654,武芸,剣豪,,洒落者
133,8,伊達政宗,腕力修練志向Lv.5,器用上昇率向上Lv.3,,32008,16871,2499,1501,1561,1506,1852,1167,1196,1184,1160,武芸,野心家,,
134,8,雑賀孫市,腕力上昇率向上Lv.3,,,32016,14199,2619,1868,1545,1073,2233,1019,1052,1423,1088,鉄砲鍛冶,飛道具使い,,
135,7,愛姫,器用修練上昇Lv.2,,,29484,18115,1059,1722,1184,2281,2402,1510,1521,1466,1581,陰陽道,内助の功,,
136,7,鈴木重意,器用修練志向Lv.2,,,29773,20218,2276,1908,2092,1817,2718,1155,1226,1216,1045,武士道,勇将,,飛道具使い
137,6,岡吉正,腕力修練志向Lv.1,,,23303,11312,2540,1527,1515,709,1800,730,788,856,844,鉄砲鍛冶,神仏の徒,,
138,6,原田宗時,知力上昇率向上Lv.1,,,28148,12926,1235,1220,1139,1512,1401,854,812,786,827,地勢,洒落者,,
139,8,足利義輝,魅力修練上昇Lv.3,,,30394,17340,2633,1365,1672,1479,2080,1167,1088,1077,1477,武芸,剣豪,,
140,7,朝比奈泰朝,火属性上昇Lv.2,,,25879,20035,1114,1680,1458,2546,1842,1653,1266,2591,1257,神通力,勇将,,
141,7,和田惟政,土属性上昇率向上Lv.2,,,27060,14950,1758,1189,2119,2451,1864,2458,1232,1268,1362,忍術,忍び,,
142,6,三淵晴員,風属性上昇率向上Lv.1,,,34150,12834,1197,1524,1141,1526,2424,996,985,937,1003,軍学,神仏の徒,,
143,6,瀬名氏俊,知力修練志向Lv.1,,,22056,12889,720,1085,881,2243,1606,1093,1679,900,1004,仙道,世渡り上手,,
144,7,猿飛佐助,火属性上昇率向上Lv.2,,,26272,14202,1722,1151,1816,2024,1938,807,2520,2536,806,忍術,忍び,,
145,7,杉谷善住坊,腕力上昇率向上Lv.2,,,26336,15050,2700,2084,1396,897,1751,1059,1136,1078,1109,鉄砲鍛冶,飛道具使い,,
146,6,室賀正武,知力修練志向Lv.1,,,30814,20068,504,981,619,1805,1315,1009,1015,1013,1016,召喚術,野心家,,
147,6,植田光次,風属性上昇Lv.1,,,27284,18798,943,1040,1021,2110,1589,906,980,958,2353,古神道,忍び,,
148,8,斎藤道三,気合上昇率向上Lv.3,,,31707,15699,2851,1748,1328,1905,1896,1307,1177,1094,1094,僧兵,野心家,才腕,
149,7,武田勝頼,耐久上昇Lv.5,火属性上昇Lv.3,,30386,13756,1728,1966,1443,2039,2684,1513,1336,2230,1149,軍学,勇将,,
150,7,直江兼続,気合上昇率向上Lv.2,,,29219,20013,1740,1757,1172,1966,2446,1767,1722,1697,1752,陰陽道,知将,,
151,7,本願寺証如,風属性上昇Lv.5,気合上昇率向上Lv.2,,27859,18229,1521,1690,1062,2144,2699,1410,2430,1317,2419,密教,神仏の徒,,
152,6,七里頼周,器用修練上昇Lv.1,,,24832,15024,901,1209,797,1799,2456,1091,834,771,799,仏門,神仏の徒,才腕,
153,6,本庄繁長,生命修練上昇Lv.1,,,21302,17971,1767,1201,1173,1235,1521,942,588,574,934,武芸,鬼,,
154,7,ねね(納涼),気合修練上昇Lv.2,知力上昇Lv.1,,29016,18293,1114,1696,1458,2509,1842,1323,1306,1264,1270,神通力,内助の功,世渡り上手,
155,7,羽柴秀吉(納涼),生命上昇率向上Lv.5,魅力上昇Lv.3,耐久上昇Lv.1,33763,15700,1852,1639,1458,1758,2740,1155,1183,1115,1223,軍学,野心家,,外交官
156,7,前田慶次,腕力修練志向Lv.2,,,30736,17864,2553,1594,1484,1950,1842,1249,1173,1155,1207,地勢,洒落者,,
157,7,筒井順慶,水属性上昇率向上Lv.2,,,26249,15556,2128,1486,1274,1778,2603,1108,2029,1083,2021,僧兵,神仏の徒,文化人,
158,6,小西行長,知力修練志向Lv.1,,,26168,16092,736,1312,1019,1978,2620,1302,946,963,932,修験道,神仏の徒,,外交官
159,8,北条氏康,腕力上昇Lv.3,,,29049,17027,2544,1474,1547,1452,1957,1485,1088,1077,1055,武芸,野心家,,
160,7,風魔小太郎,風属性上昇率向上Lv.2,,,29424,15398,1758,1126,1362,2506,1882,1100,1008,1201,2349,忍術,忍び,飛道具使い,宿将
161,7,服部半蔵,腕力上昇Lv.2,腕力修練志向Lv.1,,29258,15388,2808,1194,1650,1191,1812,1032,1059,1098,1339,暗殺術,忍び,,
162,6,板部岡江雪斎,魅力修練上昇Lv.1,知力上昇率向上Lv.1,,25056,14017,960,1356,842,2001,2515,912,1135,1058,870,密教,外交官,,長寿
163,7,雑賀孫六,腕力上昇Lv.5,腕力修練志向Lv.2,,28402,14908,2418,1886,1634,1073,2117,1019,1052,1403,1088,鉄砲鍛冶,飛道具使い,,
164,7,本願寺教如,水属性上昇Lv.2,,,30342,18396,1865,1988,1162,2106,1788,1331,1853,1267,1247,密教,神仏の徒,,
165,8,三好長慶,魅力上昇率向上Lv.3,,,31088,24300,1607,1461,1438,1976,2089,1200,1080,1023,2342,古神道,野心家,,
166,7,太原雪斎,魅力修練上昇Lv.2,知力上昇Lv.1,,26756,18563,1435,1590,1107,2451,1948,1197,2256,1140,1122,密教,外交官,,文化人
167,7,松永久秀,魅力上昇Lv.2,,,29219,18978,1124,1740,1343,2485,2622,1801,1755,2801,1786,陰陽道,野心家,,
168,8,真田昌幸,知力上昇率向上Lv.3,,,27585,17192,1933,1252,1741,2135,2050,1100,1008,1201,2363,忍術,野心家,,
169,7,真田幸村,器用上昇率向上Lv.2,腕力上昇Lv.1,,28511,18590,2901,1365,1394,1345,2045,1114,1088,1130,1107,武芸,剣豪,,
170,6,遠山景任,耐久上昇Lv.1,,,24235,11312,2137,1324,2222,733,1753,664,735,878,738,鉄砲鍛冶,知将,,
171,7,浅井久政,気合修練上昇Lv.2,,,27881,17840,2205,1429,1736,1769,1757,1194,1165,1171,1243,神道,野心家,,
172,7,足利義昭,気合修練志向Lv.5,魅力上昇Lv.3,,27537,15302,1553,1512,1145,2020,1946,1156,1051,995,1063,雅楽,野心家,,
173,7,北条幻庵,魅力上昇Lv.5,生命上昇Lv.3,,24242,18048,1571,1545,1085,2311,2136,1169,1226,1119,1192,仏門,長寿,,
174,7,明智光安,気合上昇Lv.2,,,25906,28206,1488,1305,1308,1765,1935,1334,1200,1137,1378,古神道,勇将,宿将,
175,8,織田信長,生命上昇率向上Lv.3,,,27435,17496,2678,1392,1533,1492,1975,1061,1088,1507,1055,武芸,野心家,,
176,7,明智光秀(十七),知力修練上昇Lv.2,,,27584,16724,1435,1325,1107,2298,1886,2129,537,506,1995,密教,野心家,,
177,7,立花誾千代,土属性上昇率向上Lv.2,,,29049,15934,2187,1392,1366,1371,1748,1220,1033,1023,1002,武芸,女傑,,
178,8,徳川家康,耐久上昇Lv.3,,,30949,16448,1675,2048,1603,1933,1864,1617,1183,1115,1223,軍学,世渡り上手,,
179,6,森田浄曇,気合上昇Lv.1,知力上昇Lv.1,,25297,12834,1076,1385,1460,1831,1615,906,896,851,911,軍学,長寿,,忍び
180,8,百地三太夫,器用上昇Lv.3,,,31990,15649,2745,1515,2139,1667,2002,952,1337,960,1032,忍法,忍び,,
181,6,本多忠勝,生命修練志向Lv.1,腕力修練志向Lv.1,,23409,12143,1921,851,1150,922,1409,688,698,682,826,武芸,猛将,,
182,8,武田信玄,魅力上昇Lv.3,土属性上昇率向上Lv.1,,30437,16408,1696,1931,1171,1955,2213,2045,1226,1342,1192,仏門,神仏の徒,,
183,7,宇佐美定満,土属性上昇Lv.2,,,24886,15240,2602,1348,1359,2123,1968,2224,1033,1006,1082,仙道,知将,才腕,
184,7,真田幸隆,器用修練上昇Lv.5,気合上昇Lv.2,,26843,14517,2739,1149,1689,1191,1812,1413,1003,1040,1048,暗殺術,知将,,
185,8,お市(婚礼),気合修練志向Lv.3,,,30112,15849,957,1716,1512,2653,2715,1973,2713,1761,1907,仙道,内助の功,,
186,8,伊達政宗(新星),生命上昇Lv.3,生命修練上昇Lv.3,魅力修練上昇Lv.1,35236,17496,2611,1556,1547,1250,2709,976,903,1023,917,武芸,猛将,,野心家
187,8,今川義元(周年),腕力上昇Lv.5,生命上昇Lv.3,腕力上昇率向上Lv.1,34520,24328,3268,1837,2135,2527,3066,2161,2131,2564,1991,神道,明敏,野心家,
188,8,斎藤道三(巳),耐久上昇Lv.5,魅力上昇Lv.3,生命上昇Lv.1,37637,21747,2295,2249,2016,2658,2949,2474,2418,2262,2345,武士道,才腕,野心家,
189,8,雑賀孫市(陣羽織),耐久修練上昇,,,32983,15101,1892,2263,1480,1029,2129,995,979,1441,987,鎧鍛冶,飛道具使い,,
190,8,三好長慶(生殺),知力上昇率向上Lv.5,知力修練志向Lv.3,魅力上昇Lv.1,35377,24213,1768,1742,2197,2894,3016,2541,2577,2553,2444,医学,明敏,野心家,
191,8,上杉謙信(野望),生命上昇率向上Lv.5,耐久上昇率向上Lv.2,,36386,19980,2771,2214,2111,2540,2792,1610,1670,1625,1604,僧兵,鬼,,神仏の徒
192,8,織田信長(周年),生命上昇率向上Lv.5,生命上昇Lv.2,,37139,15850,2610,2229,2012,2847,2833,2032,2046,2843,2091,軍学,野心家,,
193,8,織田信長(特別),火属性上昇率向上Lv.7,,,33705,19538,2276,1959,1667,1937,2275,1167,1125,1493,1101,武士道,文化人,,
194,8,真田幸村(新星),腕力上昇Lv.5,生命上昇Lv.3,生命修練志向Lv.1,31201,17027,2812,1487,1435,1170,2534,891,1011,936,1033,武芸,猛将,,
195,8,真田昌幸(吸血),知力上昇Lv.5,風属性上昇率向上Lv.3,知力上昇率向上Lv.1,34154,19136,2179,1539,1907,2859,2516,2017,2004,2189,2863,忍術,知将,世渡り上手,
196,8,浅井長政(婚礼),腕力修練上昇Lv.3,,,35390,18009,1836,2078,1561,2058,2699,2719,1192,1077,1409,武士道,勇将,,
197,8,足利義輝(野望),生命上昇Lv.5,腕力上昇Lv.3,生命修練志向Lv.1,37357,20388,2831,2215,2016,1886,2602,2100,2081,1920,2036,武士道,根性,剣豪,
198,8,大友宗麟,腕力上昇率向上Lv.5,生命上昇Lv.3,魅力上昇Lv.1,36664,20304,3123,2228,2229,1756,3022,1834,1914,1820,2001,鉄砲鍛冶,外交官,神仏の徒,
199,8,長宗我部元親(納涼),腕力上昇Lv.5,腕力上昇率向上Lv.3,水属性上昇Lv.1,36508,19474,2976,1498,1933,1942,2394,2378,2992,2154,2272,四象,洒落者,鬼,
200,8,長尾景虎,知力上昇率向上Lv.5,生命上昇Lv.3,知力上昇Lv.1,36410,20905,2511,2236,1881,2891,3039,2608,2618,2597,2593,密教,明敏,神仏の徒,
201,8,長尾虎,腕力上昇率向上Lv.5,魅力上昇Lv.3,生命上昇Lv.1,36386,19267,3152,2185,2151,2540,2930,1882,2017,1875,1875,僧兵,根性,忍び,
202,8,徳川家康(東軍),知力修練志向Lv.5,魅力上昇率向上Lv.2,,32705,18541,1675,2130,1676,2812,2870,1397,1407,1271,1430,軍学,野心家,,世渡り上手
203,8,武田信玄(野望),知力修練上昇Lv.5,魅力上昇率向上Lv.2,,33376,16724,1549,1855,1195,2738,2842,1850,1853,1786,1808,密教,猛将,野心家,
204,8,北条氏康(獅子),耐久上昇Lv.5,知力上昇Lv.3,耐久修練志向Lv.1,37139,20186,2381,2130,2187,2900,3001,2529,2578,2419,2641,軍学,外交官,勇将,
205,8,毛利元就,知力上昇率向上Lv.5,知力上昇Lv.2,風属性上昇Lv.1,35338,17221,1082,1390,1430,2908,2400,1848,1757,1647,2963,仙道,長寿,,
206,7,おまつ(奇譚),知力上昇Lv.5,生命上昇Lv.3,火属性上昇Lv.1,31526,20930,2285,1627,2422,2878,2889,2323,2161,2803,2585,忍術,忍び,女傑,内助の功
207,7,お江,魅力上昇Lv.5,生命上昇Lv.3,魅力修練志向Lv.1,34157,20054,1056,1742,1945,2843,3070,2329,2110,2025,2046,医学,世渡り上手,内助の功,
208,7,ガラシャ(聖),知力上昇率向上Lv.5,魅力上昇率向上Lv.3,知力上昇Lv.1,34843,22477,1537,2020,1563,2903,3043,2599,2552,2785,2597,召喚術,女傑,神仏の徒,
209,7,ねね(和装),魅力上昇Lv.2,,,29521,16043,827,1477,1104,2483,2871,1412,1133,1147,1106,医学,内助の功,,
210,7,まつ,魅力上昇Lv.5,生命上昇Lv.2,,32314,14950,1670,1239,2028,2729,2870,1467,1400,1642,1668,忍術,内助の功,,
211,7,もののふ小町,魅力上昇Lv.3,生命上昇率向上Lv.1,,34160,18121,2522,1651,1449,1358,2167,1474,2491,1626,2437,武芸,根性,世渡り上手,
212,7,愛姫(特別),火属性上昇Lv.2,,,25116,15934,2663,1488,2334,1561,2002,1046,1050,1056,1135,忍法,,,
213,7,梓,器用修練志向Lv.2,,,27231,12803,2663,1239,2120,1060,2183,854,858,864,2610,忍法,女傑,,忍び
214,7,遠足娘まり,腕力上昇Lv.5,器用上昇Lv.3,腕力修練志向Lv.1,37958,21727,3381,1998,2585,2553,2932,2457,2622,2580,2611,殺陣,明敏,女傑,
215,7,加藤清正,腕力上昇Lv.5,耐久上昇Lv.3,生命上昇Lv.1,37930,21171,3034,2445,1886,2036,2366,2053,2130,1879,1996,鎧鍛冶,猛将,鬼,
216,7,帰蝶,知力上昇Lv.5,水属性上昇Lv.3,知力修練志向Lv.1,31789,20780,2250,1640,2407,2915,2796,2323,3080,2483,2585,忍術,内助の功,女傑,
217,7,宮本武蔵(涼),生命上昇率向上Lv.5,器用上昇率向上Lv.3,生命上昇Lv.1,36858,20635,2857,2196,2507,2004,2311,1593,2224,1538,2274,軍学,剣豪,鬼,
218,7,蛍(吸血),腕力上昇率向上Lv.5,生命上昇Lv.3,腕力上昇Lv.1,34598,18316,3022,2210,2303,1337,2598,1824,1904,1779,2001,鉄砲鍛冶,鬼,飛道具使い,
219,7,後藤又兵衛,生命修練志向Lv.5,耐久上昇率向上Lv.2,,37270,20134,1999,2202,1610,1018,2267,1182,1256,1129,1177,鎧鍛冶,猛将,根性,
220,7,江里口信常,生命修練上昇Lv.2,,,28859,13877,2530,1266,1323,1580,1520,1117,1049,1061,1088,殺陣,猛将,,
221,7,降神祈祷師,魅力上昇Lv.3,生命上昇率向上Lv.1,,25906,21697,2232,1174,1307,1764,1935,1333,1200,1136,1378,古神道,長寿,,
222,7,高橋紹運,気合修練志向Lv.2,,,30897,16990,1913,1703,1515,1714,1928,1050,1011,960,1431,武士道,猛将,,
223,7,黒田長政,腕力上昇Lv.5,魅力上昇Lv.3,腕力上昇率向上Lv.1,34857,17748,3103,2191,2065,2654,3003,2241,2209,2339,2197,鉄砲鍛冶,才腕,外交官,
224,7,黒猫ノア,知力上昇率向上Lv.5,土属性上昇率向上Lv.3,水属性上昇率向上Lv.1,31224,19773,2463,1556,2110,2928,2765,2842,3001,2810,2817,四象,外交官,洒落者,
225,7,佐々木小次郎(涼),腕力上昇率向上Lv.5,器用上昇Lv.3,腕力上昇Lv.1,33891,17809,3080,1405,2340,1721,2132,2005,1381,2024,1308,武芸,鬼,剣豪,
226,7,柴田勝家(風雲),腕力上昇率向上Lv.5,腕力上昇Lv.3,腕力修練志向Lv.1,36043,17496,3102,1747,1923,1385,1870,1676,1653,2186,1614,武芸,鬼,猛将,
227,7,種子島時堯,生命上昇率向上Lv.2,,,32357,14205,2221,1801,1457,1670,1770,1039,1064,1449,1100,軍学,飛道具使い,,
228,7,出雲阿国(周年),知力上昇Lv.5,生命上昇Lv.2,,31225,20810,1615,1587,1614,2795,2957,1572,1618,1651,1456,雅楽,洒落者,明敏,
229,7,出雲阿国(神将),魅力上昇Lv.5,生命上昇率向上Lv.2,,30736,16170,1443,1768,1638,2704,2938,1940,1366,1346,1933,地勢,洒落者,,
230,7,出雲阿国(野望),魅力上昇Lv.5,魅力上昇率向上Lv.5,魅力修練志向Lv.1,34421,26013,1785,1663,1717,2694,3113,2080,2259,1940,1945,雅楽,洒落者,女傑,
231,7,小松姫(航海),魅力上昇Lv.5,知力上昇Lv.2,,32849,17983,1103,1475,1276,2738,2794,1695,2829,1559,2881,仙道,内助の功,女傑,
232,7,小松姫(水練),水属性上昇Lv.2,,,26360,17496,2365,1460,1505,1358,2219,976,1360,947,1287,武芸,女傑,,
233,7,小早川隆景(羽織),知力上昇Lv.5,知力修練志向Lv.3,知力上昇率向上Lv.1,33735,17425,1178,1948,1562,2893,2666,2333,2825,2785,2330,陰陽道,知将,,明敏
234,7,晶,腕力修練志向Lv.3,腕力上昇Lv.1,,30456,15554,2347,1610,1515,1766,1726,1213,1139,1122,1172,地勢,女傑,,
235,7,松永久秀(野望),知力上昇Lv.5,知力上昇率向上Lv.3,火属性上昇率向上Lv.1,31224,20073,2463,1383,2066,2898,2008,2253,2176,2832,2272,四象,明敏,野心家,
236,7,城大工かんな,腕力上昇Lv.3,耐久上昇率向上Lv.1,,34292,13937,2521,2122,1686,1814,2496,2535,1603,2508,1585,刀鍛冶,宿将,女傑,
237,7,森長可,腕力上昇Lv.5,耐久上昇Lv.3,器用上昇率向上Lv.1,33622,19996,2968,1911,2230,1748,2709,2228,2284,2261,2215,武芸,宿将,鬼,
238,7,森蘭丸(凶禍),腕力修練上昇Lv.5,生命上昇率向上Lv.2,生命上昇Lv.1,35774,19527,2790,2088,1561,1856,2429,1496,1077,958,2152,武芸,勇将,,
239,7,真田幸村(水練),水属性上昇率向上,,,30125,17184,2544,1337,1394,1614,1957,1007,1740,1023,1002,武芸,洒落者,根性,
240,7,真田信幸(航海),生命上昇Lv.5,知力修練志向Lv.2,,36233,19878,2027,1942,1576,1920,2776,1330,2632,1205,2488,武士道,長寿,,
241,7,石田三成(西軍),知力上昇Lv.5,知力上昇率向上Lv.3,魅力上昇Lv.1,34000,20703,1383,1914,1831,2893,2997,2316,2257,2224,2296,陰陽道,根性,名臣,
242,7,仙桃院,知力上昇率向上Lv.5,知力上昇Lv.3,水属性上昇Lv.1,35859,22911,1865,2154,1937,2872,3039,2262,2954,2153,2132,密教,世渡り上手,女傑,
243,7,前田慶次(神将),生命上昇Lv.5,腕力上昇Lv.2,,33866,14980,2648,1844,1520,2314,2209,2128,2132,2132,2135,四象,洒落者,,
244,7,前田慶次(野望),腕力上昇Lv.5,魅力上昇Lv.3,魅力修練志向Lv.1,37229,23219,3141,1810,1918,2315,3136,2504,2502,2477,2612,四象,洒落者,猛将,
245,7,滝川一益(風雲),腕力上昇Lv.5,腕力上昇率向上Lv.3,器用上昇Lv.1,32518,19917,3053,1791,2528,2122,2457,2044,2015,2044,2064,忍法,才腕,忍び,
246,7,竹中半兵衛(知将),知力上昇Lv.5,気合上昇率向上Lv.2,,27094,18288,951,1757,1330,2745,2424,1921,1822,1829,2891,陰陽道,知将,才腕,明敏
247,7,島左近,腕力上昇Lv.5,腕力上昇率向上Lv.3,知力上昇Lv.1,35732,19887,2945,2097,2041,2812,2889,2460,2602,2820,2874,軍学,鬼,世渡り上手,根性
248,7,道場娘まり,生命修練志向Lv.1,,,28089,18690,2295,2043,1060,1714,2313,1167,1125,1067,1100,武士道,女傑,,
249,7,道場娘まり(和装),生命上昇Lv.2,,,35110,16310,2601,1976,1425,1817,2506,1167,1125,1067,2213,武士道,女傑,剣豪,
250,7,鍋島直茂(人狼),腕力修練上昇Lv.2,腕力上昇Lv.1,,30678,11354,2814,1501,1299,2310,1458,1049,933,1008,1055,殺陣,洒落者,,名臣
251,7,濃姫(雅楽),魅力上昇率向上Lv.2,,,30242,15608,1584,1171,984,2391,2451,1514,1460,1601,1477,雅楽,内助の功,,
252,7,濃姫(古神道),知力修練志向Lv.2,,,23833,28206,1339,1174,1399,1923,2902,1507,1320,1591,1557,古神道,内助の功,,
253,7,福島正則,耐久上昇Lv.5,腕力上昇Lv.3,腕力修練志向Lv.1,35823,20568,2966,2387,1991,1502,2317,2132,2283,2196,2266,刀鍛冶,猛将,勇将,
254,7,北条氏政(獅子),知力上昇Lv.5,魅力上昇Lv.3,知力修練志向Lv.1,30456,20482,2442,2131,2164,2833,2971,2583,2505,2535,2613,地勢,根性,世渡り上手,
255,7,本多忠勝(盛夏),腕力上昇Lv.5,生命修練上昇Lv.2,,35606,14557,3012,2097,1274,1588,2240,1087,1188,1073,1219,僧兵,剣豪,,
256,7,魔女ルシア,知力上昇Lv.5,魅力上昇Lv.3,魅力上昇率向上Lv.1,33936,28858,1800,1735,1438,2841,2902,2121,2028,1819,2370,古神道,文化人,洒落者,女傑
257,7,魔女娘まり,耐久修練志向Lv.2,耐久上昇Lv.1,,35671,18689,2295,2044,1364,1766,2313,1167,1125,1067,1101,武士道,洒落者,,
258,7,明智光秀(闇),生命上昇率向上Lv.5,知力上昇Lv.3,生命上昇Lv.1,37685,21408,3353,2258,2005,2524,2792,2196,2578,2344,2084,僧兵,鬼,洒落者,野心家
259,7,明智光秀(初期),知力上昇Lv.3,知力上昇率向上Lv.1,,27584,16724,1435,1325,1107,2297,1788,532,2147,2026,497,密教,野心家,,
260,7,立花宗茂,生命修練志向Lv.2,,,30126,15309,2610,1336,1421,1317,1747,1007,1032,1022,1213,武芸,猛将,,
261,7,立花宗茂(盛夏),気合上昇Lv.5,魅力修練上昇Lv.2,,35390,20048,2429,1721,1576,2109,2159,2509,1035,1002,1277,武士道,剣豪,,
262,7,立花誾千代(猫又),気合修練上昇Lv.2,生命上昇Lv.1,,33891,15465,2656,1515,1477,1398,2324,2514,1109,1087,1023,武芸,洒落者,,
263,6,お知恵,知力上昇Lv.1,,,24458,13275,705,1138,952,1992,1827,1823,1857,1772,1886,仙道,明敏,,
264,6,サンチョ,土属性上昇Lv.1,,,20542,10561,607,892,728,1503,1399,1035,856,717,825,召喚術,神仏の徒,,
265,6,もの知り爺,腕力上昇Lv.1,,,26548,12769,1992,1344,1242,1697,1551,1348,1427,1333,1328,僧兵,宿将,,
266,6,愛弟子ノア,土属性上昇Lv.1,,,26829,20571,1022,1093,1031,1877,1832,2352,1018,1004,1508,古神道,明敏,,
267,6,安藤守就,土属性上昇Lv.1,,,22370,14053,735,807,896,1951,1663,2271,975,967,1035,陰陽道,猛将,,
268,6,伊達成実,腕力修練上昇Lv.1,腕力上昇Lv.1,,23409,10928,2304,1092,1264,921,1408,688,844,682,682,武芸,剣豪,,
269,6,雨森弥兵衛,知力修練上昇Lv.1,,,21251,14053,735,1153,896,1651,1663,1207,1770,1026,1099,陰陽道,勇将,,
270,6,鵜殿長持,土属性上昇率向上Lv.1,,,22054,17734,982,1061,910,1551,1621,1239,911,875,1068,古神道,世渡り上手,,
271,6,遠藤直経,水属性上昇率向上Lv.1,器用上昇Lv.1,,23920,11521,1839,896,1750,1001,1454,636,1107,653,664,暗殺術,忍び,,
272,6,岡部元信,魅力修練志向Lv.1,,,27030,13339,1380,1469,1113,1253,1587,930,741,708,732,武士道,猛将,,
273,6,岡部正綱,耐久上昇Lv.1,,,24572,14671,1278,1360,1089,1253,1586,931,742,707,732,武士道,世渡り上手,,
274,6,海北綱親,風属性上昇率向上Lv.1,,,24490,12046,1607,1083,1053,1296,1349,635,681,625,1075,僧兵,知将,,
275,6,鎧鍛冶次郎,耐久上昇Lv.1,,,33801,12704,1220,1844,1238,897,2021,1034,1030,1014,1013,鎧鍛冶,根性,,
276,6,柿崎景家,腕力修練志向Lv.1,生命上昇Lv.1,,25297,12192,1795,1385,1197,1525,1615,860,1029,808,865,軍学,剣豪,,
277,6,関掃部,生命修練志向Lv.1,,,24468,11784,1926,1797,1779,1792,1565,847,713,683,721,鉄砲鍛冶,飛道具使い,,
278,6,願証寺証恵,気合上昇率向上Lv.1,魅力修練志向Lv.1,,22888,12047,1639,1083,1052,1179,1901,710,760,700,852,僧兵,名臣,,神仏の徒
279,6,鬼庭綱元,魅力上昇率向上Lv.1,知力上昇率向上Lv.1,,22065,12519,678,1117,928,2021,2053,1860,1807,1860,1807,医学,名臣,,
280,6,鬼庭左月斎,水属性上昇Lv.1,,,26815,12834,1196,1482,1140,1525,1615,860,1029,808,865,軍学,長寿,宿将,
281,6,京極高吉,知力上昇Lv.1,,,21376,12950,1024,892,914,1546,1528,789,706,678,996,雅楽,神仏の徒,,
282,6,興正寺顕尊,風属性上昇率向上Lv.1,,,23428,13415,980,1233,858,1616,1535,836,860,797,999,仏門,神仏の徒,,
283,6,光教寺顕誓,器用上昇率向上Lv.1,,,22887,13250,1607,1083,1053,1178,1214,710,760,700,853,僧兵,神仏の徒,,
284,6,高坂昌信,火属性上昇率向上Lv.1,魅力修練上昇Lv.1,,22370,14053,735,807,896,2207,2310,1874,1831,1933,1810,陰陽道,知将,,
285,6,細川晴元,気合上昇Lv.1,知力修練志向Lv.1,,22370,14053,735,1036,896,1832,1663,1349,1158,1147,1488,陰陽道,文化人,,
286,6,細川藤孝,知力上昇率向上Lv.1,知力修練上昇Lv.1,,21838,12889,719,947,889,1992,1575,1049,938,890,1178,仙道,文化人,長寿,
287,6,榊原康政,魅力上昇率向上Lv.1,生命上昇Lv.1,,24572,14671,893,1224,1210,1253,1586,931,742,707,732,武士道,勇将,,
288,6,三井遊雲軒,生命上昇Lv.1,,,35293,11421,1600,1668,1169,846,1493,868,714,679,700,刀鍛冶,飛道具使い,,
289,6,三好義賢,魅力修練志向Lv.1,腕力上昇率向上Lv.1,,23409,12142,2132,1092,1150,921,1408,688,697,825,682,武芸,文化人,,
290,6,三好長逸,器用修練志向Lv.1,,,24327,13878,1019,1303,850,1571,1418,963,979,1106,917,密教,野心家,,
291,6,山県昌景,生命修練上昇Lv.1,生命修練志向Lv.1,,28079,12834,1650,1524,1025,1525,1615,860,850,978,865,軍学,剣豪,勇将,
292,6,山中俊房,器用上昇Lv.1,腕力修練上昇Lv.1,,21238,11521,2024,896,1790,910,1454,711,725,729,899,暗殺術,忍び,,
293,6,氏家卜全,耐久修練志向Lv.1,,,24572,13339,1789,1224,1210,1804,1808,931,782,707,732,武士道,猛将,,
294,6,柴田勝家,腕力上昇Lv.1,腕力修練志向Lv.1,,23409,12142,2208,1092,976,921,1408,688,697,825,682,武芸,剣豪,,宿将
295,6,酒井忠次,知力上昇率向上Lv.1,魅力上昇Lv.1,,22065,11267,678,1117,928,2210,2307,896,949,825,765,医学,外交官,,
296,6,出浦盛清,火属性上昇Lv.1,腕力上昇Lv.1,,22356,11521,2464,896,1857,910,1454,750,764,1153,782,暗殺術,忍び,,
297,6,小松姫,気合上昇Lv.1,,,21067,12142,2304,1092,1150,1050,1817,651,660,646,1221,武芸,女傑,,明敏
298,6,色部勝長,水属性上昇Lv.1,,,23409,12142,2304,1092,919,921,1408,688,697,682,825,武芸,猛将,,
299,6,伸介,知力上昇率向上Lv.1,,,22186,13965,705,1168,758,1600,1482,1630,1339,1655,1199,召喚術,根性,,
300,6,森蘭丸,腕力上昇率向上Lv.1,腕力修練志向Lv.1,,34177,11414,2747,1856,2070,1871,2395,1312,1492,1371,1445,武芸,名臣,,
301,6,真田信幸,器用修練上昇Lv.1,魅力修練志向Lv.1,,20542,11735,607,892,1807,1503,2210,450,1347,1133,433,召喚術,長寿,名臣,
302,6,陣蔵,魅力修練志向Lv.1,,,28838,13732,1651,1607,1300,1846,1826,1812,1800,1806,1805,軍学,宿将,,
303,6,西光寺真敬,器用修練志向Lv.1,,,24328,13879,1000,1303,916,1720,1542,962,980,912,1111,密教,神仏の徒,,
304,6,滝川一益,耐久修練上昇Lv.1,器用修練志向Lv.1,,22504,11455,2133,924,1884,1040,1425,725,725,715,753,忍法,忍び,,
305,6,丹羽長秀,気合修練志向Lv.1,知力上昇Lv.1,,22065,12519,678,1060,928,1860,1572,944,825,869,807,医学,知将,,
306,6,池田勝正,耐久修練上昇Lv.1,,,24572,13339,1278,1428,1150,1253,1586,768,742,707,886,武士道,名臣,,
307,6,朝倉景紀,生命修練志向Lv.1,,,24320,12966,1564,1000,1194,1188,1549,796,753,743,974,神道,猛将,,
308,6,朝倉景鏡,風属性上昇Lv.1,,,22371,14054,736,1152,897,1350,1662,1349,1159,1148,1488,陰陽道,野心家,,
309,6,朝倉景隆,気合修練志向Lv.1,,,24479,13763,770,1207,1033,1358,1534,1021,894,894,1050,神通力,猛将,,
310,6,朝倉景連,魅力修練上昇Lv.1,,,26479,12519,678,1117,928,1307,1499,896,783,825,928,医学,猛将,,
311,6,的場源四郎,器用修練上昇Lv.1,,,31888,12216,1197,1809,1802,1794,1798,929,777,719,758,鎧鍛冶,飛道具使い,,
312,6,藤岡屋伝助,火属性上昇Lv.1,,,24745,12889,1853,1042,1552,1487,1413,1774,1721,1741,1692,四象,才腕,,
313,6,道場忍お綾,器用上昇Lv.1,,,26103,12715,1986,1109,1857,1124,1624,1481,1815,1818,1566,忍法,才腕,,
314,6,内藤昌豊,魅力修練志向Lv.1,知力上昇Lv.1,,14812,20115,1039,936,1096,669,2620,996,1182,993,963,修験道,勇将,,
315,6,馬場信春,生命修練上昇Lv.1,,,23512,12950,1699,992,731,1532,1803,789,706,678,996,雅楽,猛将,,
316,6,伴長信,器用上昇Lv.1,器用修練上昇Lv.1,,22504,10309,1642,972,1841,1040,1567,797,797,500,828,忍法,忍び,,
317,6,不破光治,知力修練志向Lv.1,,,21376,12950,1024,942,914,1688,1528,832,743,714,867,雅楽,猛将,,
318,6,片倉重長,腕力上昇Lv.1,器用上昇Lv.1,,29594,16261,2557,1392,1945,1562,2364,2029,1975,2001,1948,鉄砲鍛冶,宿将,鬼,
319,6,北条高広,耐久上昇率向上Lv.1,,,24572,14671,1278,1360,1089,1253,1586,931,742,707,732,武士道,野心家,,
320,6,北条氏規,気合修練上昇Lv.1,,,22065,12519,679,1004,929,1453,1499,897,949,826,766,医学,世渡り上手,,
321,6,北条氏照,耐久上昇率向上Lv.1,,,25297,12834,1196,1524,1140,1525,1615,860,1029,808,865,軍学,勇将,,
322,6,北条氏政,魅力上昇Lv.1,,,24572,13339,1278,1224,1210,1253,1825,768,899,707,732,武士道,知将,,
323,6,魔導士ルシア,水属性上昇Lv.1,,,22737,17734,982,954,1000,1707,1621,1025,1104,875,1068,古神道,神仏の徒,,
324,6,明智光秀,火属性上昇率向上Lv.1,,,22737,17734,982,1061,1000,1861,1621,971,864,1475,1013,古神道,野心家,,
325,6,矢沢頼綱,気合上昇率向上Lv.1,,,20521,12519,1086,1117,929,1410,1499,850,742,782,1370,医学,名臣,,
326,6,窯隠れの才蔵,火属性上昇Lv.1,,,24064,11983,1104,813,1090,1460,1449,908,798,1040,931,忍術,忍び,,
327,6,鈴木重朝,耐久修練上昇Lv.1,,,27029,13339,1150,1496,1210,1253,1745,931,742,707,732,武士道,世渡り上手,,
328,5,粟津元隈,,,,19776,11339,1478,819,924,1136,1346,760,575,560,632,神道,神仏の徒,,
329,5,伊達実元,,,,22815,11513,960,1189,1057,1024,1415,599,701,556,575,武士道,名臣,,
330,5,一宮宗是,,,,21154,15752,1168,939,847,1446,1465,903,797,772,1150,古神道,勇将,,
331,5,果心居士,,,,20274,12455,564,860,735,1325,1392,1081,844,1433,925,陰陽道,野心家,,
332,5,岩成友通,,,,22130,13035,668,1164,971,1700,1546,900,878,903,1046,修験道,野心家,,
333,5,蛍,,,,17635,8460,1165,903,921,565,1107,476,479,457,478,鉄砲鍛冶,女傑,,
334,5,原虎胤,,,,21335,10934,1406,986,914,876,1161,569,738,553,561,僧兵,鬼,,
335,5,古田織部,,,,20274,12455,507,860,735,1457,1392,1081,844,839,1579,陰陽道,文化人,,
336,5,甲山太郎次郎,,,,22124,10025,1617,692,1163,704,1276,551,558,546,678,暗殺術,忍び,,
337,5,荒木村重,,,,23840,10725,685,1078,743,1399,1332,844,710,664,671,仏門,文化人,,
338,5,高力清長,,,,21673,13109,685,1078,743,1258,1332,697,860,664,671,仏門,名臣,,
339,5,今川氏真,,,,18734,11339,1614,819,924,1136,1346,628,575,560,767,神道,文化人,,
340,5,佐久間信盛,,,,23877,12950,821,1258,982,1410,1492,899,714,683,718,軍学,猛将,,
341,5,佐々成政,,,,22815,11513,1056,1069,1057,1024,1415,599,579,556,697,武士道,勇将,,
342,5,細川忠興,,,,22815,10360,960,1307,1057,1024,1415,725,579,556,575,武士道,文化人,,
343,5,山本勘助,,,,16428,8054,1150,615,949,642,981,489,489,475,490,忍法,名臣,,
344,5,上杉景勝,,,,22815,11513,960,1307,1057,921,1415,599,579,556,697,武士道,名臣,,
345,5,新庄直頼,,,,23877,11774,1004,1258,982,1268,1492,899,714,683,718,軍学,世渡り上手,,
346,5,新発田長敦,,,,22815,11513,1056,1189,951,1024,1415,725,579,556,575,武士道,勇将,,
347,5,真田信尹,,,,21665,10403,1942,860,1028,710,1239,528,531,618,522,武芸,世渡り上手,,
348,5,石川昭光,,,,23877,11774,914,1132,982,1550,1492,899,714,683,718,軍学,名臣,,
349,5,朝倉景恒,,,,22699,12457,782,1126,819,1675,1278,983,832,768,785,密教,勇将,,
350,5,鳥居景近,,,,20315,11714,558,871,743,1592,1240,914,793,739,989,仙道,勇将,,
351,5,鳥居元忠,,,,30497,10366,1150,1333,1028,692,1350,693,567,525,543,刀鍛冶,名臣,,
352,5,津田監物,,,,22044,10575,1782,1128,1151,707,1246,567,569,657,567,鉄砲鍛冶,飛道具使い,,
353,5,福島勝広,,,,21665,10403,1942,956,925,710,1239,639,531,511,522,武芸,猛将,,
354,5,北条綱成,,,,21665,10403,1765,956,925,710,1361,528,531,618,522,武芸,猛将,,
355,5,本願寺実悟,,,,22699,13702,782,1014,819,1522,1421,813,919,850,785,密教,神仏の徒,,
356,5,来福寺左京,,,,20535,10068,1293,771,1304,803,1226,703,581,564,582,忍法,忍び,,
357,4,井伊直親,,,,17309,10792,496,743,600,1106,1142,638,518,550,500,医学,勇将,,
358,4,印牧能信,,,,18678,10442,529,701,639,1146,1310,707,572,592,664,神通力,勇将,,
359,4,塩屋秋貞,,,,21437,9227,800,1025,814,1225,1282,542,525,496,639,軍学,勇将,,
360,4,下間頼廉,,,,18071,9250,1267,701,718,657,950,489,525,579,489,僧兵,飛道具使い,,
361,4,下津一通,,,,15812,7517,1124,728,772,453,954,413,417,401,413,鉄砲鍛冶,勇将,,
362,4,可児才蔵,,,,19872,9750,828,833,853,783,1196,489,478,449,579,武士道,猛将,,
363,4,鬼小島弥太郎,,,,27926,9530,847,1394,935,540,1250,529,521,581,507,鎧鍛冶,鬼,,
364,4,小山田信茂,,,,19085,8023,1494,721,835,538,1128,557,458,450,460,武芸,野心家,,
365,4,小雀,,,,19872,9750,1131,926,853,547,1196,592,478,449,478,武士道,女傑,,
366,4,新開実綱,,,,14823,9803,828,613,572,1046,1093,540,485,468,688,雅楽,勇将,,
367,4,清水康英,,,,30718,9530,707,1394,935,540,1390,529,521,581,507,鎧鍛冶,名臣,,
368,4,石川五右衛門,,,,18137,8917,618,583,671,936,1015,497,457,764,485,忍術,忍び,,
369,4,泉田重光,,,,18131,9806,1494,721,835,538,1026,460,556,450,460,武芸,名臣,,
370,4,内藤正成,,,,21437,10253,764,1025,814,1346,1153,657,525,496,528,軍学,世渡り上手,,
371,4,脇坂安治,,,,19872,8775,1507,926,938,783,1196,489,578,449,478,武士道,勇将,,
372,4,簗田新八,,,,18678,10442,529,781,639,1260,1071,707,572,592,664,神通力,勇将,,
373,5,藤堂高虎,,,,20315,11714,558,871,743,1592,1240,914,793,815,903,仙道,世渡り上手,,
374,7,筧十蔵,腕力上昇Lv.5,腕力修練志向Lv.3,火属性上昇率向上Lv.1,33553,20468,3264,1436,2509,2330,2754,2184,2464,2913,2446,暗殺術,才腕,忍び,
375,7,母里太兵衛,腕力上昇Lv.5,耐久上昇Lv.3,腕力修練志向Lv.1,37685,22121,3514,2316,2111,2610,2740,2311,2387,2469,2198,僧兵,猛将,宿将,信義
