コスト構成,コスト合計,全組み合わせ数,事前計算保存件数（1能力）,能力種別数,生気倍率参考%,九光倍率参考%,確度
887333,32,3686760,500,11,180,650,コスト32・参考倍率
886433,32,12289200,500,11,185,655,コスト32・参考倍率
886333,31,3686760,500,11,185,655,コスト32未満・倍率未検証
885533,32,10138590,500,11,180,650,コスト32・参考倍率
885443,32,19311600,500,11,185,655,コスト32・参考倍率
885433,31,19311600,500,11,185,655,コスト32未満・倍率未検証
885333,30,5793480,500,11,185,655,コスト32未満・倍率未検証
884444,32,1119195,500,11,190,660,コスト32・参考倍率
884443,31,5266800,500,11,190,660,コスト32未満・倍率未検証
884433,30,8339100,500,11,190,660,コスト32未満・倍率未検証
884333,29,5266800,500,11,190,660,コスト32未満・倍率未検証
883333,28,1119195,500,11,190,660,コスト32未満・倍率未検証
877433,32,7607600,500,11,185,655,コスト32・参考倍率
877333,31,2282280,500,11,185,655,コスト32未満・倍率未検証
876533,32,18024160,500,11,185,655,コスト32・参考倍率
876443,32,16385600,500,11,190,660,コスト32・参考倍率
876433,31,16385600,500,11,190,660,コスト32未満・倍率未検証
876333,30,4915680,500,11,190,660,コスト32未満・倍率未検証
875543,32,28459200,500,11,185,655,コスト32・参考倍率
875533,31,13518120,500,11,185,655,コスト32未満・倍率未検証
875444,32,7724640,500,11,190,660,コスト32・参考倍率
875443,31,25748800,500,11,190,660,コスト32未満・倍率未検証
875433,30,25748800,500,11,190,660,コスト32未満・倍率未検証
875333,29,7724640,500,11,190,660,コスト32未満・倍率未検証
874444,31,1492260,500,11,195,665,コスト32未満・倍率未検証
874443,30,7022400,500,11,195,665,コスト32未満・倍率未検証
874433,29,11118800,500,11,195,665,コスト32未満・倍率未検証
874333,28,7022400,500,11,195,665,コスト32未満・倍率未検証
873333,27,1492260,500,11,195,665,コスト32未満・倍率未検証
866633,32,1521520,500,11,190,660,コスト32・参考倍率
866543,32,17617600,500,11,190,660,コスト32・参考倍率
866533,31,8368360,500,11,190,660,コスト32未満・倍率未検証
866444,32,2282280,500,11,195,665,コスト32・参考倍率
866443,31,7607600,500,11,195,665,コスト32未満・倍率未検証
866433,30,7607600,500,11,195,665,コスト32未満・倍率未検証
866333,29,2282280,500,11,195,665,コスト32未満・倍率未検証
865553,32,9486400,500,11,185,655,コスト32・参考倍率
865544,32,13518120,500,11,190,660,コスト32・参考倍率
865543,31,28459200,500,11,190,660,コスト32未満・倍率未検証
865533,30,13518120,500,11,190,660,コスト32未満・倍率未検証
865444,31,7724640,500,11,195,665,コスト32未満・倍率未検証
865443,30,25748800,500,11,195,665,コスト32未満・倍率未検証
865433,29,25748800,500,11,195,665,コスト32未満・倍率未検証
865333,28,7724640,500,11,195,665,コスト32未満・倍率未検証
864444,30,1492260,500,11,200,670,コスト32未満・倍率未検証
864443,29,7022400,500,11,200,670,コスト32未満・倍率未検証
864433,28,11118800,500,11,200,670,コスト32未満・倍率未検証
864333,27,7022400,500,11,200,670,コスト32未満・倍率未検証
863333,26,1492260,500,11,200,670,コスト32未満・倍率未検証
855554,32,3218600,500,11,185,655,コスト32・参考倍率
855553,31,3218600,500,11,185,655,コスト32未満・倍率未検証
855544,31,6437200,500,11,190,660,コスト32未満・倍率未検証
855543,30,13552000,500,11,190,660,コスト32未満・倍率未検証
855533,29,6437200,500,11,190,660,コスト32未満・倍率未検証
855444,30,5793480,500,11,195,665,コスト32未満・倍率未検証
855443,29,19311600,500,11,195,665,コスト32未満・倍率未検証
855433,28,19311600,500,11,195,665,コスト32未満・倍率未検証
855333,27,5793480,500,11,195,665,コスト32未満・倍率未検証
854444,29,2344980,500,11,200,670,コスト32未満・倍率未検証
854443,28,11035200,500,11,200,670,コスト32未満・倍率未検証
854433,27,17472400,500,11,200,670,コスト32未満・倍率未検証
854333,26,11035200,500,11,200,670,コスト32未満・倍率未検証
853333,25,2344980,500,11,200,670,コスト32未満・倍率未検証
844444,28,341088,500,11,205,675,コスト32未満・倍率未検証
844443,27,2131800,500,11,205,675,コスト32未満・倍率未検証
844433,26,4765200,500,11,205,675,コスト32未満・倍率未検証
844333,25,4765200,500,11,205,675,コスト32未満・倍率未検証
843333,24,2131800,500,11,205,675,コスト32未満・倍率未検証
833333,23,341088,500,11,205,675,コスト32未満・倍率未検証
777533,32,1521520,500,11,185,655,コスト32・参考倍率
777443,32,1383200,500,11,190,660,コスト32・参考倍率
777433,31,1383200,500,11,190,660,コスト32未満・倍率未検証
777333,30,414960,500,11,190,660,コスト32未満・倍率未検証
776633,32,1573390,500,11,190,660,コスト32・参考倍率
776543,32,11211200,500,11,190,660,コスト32・参考倍率
776533,31,5325320,500,11,190,660,コスト32未満・倍率未検証
776444,32,1452360,500,11,195,665,コスト32・参考倍率
776443,31,4841200,500,11,195,665,コスト32未満・倍率未検証
776433,30,4841200,500,11,195,665,コスト32未満・倍率未検証
776333,29,1452360,500,11,195,665,コスト32未満・倍率未検証
775553,32,2802800,500,11,185,655,コスト32・参考倍率
775544,32,3993990,500,11,190,660,コスト32・参考倍率
775543,31,8408400,500,11,190,660,コスト32未満・倍率未検証
775533,30,3993990,500,11,190,660,コスト32未満・倍率未検証
775444,31,2282280,500,11,195,665,コスト32未満・倍率未検証
775443,30,7607600,500,11,195,665,コスト32未満・倍率未検証
775433,29,7607600,500,11,195,665,コスト32未満・倍率未検証
775333,28,2282280,500,11,195,665,コスト32未満・倍率未検証
774444,30,440895,500,11,200,670,コスト32未満・倍率未検証
774443,29,2074800,500,11,200,670,コスト32未満・倍率未検証
774433,28,3285100,500,11,200,670,コスト32未満・倍率未検証
774333,27,2074800,500,11,200,670,コスト32未満・倍率未検証
773333,26,440895,500,11,200,670,コスト32未満・倍率未検証
766643,32,2038400,500,11,195,665,コスト32・参考倍率
766633,31,968240,500,11,195,665,コスト32未満・倍率未検証
766553,32,5885880,500,11,190,660,コスト32・参考倍率
766544,32,5325320,500,11,195,665,コスト32・参考倍率
766543,31,11211200,500,11,195,665,コスト32未満・倍率未検証
766533,30,5325320,500,11,195,665,コスト32未満・倍率未検証
766444,31,1452360,500,11,200,670,コスト32未満・倍率未検証
766443,30,4841200,500,11,200,670,コスト32未満・倍率未検証
766433,29,4841200,500,11,200,670,コスト32未満・倍率未検証
766333,28,1452360,500,11,200,670,コスト32未満・倍率未検証
765554,32,6036800,500,11,190,660,コスト32・参考倍率
765553,31,6036800,500,11,190,660,コスト32未満・倍率未検証
765544,31,8602440,500,11,195,665,コスト32未満・倍率未検証
765543,30,18110400,500,11,195,665,コスト32未満・倍率未検証
765533,29,8602440,500,11,195,665,コスト32未満・倍率未検証
765444,30,4915680,500,11,200,670,コスト32未満・倍率未検証
765443,29,16385600,500,11,200,670,コスト32未満・倍率未検証
765433,28,16385600,500,11,200,670,コスト32未満・倍率未検証
765333,27,4915680,500,11,200,670,コスト32未満・倍率未検証
764444,29,949620,500,11,205,675,コスト32未満・倍率未検証
764443,28,4468800,500,11,205,675,コスト32未満・倍率未検証
764433,27,7075600,500,11,205,675,コスト32未満・倍率未検証
764333,26,4468800,500,11,205,675,コスト32未満・倍率未検証
763333,25,949620,500,11,205,675,コスト32未満・倍率未検証
755555,32,368676,500,11,185,655,コスト32・参考倍率
755554,31,2048200,500,11,190,660,コスト32未満・倍率未検証
755553,30,2048200,500,11,190,660,コスト32未満・倍率未検証
755544,30,4096400,500,11,195,665,コスト32未満・倍率未検証
755543,29,8624000,500,11,195,665,コスト32未満・倍率未検証
755533,28,4096400,500,11,195,665,コスト32未満・倍率未検証
755444,29,3686760,500,11,200,670,コスト32未満・倍率未検証
755443,28,12289200,500,11,200,670,コスト32未満・倍率未検証
755433,27,12289200,500,11,200,670,コスト32未満・倍率未検証
755333,26,3686760,500,11,200,670,コスト32未満・倍率未検証
754444,28,1492260,500,11,205,675,コスト32未満・倍率未検証
754443,27,7022400,500,11,205,675,コスト32未満・倍率未検証
754433,26,11118800,500,11,205,675,コスト32未満・倍率未検証
754333,25,7022400,500,11,205,675,コスト32未満・倍率未検証
753333,24,1492260,500,11,205,675,コスト32未満・倍率未検証
744444,27,217056,500,11,210,680,コスト32未満・倍率未検証
744443,26,1356600,500,11,210,680,コスト32未満・倍率未検証
744433,25,3032400,500,11,210,680,コスト32未満・倍率未検証
744333,24,3032400,500,11,210,680,コスト32未満・倍率未検証
743333,23,1356600,500,11,210,680,コスト32未満・倍率未検証
733333,22,217056,500,11,210,680,コスト32未満・倍率未検証
666653,32,440440,500,11,195,665,コスト32・参考倍率
666644,32,190190,500,11,200,670,コスト32・参考倍率
666643,31,400400,500,11,200,670,コスト32未満・倍率未検証
666633,30,190190,500,11,200,670,コスト32未満・倍率未検証
666554,32,1681680,500,11,195,665,コスト32・参考倍率
666553,31,1681680,500,11,195,665,コスト32未満・倍率未検証
666544,31,1521520,500,11,200,670,コスト32未満・倍率未検証
666543,30,3203200,500,11,200,670,コスト32未満・倍率未検証
666533,29,1521520,500,11,200,670,コスト32未満・倍率未検証
666444,30,414960,500,11,205,675,コスト32未満・倍率未検証
666443,29,1383200,500,11,205,675,コスト32未満・倍率未検証
666433,28,1383200,500,11,205,675,コスト32未満・倍率未検証
666333,27,414960,500,11,205,675,コスト32未満・倍率未検証
665555,32,665665,500,11,190,660,コスト32・参考倍率
665554,31,2802800,500,11,195,665,コスト32未満・倍率未検証
665553,30,2802800,500,11,195,665,コスト32未満・倍率未検証
665544,30,3993990,500,11,200,670,コスト32未満・倍率未検証
665543,29,8408400,500,11,200,670,コスト32未満・倍率未検証
665533,28,3993990,500,11,200,670,コスト32未満・倍率未検証
665444,29,2282280,500,11,205,675,コスト32未満・倍率未検証
665443,28,7607600,500,11,205,675,コスト32未満・倍率未検証
665433,27,7607600,500,11,205,675,コスト32未満・倍率未検証
665333,26,2282280,500,11,205,675,コスト32未満・倍率未検証
664444,28,440895,500,11,210,680,コスト32未満・倍率未検証
664443,27,2074800,500,11,210,680,コスト32未満・倍率未検証
664433,26,3285100,500,11,210,680,コスト32未満・倍率未検証
664333,25,2074800,500,11,210,680,コスト32未満・倍率未検証
663333,24,440895,500,11,210,680,コスト32未満・倍率未検証
655555,31,368676,500,11,190,660,コスト32未満・倍率未検証
655554,30,2048200,500,11,195,665,コスト32未満・倍率未検証
655553,29,2048200,500,11,195,665,コスト32未満・倍率未検証
655544,29,4096400,500,11,200,670,コスト32未満・倍率未検証
655543,28,8624000,500,11,200,670,コスト32未満・倍率未検証
655533,27,4096400,500,11,200,670,コスト32未満・倍率未検証
655444,28,3686760,500,11,205,675,コスト32未満・倍率未検証
655443,27,12289200,500,11,205,675,コスト32未満・倍率未検証
655433,26,12289200,500,11,205,675,コスト32未満・倍率未検証
655333,25,3686760,500,11,205,675,コスト32未満・倍率未検証
654444,27,1492260,500,11,210,680,コスト32未満・倍率未検証
654443,26,7022400,500,11,210,680,コスト32未満・倍率未検証
654433,25,11118800,500,11,210,680,コスト32未満・倍率未検証
654333,24,7022400,500,11,210,680,コスト32未満・倍率未検証
653333,23,1492260,500,11,210,680,コスト32未満・倍率未検証
644444,26,217056,500,11,215,685,コスト32未満・倍率未検証
644443,25,1356600,500,11,215,685,コスト32未満・倍率未検証
644433,24,3032400,500,11,215,685,コスト32未満・倍率未検証
644333,23,3032400,500,11,215,685,コスト32未満・倍率未検証
643333,22,1356600,500,11,215,685,コスト32未満・倍率未検証
633333,21,217056,500,11,215,685,コスト32未満・倍率未検証
555555,30,74613,500,11,190,660,コスト32未満・倍率未検証
555554,29,526680,500,11,195,665,コスト32未満・倍率未検証
555553,28,526680,500,11,195,665,コスト32未満・倍率未検証
555544,28,1389850,500,11,200,670,コスト32未満・倍率未検証
555543,27,2926000,500,11,200,670,コスト32未満・倍率未検証
555533,26,1389850,500,11,200,670,コスト32未満・倍率未検証
555444,27,1755600,500,11,205,675,コスト32未満・倍率未検証
555443,26,5852000,500,11,205,675,コスト32未満・倍率未検証
555433,25,5852000,500,11,205,675,コスト32未満・倍率未検証
555333,24,1755600,500,11,205,675,コスト32未満・倍率未検証
554444,26,1119195,500,11,210,680,コスト32未満・倍率未検証
554443,25,5266800,500,11,210,680,コスト32未満・倍率未検証
554433,24,8339100,500,11,210,680,コスト32未満・倍率未検証
554333,23,5266800,500,11,210,680,コスト32未満・倍率未検証
553333,22,1119195,500,11,210,680,コスト32未満・倍率未検証
544444,25,341088,500,11,215,685,コスト32未満・倍率未検証
544443,24,2131800,500,11,215,685,コスト32未満・倍率未検証
544433,23,4765200,500,11,215,685,コスト32未満・倍率未検証
544333,22,4765200,500,11,215,685,コスト32未満・倍率未検証
543333,21,2131800,500,11,215,685,コスト32未満・倍率未検証
533333,20,341088,500,11,215,685,コスト32未満・倍率未検証
444444,24,38760,500,11,220,690,コスト32未満・倍率未検証
444443,23,310080,500,11,220,690,コスト32未満・倍率未検証
444433,22,920550,500,11,220,690,コスト32未満・倍率未検証
444333,21,1299600,500,11,220,690,コスト32未満・倍率未検証
443333,20,920550,500,11,220,690,コスト32未満・倍率未検証
433333,19,310080,500,11,220,690,コスト32未満・倍率未検証
333333,18,38760,500,11,220,690,コスト32未満・倍率未検証
