No,軍神名,コスト,生命力,気合,腕力,耐久力,器用さ,知力,魅力,土属性,水属性,火属性,風属性,設定可否,Lv,神具,入手
1,アフロディテ,8,960,480,26,20,32,40,40,40,40,16,26,設定可,80,美神のティアラ,"南蛮遊技場メダル景品：250,000枚"
2,インドラ,8,960,480,40,28,32,40,40,40,32,28,36,設定可,80,ヴァジュラ,軍神おみくじ・九／雷霆神降神箱／討伐録勾玉・四／討伐録勾玉・伍
3,ポセイドン,8,960,480,40,40,32,36,38,30,40,30,32,設定可,80,海神の三叉槍,"南蛮遊技場メダル景品：300,000枚"
5,伊邪那岐,8,960,480,40,34,34,40,40,30,30,30,30,設定可,80,沼矛の玉飾り,軍神おみくじ・参／勾玉選抜箱・い／野望之勾玉箱・弐／よりどり勾玉・富
6,伊邪那美,8,960,480,36,28,32,40,40,34,34,20,32,設定可,80,淡道の泥雫,軍神おみくじ・参／軍神おみくじ・四／勾玉選抜箱・い／入門之勾玉・彩／野望之勾玉箱・弐／よりどり勾玉・富
7,信長201X,8,,,,,,,,,,,,設定可,50,なし,軍神イベント
8,凶変伊邪那美,8,960,480,36,40,32,40,34,34,34,20,32,設定可,80,屍者の糧,勾玉選抜箱・い／よりどり勾玉・醒／獅子舞の面・瞬
9,国之常立,8,960,480,40,38,26,36,36,38,32,28,28,設定可,80,混沌の土,軍神おみくじ・弐／勾玉選抜箱・い／よりどり勾玉・富
10,大国主,8,960,480,39,32,32,40,40,34,31,31,32,設定可,80,縁結びの兎毛,軍神おみくじ・弐／軍神おみくじ・参／勾玉選抜箱・い／入門之勾玉・彩／変化勾玉／よりどり勾玉・富
11,大志抱きし者,8,832,376,22,20,20,22,24,17,17,17,17,設定可,80,なし,特級勾玉箱・聖夜／上級勾玉箱・聖夜
12,天之御中主,8,960,480,34,34,36,40,34,38,36,38,36,設定可,80,燦然たる光,軍神おみくじ・四／勾玉選抜箱・い／よりどり勾玉・富
13,天津甕星,8,960,480,40,40,28,40,40,30,30,30,30,設定可,80,七星剣,軍神おみくじ・六／討伐録勾玉・弐～伍／勾玉選抜箱・い
14,媽祖,8,960,480,40,40,34,40,40,28,40,28,36,設定可,80,天妃金印,軍神おみくじ・十／討伐録勾玉・伍
15,川中島の龍虎,8,832,376,22,22,22,22,22,17,17,17,17,設定可,80,なし,勾玉選抜箱・い／特級勾玉箱・聖夜／上級勾玉箱・聖夜
16,怨嗟伊邪那岐,8,960,480,40,28,32,40,34,30,30,30,30,設定可,80,意富加牟豆美命,勾玉選抜箱・い／よりどり勾玉・醒／獅子舞の面・瞬
17,時を喰らう神,8,960,480,40,30,34,30,40,22,34,22,34,設定可,80,トリシューラ,軍神おみくじ・四／勾玉選抜箱・い／入門之勾玉・彩／野望之勾玉箱・弐／よりどり勾玉・醒／獅子舞の面・瞬
18,月読,8,960,480,34,30,32,40,40,30,30,24,32,設定可,80,宵闇の妙刀,軍神おみくじ・弐／軍神おみくじ・参／勾玉選抜箱・い／入門之勾玉・彩／よりどり勾玉・富
19,泰平祈る女神,8,832,376,20,24,20,20,25,17,17,17,17,設定可,80,なし,軍神イベント
20,玉藻の前,8,960,480,40,40,34,40,40,34,34,34,34,設定可,80,霊験の玉,軍神おみくじ・七
21,神産巣日,8,960,480,34,28,28,40,38,36,32,34,34,設定可,80,天地開闢の光,軍神おみくじ・弐／軍神おみくじ・四／勾玉選抜箱・い／よりどり勾玉・富
22,第六天魔王,8,960,480,40,28,26,40,38,22,22,22,22,設定可,80,波旬の業,勾玉選抜箱・い／よりどり勾玉・醒／獅子舞の面・瞬
23,素戔嗚,8,960,480,40,40,20,40,40,40,40,28,28,設定可,80,奇稲田姫の櫛,"上級道場勲札：100,000枚"
24,高御産巣日,8,960,480,34,28,32,34,40,32,36,34,34,設定可,80,天之麻迦古弓,勾玉選抜箱・い／継続の宝箱・ち／継続の宝箱・り／継続の宝箱・ぬ／継続の宝箱・と
25,不動明王,7,831,415,33,33,21,28,34,24,19,26,19,設定可,80,倶利伽羅剣,勾玉選抜箱・い／よりどり勾玉・醒獅子舞の面・瞬
26,八幡,7,831,415,34,31,22,24,34,22,19,21,19,設定可,80,八幡の旗,軍神おみくじ・四／勾玉選抜箱・い／よりどり勾玉・富
27,四神,7,831,415,33,22,22,30,28,34,34,34,34,設定可,80,四神の宝玉,軍神おみくじ・四／勾玉選抜箱・い／よりどり勾玉・醒
28,大物主,7,831,415,30,28,21,34,30,31,31,31,31,設定可,80,三輪の須恵器,軍神おみくじ・四／勾玉選抜箱・い／よりどり勾玉・醒／獅子舞の面・瞬
29,天之尾羽張神,7,831,415,33,24,28,31,34,21,21,22,21,設定可,80,神刀の飾り紐,軍神おみくじ・四／勾玉選抜箱・い／よりどり勾玉・醒
30,建御名方,7,831,415,34,26,24,31,28,24,31,16,17,設定可,80,諏訪の御柱,軍神おみくじ・参／勾玉選抜箱・い／よりどり勾玉・富
31,建御雷,7,831,415,34,28,24,31,26,33,16,17,24,設定可,80,正義の巨剣,軍神おみくじ・壱／軍神おみくじ・弐／勾玉選抜箱・い／変化勾玉／よりどり勾玉・富
32,思兼,7,831,415,23,22,26,34,30,21,21,22,26,設定可,80,八意兵法書,軍神おみくじ・参／勾玉選抜箱・い／よりどり勾玉・富
33,日本武,7,831,415,34,30,27,27,30,27,20,26,19,設定可,80,火払いの霊剣,軍神おみくじ・弐／勾玉選抜箱・い／変化勾玉／よりどり勾玉・富
34,毘沙門天,7,831,415,34,21,33,28,33,19,24,19,26,設定可,80,毘沙門天の宝棒,勾玉選抜箱・い／よりどり勾玉・醒／獅子舞の面・瞬
35,綿津見三神,7,831,415,33,28,28,31,31,26,33,17,26,設定可,80,大海の霊玉,軍神おみくじ・弐／勾玉選抜箱・い／よりどり勾玉・富
36,迦具土,7,831,415,34,29,19,21,26,16,21,33,17,設定可,80,焔の槍,軍神おみくじ・壱／軍神おみくじ・弐／軍神おみくじ・参／勾玉選抜箱・い／よりどり勾玉・富
37,酒呑童子,7,831,415,34,29,21,28,30,19,17,17,17,設定可,80,安綱,軍神おみくじ・参／勾玉選抜箱・い／よりどり勾玉・富
38,阿修羅,7,831,415,34,33,17,31,33,14,17,17,33,設定可,80,闘神の宝剣,勾玉選抜箱・い／討伐録勾玉・弐～伍
39,アルテミス,6,705,352,29,15,29,24,29,12,12,20,29,設定可,80,黄金の矢,軍神おみくじ・八／討伐録勾玉・参～伍
40,事代主,6,705,352,21,22,26,19,19,23,25,15,19,設定可,80,豊漁の釣竿,軍神おみくじ・壱／軍神おみくじ・弐／勾玉選抜箱・い／よりどり勾玉・富
41,八上姫,6,705,352,24,20,22,28,29,15,15,15,15,設定可,80,木股の悲涙,軍神おみくじ・参／軍神おみくじ・四／勾玉選抜箱・い／よりどり勾玉・富
42,大山祇,6,705,352,28,28,17,20,24,25,21,15,12,設定可,80,大山の霊酒,軍神おみくじ・参／勾玉選抜箱・い／変化勾玉／よりどり勾玉・富
43,摩利支天,6,705,352,25,16,28,24,22,17,13,28,16,設定可,80,陽炎の大剣,軍神おみくじ・四／勾玉選抜箱・い／よりどり勾玉・醒／獅子舞の面・瞬
44,源義経,6,705,352,27,16,26,24,29,17,17,17,17,設定可,80,薄墨の笛,軍神おみくじ・四／勾玉選抜箱・い／よりどり勾玉・醒／獅子舞の面・瞬
45,猫又,6,705,352,29,20,29,28,29,26,12,15,26,設定可,80,猫じゃらし,軍神イベント
46,田霧姫,6,705,352,27,22,22,28,27,18,24,17,24,設定可,80,操水の霊槍,軍神おみくじ・参／勾玉選抜箱・い／変化勾玉／よりどり勾玉・富
47,百襲姫,6,705,352,21,17,20,29,29,15,16,23,25,設定可,80,神託の晶玉,軍神おみくじ・壱／軍神おみくじ・弐／勾玉選抜箱・い／よりどり勾玉・富
48,石長姫,6,705,352,16,28,19,22,18,26,19,17,23,設定可,80,石の花弁,軍神おみくじ・弐／勾玉選抜箱・い／よりどり勾玉・富
49,菊理姫,6,705,352,19,17,17,27,29,17,13,15,17,設定可,80,霊峰白山の土,軍神おみくじ・参／勾玉選抜箱・い／よりどり勾玉・富
50,邇邇芸,6,705,352,28,23,23,28,28,23,23,23,23,設定可,80,不枯の稲穂,軍神おみくじ・弐／軍神おみくじ・四／勾玉選抜箱・い／変化勾玉／よりどり勾玉・富
51,鬼子母神,6,705,352,29,28,19,29,29,15,15,15,15,設定可,80,破魔の吉祥果,勾玉選抜箱・い／討伐録勾玉・弐～四／討伐録勾玉・伍
52,吉備津彦,5,576,288,19,14,23,19,24,14,14,14,20,設定可,80,黍団子,勾玉選抜箱・い／よりどり勾玉・富
53,国御柱,5,576,288,15,14,17,20,20,12,12,16,23,設定可,80,風の羽衣,勾玉選抜箱・い／変化勾玉／よりどり勾玉・富
54,大神実命,5,576,288,24,11,17,18,18,19,13,17,17,設定可,80,神聖なる桃,軍神イベント
55,天御柱,5,576,288,19,17,18,19,19,14,12,14,21,設定可,80,風の羽織,軍神おみくじ・参／勾玉選抜箱・い／よりどり勾玉・富
56,天忍穂耳,5,576,288,23,12,19,19,18,18,18,12,17,設定可,80,正勝の賽,軍神おみくじ・壱／軍神おみくじ・弐／勾玉選抜箱・い／よりどり勾玉・富
57,天手力男,5,576,288,24,15,10,13,13,11,11,11,11,設定可,80,岩戸の小片,軍神おみくじ・四／勾玉選抜箱・い／よりどり勾玉・富
58,天探女,5,576,288,22,13,20,23,24,19,15,15,15,設定可,80,煽惑の矢,勾玉選抜箱・い／よりどり勾玉・富
59,天津彦根,5,576,288,19,15,13,19,16,19,17,12,20,設定可,80,恵沢の雨粒,軍神おみくじ・弐／軍神おみくじ・参／勾玉選抜箱・い／よりどり勾玉・富
60,天狐,5,576,288,20,15,19,23,23,15,15,15,15,設定可,80,なし,軍神イベント
61,天目一箇,5,576,288,24,21,21,17,14,19,10,20,12,設定可,80,鍛冶の祖魂,軍神おみくじ・四／勾玉選抜箱・い／変化勾玉／よりどり勾玉・富
62,年神,5,576,288,22,18,15,19,22,14,15,20,12,設定可,80,豊穣の鏡餅,軍神おみくじ・参／勾玉選抜箱・い／よりどり勾玉・富
63,弁才天,5,576,288,16,13,14,24,19,13,23,13,15,設定可,80,救世の宝珠,軍神おみくじ・四／勾玉選抜箱・い／よりどり勾玉・醒／獅子舞の面・瞬
64,木花咲耶姫,5,576,288,13,11,14,19,24,14,19,21,15,設定可,80,桜の神木片,軍神おみくじ・壱／軍神おみくじ・弐／勾玉選抜箱・い／変化勾玉／よりどり勾玉・富
65,湍津姫,5,576,288,23,15,17,23,22,14,20,14,17,設定可,80,奔流の霊剣,軍神おみくじ・参／勾玉選抜箱・い／よりどり勾玉・富
66,玉祖,5,576,288,14,13,23,24,17,11,11,11,11,設定可,80,祖神の拡大鏡,勾玉選抜箱・い／よりどり勾玉・醒
67,白兎,5,576,288,18,17,18,20,24,14,13,15,17,設定可,80,純白の皮,軍神おみくじ・四／勾玉選抜箱・い／よりどり勾玉・醒
68,稚日女,5,576,288,21,16,20,22,22,12,21,10,16,設定可,80,日依りの梭,勾玉選抜箱・い／変化勾玉／よりどり勾玉・富
69,西王母,5,576,288,13,12,12,24,24,14,19,14,14,設定可,80,女仙の玉勝,軍神おみくじ・伍／討伐録勾玉・弐～伍／勾玉選抜箱・い
70,金山姫,5,576,288,20,18,17,22,24,20,13,13,14,設定可,80,白銀の原鉱,勾玉選抜箱・い／よりどり勾玉・富
71,金山彦,5,576,288,23,19,15,19,20,23,14,14,14,設定可,80,黄金の原鉱,勾玉選抜箱・い／よりどり勾玉・富
72,鍾馗,5,576,288,24,12,17,24,20,14,14,12,12,設定可,80,京洛の鬼瓦,軍神イベント
73,須世理姫,5,576,288,22,18,15,22,20,15,15,23,20,設定可,80,真赤の比礼,軍神おみくじ・壱／軍神おみくじ・弐／勾玉選抜箱・い／よりどり勾玉・富
74,乙姫,4,450,225,10,14,16,18,18,13,18,7,12,設定可,80,龍宮城の宝珠,討取の証宝箱・午／討伐録勾玉・参・四／討伐録勾玉・伍
75,埴安彦,4,450,225,14,15,10,10,13,18,10,15,10,設定可,80,埴輪の欠片,勾玉選抜箱・い／よりどり勾玉・醒
76,大禍津日,4,450,225,16,12,9,18,10,17,17,17,17,設定可,80,黄泉の泥土,軍神おみくじ・四／勾玉選抜箱・い／よりどり勾玉・富／よりどり勾玉・序
77,天児屋根,4,450,225,11,9,14,18,17,12,12,14,12,設定可,80,延喜式巻八,勾玉選抜箱・い／変化勾玉／よりどり勾玉・富／よりどり勾玉・序
78,天羽槌雄,4,450,225,11,11,16,17,15,8,9,8,15,設定可,80,絢爛な倭文織物,勾玉選抜箱・い／変化勾玉／よりどり勾玉・富／よりどり勾玉・序
79,天鈿女,4,450,225,17,12,14,13,18,11,15,16,15,設定可,80,猿樂の面,軍神おみくじ・壱／軍神おみくじ・弐／勾玉選抜箱・い／変化勾玉／よりどり勾玉・富／よりどり勾玉・序
80,奇稲田姫,4,450,225,11,10,11,16,18,11,14,10,13,設定可,80,災除けの小櫛,勾玉選抜箱・い／変化勾玉／よりどり勾玉・富／よりどり勾玉・序
81,少彦名,4,450,225,11,11,18,18,17,13,16,8,9,設定可,80,羅摩船,軍神おみくじ・壱／軍神おみくじ・弐／勾玉選抜箱・い／変化勾玉／よりどり勾玉・富／よりどり勾玉・序
82,座敷童子,4,450,225,10,10,17,18,18,17,9,7,17,設定可,80,愛用の玩具,軍神イベント
83,武内宿禰,4,450,225,15,12,15,18,16,9,9,11,13,設定可,80,忠臣の白矢,軍神おみくじ・壱／軍神おみくじ・弐／勾玉選抜箱・い／よりどり勾玉・富／よりどり勾玉・序
84,猿田彦,4,450,225,16,12,15,17,17,10,11,12,16,設定可,80,先導の羽団扇,軍神おみくじ・参／勾玉選抜箱・い／よりどり勾玉・富／よりどり勾玉・序
85,玉依姫,4,450,225,12,15,12,18,18,10,12,11,10,設定可,80,水無飴小杖,勾玉選抜箱・い／よりどり勾玉・醒
86,石凝姥,4,450,225,12,8,16,15,17,12,11,14,11,設定可,80,神秘的な銅鏡,軍神おみくじ・四／勾玉選抜箱・い／変化勾玉／よりどり勾玉・富／よりどり勾玉・序
87,神大市姫,4,450,225,12,11,15,13,15,15,11,12,13,設定可,80,繁盛の飾り熊手,軍神おみくじ・弐／軍神おみくじ・参／勾玉選抜箱・い／よりどり勾玉・富／よりどり勾玉・序
88,経津主,4,450,225,18,14,14,14,14,14,9,15,14,設定可,80,大蛇討の十握剣,勾玉選抜箱・い／変化勾玉／よりどり勾玉・富／よりどり勾玉・序
89,罔象女,4,450,225,11,10,12,14,18,11,16,9,12,設定可,80,清らかな雫,軍神おみくじ・四／勾玉選抜箱・い／よりどり勾玉・富／よりどり勾玉・序
90,豊玉姫,4,450,225,15,11,12,17,18,8,18,8,8,設定可,80,結びの釣り針,勾玉選抜箱・い／変化勾玉／よりどり勾玉・富／よりどり勾玉・序
91,金刀比羅,4,450,225,18,15,10,13,17,11,18,10,12,設定可,80,神木の竜骨,軍神おみくじ・参／勾玉選抜箱・い／よりどり勾玉・富／よりどり勾玉・序
92,金屋子,4,450,225,17,12,13,13,16,13,10,16,11,設定可,80,たたら炉の炎,軍神おみくじ・四／勾玉選抜箱・い／よりどり勾玉・富／よりどり勾玉・序
93,黄泉醜女,4,450,225,18,17,12,15,12,15,13,12,11,設定可,80,黄泉の霊魂,軍神おみくじ・参／勾玉選抜箱・い／よりどり勾玉・富／よりどり勾玉・序
94,七福神,3,,,,,,,,,,,,設定可,1,なし,勾玉選抜箱・い／新春福袋
95,久延毘古,3,324,162,10,8,8,13,9,8,10,7,8,設定可,80,神宿りの竹,軍神おみくじ・四／勾玉選抜箱・い／よりどり勾玉・醒
96,佐保姫,3,324,162,10,6,8,11,13,6,6,6,11,設定可,80,春霞の衣,勾玉選抜箱・い／よりどり勾玉・醒
97,保食,3,324,162,13,11,5,9,13,10,11,8,9,設定可,80,五穀原種,軍神おみくじ・四／勾玉選抜箱・い／よりどり勾玉・富／よりどり勾玉・序
98,塩土老翁,3,324,162,8,6,9,13,9,6,10,6,10,設定可,80,潮路の澪標,軍神おみくじ・壱／軍神おみくじ・弐／勾玉選抜箱・い／よりどり勾玉・富／よりどり勾玉・序
99,大屋都姫,3,324,162,9,9,8,11,12,10,8,6,6,設定可,80,神木の苗木,軍神おみくじ・参／勾玉選抜箱・い／よりどり勾玉・富／よりどり勾玉・序
100,天之御影,3,324,162,13,10,11,11,11,11,6,10,7,設定可,80,御影の霊刀,軍神おみくじ・壱／軍神おみくじ・弐／勾玉選抜箱・い／変化勾玉／よりどり勾玉・富／よりどり勾玉・序
101,天火明,3,324,162,12,10,7,12,9,7,6,13,7,設定可,80,激高の水汲み桶,勾玉選抜箱・い／変化勾玉／よりどり勾玉・富／よりどり勾玉・序
102,天若日子,3,324,162,12,9,10,9,11,7,10,8,10,設定可,80,産霊の御神矢,勾玉選抜箱・い／変化勾玉／よりどり勾玉・富／よりどり勾玉・序
103,天鳥船,3,324,162,8,6,10,11,9,7,6,6,13,設定可,80,天越えの翼,勾玉選抜箱・い／よりどり勾玉・富／よりどり勾玉・序
104,宇迦之御魂,3,324,162,9,9,10,13,12,10,9,11,11,設定可,80,神事の狐面,軍神おみくじ・壱／軍神おみくじ・弐／勾玉選抜箱・い／変化勾玉／よりどり勾玉・富／よりどり勾玉・序
105,招き猫,3,324,162,8,6,6,8,13,7,7,7,7,設定可,80,招福鈴,軍神おみくじ・参／勾玉選抜箱・い／よりどり勾玉・富／よりどり勾玉・序
106,栲幡千々姫,3,324,162,11,9,11,12,12,7,11,6,10,設定可,80,楮の上織物,軍神おみくじ・四／勾玉選抜箱・い／変化勾玉／よりどり勾玉・富／よりどり勾玉・序
107,泣沢女,3,324,162,8,6,9,11,10,8,10,6,8,設定可,80,悲嘆の紅涙,軍神おみくじ・弐／勾玉選抜箱・い／よりどり勾玉・富／よりどり勾玉・序
108,犬神,3,324,162,9,6,12,8,13,13,8,8,8,設定可,80,犬神の牙,軍神おみくじ・参／勾玉選抜箱・い／よりどり勾玉・富／よりどり勾玉・序
109,稚産霊,3,324,162,9,6,6,11,13,10,10,6,10,設定可,80,金色の絹糸,軍神おみくじ・参／勾玉選抜箱・い／よりどり勾玉・富／よりどり勾玉・序
110,荒覇吐,3,324,162,13,8,10,9,9,9,8,10,8,設定可,80,蛇革の脛巾,勾玉選抜箱・い／よりどり勾玉・醒
111,速秋津姫,3,324,162,7,6,7,9,13,6,13,6,10,設定可,80,凪の港水,軍神おみくじ・四／勾玉選抜箱・い／よりどり勾玉・醒
112,闇淤加美,3,324,162,8,8,7,11,13,6,13,9,8,設定可,80,清水の一滴,軍神おみくじ・壱／軍神おみくじ・弐／軍神おみくじ・参／勾玉選抜箱・い／よりどり勾玉・富／よりどり勾玉・序
113,阿加流姫,3,324,162,9,9,9,9,12,9,9,11,9,設定可,80,深緋の瑪瑙玉,軍神おみくじ・四／勾玉選抜箱・い／変化勾玉／よりどり勾玉・富／よりどり勾玉・序
114,鹿屋野姫,3,324,162,9,6,6,13,13,6,10,6,12,設定可,80,大輪の髪飾り,勾玉選抜箱・い／討伐録勾玉・弐～四／討伐録勾玉・伍／宝箱・四～八
118,鞍馬天狗,6,705,352,29,23,29,29,28,23,15,12,29,設定可,80,鞍馬天狗面,討伐録勾玉・伍
