パターン,人数,コスト構成,合計コスト,軍神1,軍神2,軍神3,軍神4,軍神5,軍神6,生命力,気合,腕力,耐久力,器用さ,知力,魅力,土属性,水属性,火属性,風属性,画像ファイル名,画像_SHA256,資料の注意
A,1,4,4,玉依姫,,,,,,543,258,40,50,37,56,63,31,40,34,31,スクリーンショット 2026-10-10 171931.png,93e794a5c435af480d5ab0e7efb391ef9cedf68c9fd83465c30a0e4108881144,ユーザー説明：画像の軍神能力には奉納物使用による上積みがあり、奉納物なしの育成完成値を示すものではない。人数別ボーナスをこの値だけで逆算しない。
A,2,44,8,金刀比羅,玉依姫,,,,,1266,607,108,108,80,105,136,73,101,70,73,スクリーンショット 2026-10-10 171922.png,64c1df3acf76deea8523c7e83573d97275155f022d4707345cefbf62ae41f115,ユーザー説明：画像の軍神能力には奉納物使用による上積みがあり、奉納物なしの育成完成値を示すものではない。人数別ボーナスをこの値だけで逆算しない。
A,3,644,14,石長姫,金刀比羅,玉依姫,,,,2515,1203,196,248,172,204,232,184,196,148,180,スクリーンショット 2026-10-10 171914.png,cc0b94983496809656ad9d4f70c15b7541c747432df11dbf39de68f5784554db,ユーザー説明：画像の軍神能力には奉納物使用による上積みがあり、奉納物なしの育成完成値を示すものではない。人数別ボーナスをこの値だけで逆算しない。
A,4,6644,20,石長姫,鬼子母神,金刀比羅,玉依姫,,,3986,1904,366,432,282,376,418,286,310,235,277,スクリーンショット 2026-10-10 171906.png,e1b8baa01cfe0817b9e64e9ff94e326b2952440cb740fe9027a2a988e1fe4619,ユーザー説明：画像の軍神能力には奉納物使用による上積みがあり、奉納物なしの育成完成値を示すものではない。人数別ボーナスをこの値だけで逆算しない。
A,5,66644,26,大山祇,石長姫,鬼子母神,金刀比羅,玉依姫,,5679,2707,599,688,425,565,638,492,487,369,403,スクリーンショット 2026-10-10 171857.png,052b4674c188f229536e3a23d57cca9c6c842b5db674fc79a9fd2beb0c66aeda,ユーザー説明：画像の軍神能力には奉納物使用による上積みがあり、奉納物なしの育成完成値を示すものではない。人数別ボーナスをこの値だけで逆算しない。
A,6,666644,32,大山祇,邇邇芸,石長姫,鬼子母神,金刀比羅,玉依姫,7740,3712,871,998,656,844,971,750,730,603,629,スクリーンショット 2026-10-10 171847.png,035908b86a73ca79785dcdfb9e266afdb20eb3a42782af8a10bb392cf92e9de1,ユーザー説明：画像の軍神能力には奉納物使用による上積みがあり、奉納物なしの育成完成値を示すものではない。人数別ボーナスをこの値だけで逆算しない。
B,1,4,4,乙姫,,,,,,543,258,37,44,50,63,63,40,56,22,37,スクリーンショット 2026-10-10 172233.png,c3bf31504948ee22c7851b5f6dfa546c7ec4c0e7c4fd7a6d23323eed294c3817,ユーザー説明：画像の軍神能力には奉納物使用による上積みがあり、奉納物なしの育成完成値を示すものではない。人数別ボーナスをこの値だけで逆算しない。
B,2,44,8,座敷童子,乙姫,,,,,1277,622,73,84,112,133,140,105,98,56,98,スクリーンショット 2026-10-10 172223.png,71e7722d62743a8baf86bc7fdb7ef9e997f8e41c9f206ac1c2ded1a2cc8aba1c,ユーザー説明：画像の軍神能力には奉納物使用による上積みがあり、奉納物なしの育成完成値を示すものではない。人数別ボーナスをこの値だけで逆算しない。
B,3,644,14,邇邇芸,座敷童子,乙姫,,,,2527,1219,196,192,220,276,284,208,204,156,204,スクリーンショット 2026-10-10 172214.png,62981dba178acaa33e2a1675a86bd0b403e3ea0c9ece8c00d7a8c7fbce64b9c6,ユーザー説明：画像の軍神能力には奉納物使用による上積みがあり、奉納物なしの育成完成値を示すものではない。人数別ボーナスをこの値だけで逆算しない。
B,4,6644,20,邇邇芸,八上姫,座敷童子,乙姫,,,3999,1920,333,324,371,460,479,314,305,253,314,スクリーンショット 2026-10-10 172205.png,1d8af46279ac412b5467deb206fa7b01fae9e5546c83b82f4ebca39a26abb9a9,ユーザー説明：画像の軍神能力には奉納物使用による上積みがあり、奉納物なしの育成完成値を示すものではない。人数別ボーナスをこの値だけで逆算しない。
B,5,66644,26,邇邇芸,八上姫,鬼子母神,座敷童子,乙姫,,5693,2728,560,543,554,716,744,453,448,375,459,スクリーンショット 2026-10-10 172157.png,d278556407dda6c5264e53bfe0f88a207178171eaf66f3fd14249a42bc98b2a8,ユーザー説明：画像の軍神能力には奉納物使用による上積みがあり、奉納物なしの育成完成値を示すものではない。人数別ボーナスをこの値だけで逆算しない。
B,6,666644,32,邇邇芸,八上姫,鬼子母神,猫又,座敷童子,乙姫,7804,3770,864,783,857,1051,1098,723,616,556,730,スクリーンショット 2026-10-10 172150.png,6fc06350956ed51357451ebc68424706035fa71b1db2b78a1fee8af8399be1e7,ユーザー説明：画像の軍神能力には奉納物使用による上積みがあり、奉納物なしの育成完成値を示すものではない。人数別ボーナスをこの値だけで逆算しない。
