No,軍神名,コスト,Lv,育成区分,能力,サイト基準値,提供済み実測（条件違いを含む）,単純差（判定に使用しない）,判定
1,アフロディテ,8,80,通常育成モデルの参考値,生命力,960,,,同条件の軍神単体実測なし
1,アフロディテ,8,80,通常育成モデルの参考値,気合,480,,,同条件の軍神単体実測なし
1,アフロディテ,8,80,通常育成モデルの参考値,腕力,26,,,同条件の軍神単体実測なし
1,アフロディテ,8,80,通常育成モデルの参考値,耐久力,20,,,同条件の軍神単体実測なし
1,アフロディテ,8,80,通常育成モデルの参考値,器用さ,32,,,同条件の軍神単体実測なし
1,アフロディテ,8,80,通常育成モデルの参考値,知力,40,,,同条件の軍神単体実測なし
1,アフロディテ,8,80,通常育成モデルの参考値,魅力,40,,,同条件の軍神単体実測なし
1,アフロディテ,8,80,通常育成モデルの参考値,土属性,40,,,同条件の軍神単体実測なし
1,アフロディテ,8,80,通常育成モデルの参考値,水属性,40,,,同条件の軍神単体実測なし
1,アフロディテ,8,80,通常育成モデルの参考値,火属性,16,,,同条件の軍神単体実測なし
1,アフロディテ,8,80,通常育成モデルの参考値,風属性,26,,,同条件の軍神単体実測なし
2,インドラ,8,80,通常育成モデルの参考値,生命力,960,,,同条件の軍神単体実測なし
2,インドラ,8,80,通常育成モデルの参考値,気合,480,,,同条件の軍神単体実測なし
2,インドラ,8,80,通常育成モデルの参考値,腕力,40,,,同条件の軍神単体実測なし
2,インドラ,8,80,通常育成モデルの参考値,耐久力,28,,,同条件の軍神単体実測なし
2,インドラ,8,80,通常育成モデルの参考値,器用さ,32,,,同条件の軍神単体実測なし
2,インドラ,8,80,通常育成モデルの参考値,知力,40,,,同条件の軍神単体実測なし
2,インドラ,8,80,通常育成モデルの参考値,魅力,40,,,同条件の軍神単体実測なし
2,インドラ,8,80,通常育成モデルの参考値,土属性,40,,,同条件の軍神単体実測なし
2,インドラ,8,80,通常育成モデルの参考値,水属性,32,,,同条件の軍神単体実測なし
2,インドラ,8,80,通常育成モデルの参考値,火属性,28,,,同条件の軍神単体実測なし
2,インドラ,8,80,通常育成モデルの参考値,風属性,36,,,同条件の軍神単体実測なし
3,ポセイドン,8,80,通常育成モデルの参考値,生命力,960,,,同条件の軍神単体実測なし
3,ポセイドン,8,80,通常育成モデルの参考値,気合,480,,,同条件の軍神単体実測なし
3,ポセイドン,8,80,通常育成モデルの参考値,腕力,40,,,同条件の軍神単体実測なし
3,ポセイドン,8,80,通常育成モデルの参考値,耐久力,40,,,同条件の軍神単体実測なし
3,ポセイドン,8,80,通常育成モデルの参考値,器用さ,32,,,同条件の軍神単体実測なし
3,ポセイドン,8,80,通常育成モデルの参考値,知力,36,,,同条件の軍神単体実測なし
3,ポセイドン,8,80,通常育成モデルの参考値,魅力,38,,,同条件の軍神単体実測なし
3,ポセイドン,8,80,通常育成モデルの参考値,土属性,30,,,同条件の軍神単体実測なし
3,ポセイドン,8,80,通常育成モデルの参考値,水属性,40,,,同条件の軍神単体実測なし
3,ポセイドン,8,80,通常育成モデルの参考値,火属性,30,,,同条件の軍神単体実測なし
3,ポセイドン,8,80,通常育成モデルの参考値,風属性,32,,,同条件の軍神単体実測なし
5,伊邪那岐,8,80,通常育成モデルの参考値,生命力,960,,,同条件の軍神単体実測なし
5,伊邪那岐,8,80,通常育成モデルの参考値,気合,480,,,同条件の軍神単体実測なし
5,伊邪那岐,8,80,通常育成モデルの参考値,腕力,40,,,同条件の軍神単体実測なし
5,伊邪那岐,8,80,通常育成モデルの参考値,耐久力,34,,,同条件の軍神単体実測なし
5,伊邪那岐,8,80,通常育成モデルの参考値,器用さ,34,,,同条件の軍神単体実測なし
5,伊邪那岐,8,80,通常育成モデルの参考値,知力,40,,,同条件の軍神単体実測なし
5,伊邪那岐,8,80,通常育成モデルの参考値,魅力,40,,,同条件の軍神単体実測なし
5,伊邪那岐,8,80,通常育成モデルの参考値,土属性,30,,,同条件の軍神単体実測なし
5,伊邪那岐,8,80,通常育成モデルの参考値,水属性,30,,,同条件の軍神単体実測なし
5,伊邪那岐,8,80,通常育成モデルの参考値,火属性,30,,,同条件の軍神単体実測なし
5,伊邪那岐,8,80,通常育成モデルの参考値,風属性,30,,,同条件の軍神単体実測なし
6,伊邪那美,8,80,通常育成モデルの参考値,生命力,960,,,同条件の軍神単体実測なし
6,伊邪那美,8,80,通常育成モデルの参考値,気合,480,,,同条件の軍神単体実測なし
6,伊邪那美,8,80,通常育成モデルの参考値,腕力,36,,,同条件の軍神単体実測なし
6,伊邪那美,8,80,通常育成モデルの参考値,耐久力,28,,,同条件の軍神単体実測なし
6,伊邪那美,8,80,通常育成モデルの参考値,器用さ,32,,,同条件の軍神単体実測なし
6,伊邪那美,8,80,通常育成モデルの参考値,知力,40,,,同条件の軍神単体実測なし
6,伊邪那美,8,80,通常育成モデルの参考値,魅力,40,,,同条件の軍神単体実測なし
6,伊邪那美,8,80,通常育成モデルの参考値,土属性,34,,,同条件の軍神単体実測なし
6,伊邪那美,8,80,通常育成モデルの参考値,水属性,34,,,同条件の軍神単体実測なし
6,伊邪那美,8,80,通常育成モデルの参考値,火属性,20,,,同条件の軍神単体実測なし
6,伊邪那美,8,80,通常育成モデルの参考値,風属性,32,,,同条件の軍神単体実測なし
7,信長201X,8,50,配布固定Lv50・実能力数値未登録,生命力,,,,能力実数値未登録
7,信長201X,8,50,配布固定Lv50・実能力数値未登録,気合,,,,能力実数値未登録
7,信長201X,8,50,配布固定Lv50・実能力数値未登録,腕力,,,,能力実数値未登録
7,信長201X,8,50,配布固定Lv50・実能力数値未登録,耐久力,,,,能力実数値未登録
7,信長201X,8,50,配布固定Lv50・実能力数値未登録,器用さ,,,,能力実数値未登録
7,信長201X,8,50,配布固定Lv50・実能力数値未登録,知力,,,,能力実数値未登録
7,信長201X,8,50,配布固定Lv50・実能力数値未登録,魅力,,,,能力実数値未登録
7,信長201X,8,50,配布固定Lv50・実能力数値未登録,土属性,,,,能力実数値未登録
7,信長201X,8,50,配布固定Lv50・実能力数値未登録,水属性,,,,能力実数値未登録
7,信長201X,8,50,配布固定Lv50・実能力数値未登録,火属性,,,,能力実数値未登録
7,信長201X,8,50,配布固定Lv50・実能力数値未登録,風属性,,,,能力実数値未登録
8,凶変伊邪那美,8,80,通常育成モデルの参考値,生命力,960,,,同条件の軍神単体実測なし
8,凶変伊邪那美,8,80,通常育成モデルの参考値,気合,480,,,同条件の軍神単体実測なし
8,凶変伊邪那美,8,80,通常育成モデルの参考値,腕力,36,,,同条件の軍神単体実測なし
8,凶変伊邪那美,8,80,通常育成モデルの参考値,耐久力,40,,,同条件の軍神単体実測なし
8,凶変伊邪那美,8,80,通常育成モデルの参考値,器用さ,32,,,同条件の軍神単体実測なし
8,凶変伊邪那美,8,80,通常育成モデルの参考値,知力,40,,,同条件の軍神単体実測なし
8,凶変伊邪那美,8,80,通常育成モデルの参考値,魅力,34,,,同条件の軍神単体実測なし
8,凶変伊邪那美,8,80,通常育成モデルの参考値,土属性,34,,,同条件の軍神単体実測なし
8,凶変伊邪那美,8,80,通常育成モデルの参考値,水属性,34,,,同条件の軍神単体実測なし
8,凶変伊邪那美,8,80,通常育成モデルの参考値,火属性,20,,,同条件の軍神単体実測なし
8,凶変伊邪那美,8,80,通常育成モデルの参考値,風属性,32,,,同条件の軍神単体実測なし
9,国之常立,8,80,通常育成モデルの参考値,生命力,960,,,同条件の軍神単体実測なし
9,国之常立,8,80,通常育成モデルの参考値,気合,480,,,同条件の軍神単体実測なし
9,国之常立,8,80,通常育成モデルの参考値,腕力,40,,,同条件の軍神単体実測なし
9,国之常立,8,80,通常育成モデルの参考値,耐久力,38,,,同条件の軍神単体実測なし
9,国之常立,8,80,通常育成モデルの参考値,器用さ,26,,,同条件の軍神単体実測なし
9,国之常立,8,80,通常育成モデルの参考値,知力,36,,,同条件の軍神単体実測なし
9,国之常立,8,80,通常育成モデルの参考値,魅力,36,,,同条件の軍神単体実測なし
9,国之常立,8,80,通常育成モデルの参考値,土属性,38,,,同条件の軍神単体実測なし
9,国之常立,8,80,通常育成モデルの参考値,水属性,32,,,同条件の軍神単体実測なし
9,国之常立,8,80,通常育成モデルの参考値,火属性,28,,,同条件の軍神単体実測なし
9,国之常立,8,80,通常育成モデルの参考値,風属性,28,,,同条件の軍神単体実測なし
10,大国主,8,80,通常育成モデルの参考値,生命力,960,,,同条件の軍神単体実測なし
10,大国主,8,80,通常育成モデルの参考値,気合,480,,,同条件の軍神単体実測なし
10,大国主,8,80,通常育成モデルの参考値,腕力,39,,,同条件の軍神単体実測なし
10,大国主,8,80,通常育成モデルの参考値,耐久力,32,,,同条件の軍神単体実測なし
10,大国主,8,80,通常育成モデルの参考値,器用さ,32,,,同条件の軍神単体実測なし
10,大国主,8,80,通常育成モデルの参考値,知力,40,,,同条件の軍神単体実測なし
10,大国主,8,80,通常育成モデルの参考値,魅力,40,,,同条件の軍神単体実測なし
10,大国主,8,80,通常育成モデルの参考値,土属性,34,,,同条件の軍神単体実測なし
10,大国主,8,80,通常育成モデルの参考値,水属性,31,,,同条件の軍神単体実測なし
10,大国主,8,80,通常育成モデルの参考値,火属性,31,,,同条件の軍神単体実測なし
10,大国主,8,80,通常育成モデルの参考値,風属性,32,,,同条件の軍神単体実測なし
11,大志抱きし者,8,80,配布済みLv80・通常育成モデル対象外,生命力,832,,,同条件の軍神単体実測なし
11,大志抱きし者,8,80,配布済みLv80・通常育成モデル対象外,気合,376,,,同条件の軍神単体実測なし
11,大志抱きし者,8,80,配布済みLv80・通常育成モデル対象外,腕力,22,,,同条件の軍神単体実測なし
11,大志抱きし者,8,80,配布済みLv80・通常育成モデル対象外,耐久力,20,,,同条件の軍神単体実測なし
11,大志抱きし者,8,80,配布済みLv80・通常育成モデル対象外,器用さ,20,,,同条件の軍神単体実測なし
11,大志抱きし者,8,80,配布済みLv80・通常育成モデル対象外,知力,22,,,同条件の軍神単体実測なし
11,大志抱きし者,8,80,配布済みLv80・通常育成モデル対象外,魅力,24,,,同条件の軍神単体実測なし
11,大志抱きし者,8,80,配布済みLv80・通常育成モデル対象外,土属性,17,,,同条件の軍神単体実測なし
11,大志抱きし者,8,80,配布済みLv80・通常育成モデル対象外,水属性,17,,,同条件の軍神単体実測なし
11,大志抱きし者,8,80,配布済みLv80・通常育成モデル対象外,火属性,17,,,同条件の軍神単体実測なし
11,大志抱きし者,8,80,配布済みLv80・通常育成モデル対象外,風属性,17,,,同条件の軍神単体実測なし
12,天之御中主,8,80,通常育成モデルの参考値,生命力,960,,,同条件の軍神単体実測なし
12,天之御中主,8,80,通常育成モデルの参考値,気合,480,,,同条件の軍神単体実測なし
12,天之御中主,8,80,通常育成モデルの参考値,腕力,34,,,同条件の軍神単体実測なし
12,天之御中主,8,80,通常育成モデルの参考値,耐久力,34,,,同条件の軍神単体実測なし
12,天之御中主,8,80,通常育成モデルの参考値,器用さ,36,,,同条件の軍神単体実測なし
12,天之御中主,8,80,通常育成モデルの参考値,知力,40,,,同条件の軍神単体実測なし
12,天之御中主,8,80,通常育成モデルの参考値,魅力,34,,,同条件の軍神単体実測なし
12,天之御中主,8,80,通常育成モデルの参考値,土属性,38,,,同条件の軍神単体実測なし
12,天之御中主,8,80,通常育成モデルの参考値,水属性,36,,,同条件の軍神単体実測なし
12,天之御中主,8,80,通常育成モデルの参考値,火属性,38,,,同条件の軍神単体実測なし
12,天之御中主,8,80,通常育成モデルの参考値,風属性,36,,,同条件の軍神単体実測なし
13,天津甕星,8,80,通常育成モデルの参考値,生命力,960,,,同条件の軍神単体実測なし
13,天津甕星,8,80,通常育成モデルの参考値,気合,480,,,同条件の軍神単体実測なし
13,天津甕星,8,80,通常育成モデルの参考値,腕力,40,,,同条件の軍神単体実測なし
13,天津甕星,8,80,通常育成モデルの参考値,耐久力,40,,,同条件の軍神単体実測なし
13,天津甕星,8,80,通常育成モデルの参考値,器用さ,28,,,同条件の軍神単体実測なし
13,天津甕星,8,80,通常育成モデルの参考値,知力,40,,,同条件の軍神単体実測なし
13,天津甕星,8,80,通常育成モデルの参考値,魅力,40,,,同条件の軍神単体実測なし
13,天津甕星,8,80,通常育成モデルの参考値,土属性,30,,,同条件の軍神単体実測なし
13,天津甕星,8,80,通常育成モデルの参考値,水属性,30,,,同条件の軍神単体実測なし
13,天津甕星,8,80,通常育成モデルの参考値,火属性,30,,,同条件の軍神単体実測なし
13,天津甕星,8,80,通常育成モデルの参考値,風属性,30,,,同条件の軍神単体実測なし
14,媽祖,8,80,通常育成モデルの参考値,生命力,960,,,同条件の軍神単体実測なし
14,媽祖,8,80,通常育成モデルの参考値,気合,480,,,同条件の軍神単体実測なし
14,媽祖,8,80,通常育成モデルの参考値,腕力,40,,,同条件の軍神単体実測なし
14,媽祖,8,80,通常育成モデルの参考値,耐久力,40,,,同条件の軍神単体実測なし
14,媽祖,8,80,通常育成モデルの参考値,器用さ,34,,,同条件の軍神単体実測なし
14,媽祖,8,80,通常育成モデルの参考値,知力,40,,,同条件の軍神単体実測なし
14,媽祖,8,80,通常育成モデルの参考値,魅力,40,,,同条件の軍神単体実測なし
14,媽祖,8,80,通常育成モデルの参考値,土属性,28,,,同条件の軍神単体実測なし
14,媽祖,8,80,通常育成モデルの参考値,水属性,40,,,同条件の軍神単体実測なし
14,媽祖,8,80,通常育成モデルの参考値,火属性,28,,,同条件の軍神単体実測なし
14,媽祖,8,80,通常育成モデルの参考値,風属性,36,,,同条件の軍神単体実測なし
15,川中島の龍虎,8,80,配布済みLv80・通常育成モデル対象外,生命力,832,,,同条件の軍神単体実測なし
15,川中島の龍虎,8,80,配布済みLv80・通常育成モデル対象外,気合,376,,,同条件の軍神単体実測なし
15,川中島の龍虎,8,80,配布済みLv80・通常育成モデル対象外,腕力,22,,,同条件の軍神単体実測なし
15,川中島の龍虎,8,80,配布済みLv80・通常育成モデル対象外,耐久力,22,,,同条件の軍神単体実測なし
15,川中島の龍虎,8,80,配布済みLv80・通常育成モデル対象外,器用さ,22,,,同条件の軍神単体実測なし
15,川中島の龍虎,8,80,配布済みLv80・通常育成モデル対象外,知力,22,,,同条件の軍神単体実測なし
15,川中島の龍虎,8,80,配布済みLv80・通常育成モデル対象外,魅力,22,,,同条件の軍神単体実測なし
15,川中島の龍虎,8,80,配布済みLv80・通常育成モデル対象外,土属性,17,,,同条件の軍神単体実測なし
15,川中島の龍虎,8,80,配布済みLv80・通常育成モデル対象外,水属性,17,,,同条件の軍神単体実測なし
15,川中島の龍虎,8,80,配布済みLv80・通常育成モデル対象外,火属性,17,,,同条件の軍神単体実測なし
15,川中島の龍虎,8,80,配布済みLv80・通常育成モデル対象外,風属性,17,,,同条件の軍神単体実測なし
16,怨嗟伊邪那岐,8,80,通常育成モデルの参考値,生命力,960,,,同条件の軍神単体実測なし
16,怨嗟伊邪那岐,8,80,通常育成モデルの参考値,気合,480,,,同条件の軍神単体実測なし
16,怨嗟伊邪那岐,8,80,通常育成モデルの参考値,腕力,40,,,同条件の軍神単体実測なし
16,怨嗟伊邪那岐,8,80,通常育成モデルの参考値,耐久力,28,,,同条件の軍神単体実測なし
16,怨嗟伊邪那岐,8,80,通常育成モデルの参考値,器用さ,32,,,同条件の軍神単体実測なし
16,怨嗟伊邪那岐,8,80,通常育成モデルの参考値,知力,40,,,同条件の軍神単体実測なし
16,怨嗟伊邪那岐,8,80,通常育成モデルの参考値,魅力,34,,,同条件の軍神単体実測なし
16,怨嗟伊邪那岐,8,80,通常育成モデルの参考値,土属性,30,,,同条件の軍神単体実測なし
16,怨嗟伊邪那岐,8,80,通常育成モデルの参考値,水属性,30,,,同条件の軍神単体実測なし
16,怨嗟伊邪那岐,8,80,通常育成モデルの参考値,火属性,30,,,同条件の軍神単体実測なし
16,怨嗟伊邪那岐,8,80,通常育成モデルの参考値,風属性,30,,,同条件の軍神単体実測なし
17,時を喰らう神,8,80,通常育成モデルの参考値,生命力,960,,,同条件の軍神単体実測なし
17,時を喰らう神,8,80,通常育成モデルの参考値,気合,480,,,同条件の軍神単体実測なし
17,時を喰らう神,8,80,通常育成モデルの参考値,腕力,40,,,同条件の軍神単体実測なし
17,時を喰らう神,8,80,通常育成モデルの参考値,耐久力,30,,,同条件の軍神単体実測なし
17,時を喰らう神,8,80,通常育成モデルの参考値,器用さ,34,,,同条件の軍神単体実測なし
17,時を喰らう神,8,80,通常育成モデルの参考値,知力,30,,,同条件の軍神単体実測なし
17,時を喰らう神,8,80,通常育成モデルの参考値,魅力,40,,,同条件の軍神単体実測なし
17,時を喰らう神,8,80,通常育成モデルの参考値,土属性,22,,,同条件の軍神単体実測なし
17,時を喰らう神,8,80,通常育成モデルの参考値,水属性,34,,,同条件の軍神単体実測なし
17,時を喰らう神,8,80,通常育成モデルの参考値,火属性,22,,,同条件の軍神単体実測なし
17,時を喰らう神,8,80,通常育成モデルの参考値,風属性,34,,,同条件の軍神単体実測なし
18,月読,8,80,通常育成モデルの参考値,生命力,960,,,同条件の軍神単体実測なし
18,月読,8,80,通常育成モデルの参考値,気合,480,,,同条件の軍神単体実測なし
18,月読,8,80,通常育成モデルの参考値,腕力,34,,,同条件の軍神単体実測なし
18,月読,8,80,通常育成モデルの参考値,耐久力,30,,,同条件の軍神単体実測なし
18,月読,8,80,通常育成モデルの参考値,器用さ,32,,,同条件の軍神単体実測なし
18,月読,8,80,通常育成モデルの参考値,知力,40,,,同条件の軍神単体実測なし
18,月読,8,80,通常育成モデルの参考値,魅力,40,,,同条件の軍神単体実測なし
18,月読,8,80,通常育成モデルの参考値,土属性,30,,,同条件の軍神単体実測なし
18,月読,8,80,通常育成モデルの参考値,水属性,30,,,同条件の軍神単体実測なし
18,月読,8,80,通常育成モデルの参考値,火属性,24,,,同条件の軍神単体実測なし
18,月読,8,80,通常育成モデルの参考値,風属性,32,,,同条件の軍神単体実測なし
19,泰平祈る女神,8,80,配布済みLv80・通常育成モデル対象外,生命力,832,832,0,固定Lv80実測と一致・通常育成の検証とは別
19,泰平祈る女神,8,80,配布済みLv80・通常育成モデル対象外,気合,376,376,0,固定Lv80実測と一致・通常育成の検証とは別
19,泰平祈る女神,8,80,配布済みLv80・通常育成モデル対象外,腕力,20,20,0,固定Lv80実測と一致・通常育成の検証とは別
19,泰平祈る女神,8,80,配布済みLv80・通常育成モデル対象外,耐久力,24,24,0,固定Lv80実測と一致・通常育成の検証とは別
19,泰平祈る女神,8,80,配布済みLv80・通常育成モデル対象外,器用さ,20,20,0,固定Lv80実測と一致・通常育成の検証とは別
19,泰平祈る女神,8,80,配布済みLv80・通常育成モデル対象外,知力,20,20,0,固定Lv80実測と一致・通常育成の検証とは別
19,泰平祈る女神,8,80,配布済みLv80・通常育成モデル対象外,魅力,25,25,0,固定Lv80実測と一致・通常育成の検証とは別
19,泰平祈る女神,8,80,配布済みLv80・通常育成モデル対象外,土属性,17,17,0,固定Lv80実測と一致・通常育成の検証とは別
19,泰平祈る女神,8,80,配布済みLv80・通常育成モデル対象外,水属性,17,17,0,固定Lv80実測と一致・通常育成の検証とは別
19,泰平祈る女神,8,80,配布済みLv80・通常育成モデル対象外,火属性,17,17,0,固定Lv80実測と一致・通常育成の検証とは別
19,泰平祈る女神,8,80,配布済みLv80・通常育成モデル対象外,風属性,17,17,0,固定Lv80実測と一致・通常育成の検証とは別
20,玉藻の前,8,80,通常育成モデルの参考値,生命力,960,960,0,育成条件不一致・直接比較不可
20,玉藻の前,8,80,通常育成モデルの参考値,気合,480,480,0,育成条件不一致・直接比較不可
20,玉藻の前,8,80,通常育成モデルの参考値,腕力,40,39,1,育成条件不一致・直接比較不可
20,玉藻の前,8,80,通常育成モデルの参考値,耐久力,40,46,-6,育成条件不一致・直接比較不可
20,玉藻の前,8,80,通常育成モデルの参考値,器用さ,34,39,-5,育成条件不一致・直接比較不可
20,玉藻の前,8,80,通常育成モデルの参考値,知力,40,42,-2,育成条件不一致・直接比較不可
20,玉藻の前,8,80,通常育成モデルの参考値,魅力,40,42,-2,育成条件不一致・直接比較不可
20,玉藻の前,8,80,通常育成モデルの参考値,土属性,34,35,-1,育成条件不一致・直接比較不可
20,玉藻の前,8,80,通常育成モデルの参考値,水属性,34,36,-2,育成条件不一致・直接比較不可
20,玉藻の前,8,80,通常育成モデルの参考値,火属性,34,36,-2,育成条件不一致・直接比較不可
20,玉藻の前,8,80,通常育成モデルの参考値,風属性,34,39,-5,育成条件不一致・直接比較不可
21,神産巣日,8,80,通常育成モデルの参考値,生命力,960,,,同条件の軍神単体実測なし
21,神産巣日,8,80,通常育成モデルの参考値,気合,480,,,同条件の軍神単体実測なし
21,神産巣日,8,80,通常育成モデルの参考値,腕力,34,,,同条件の軍神単体実測なし
21,神産巣日,8,80,通常育成モデルの参考値,耐久力,28,,,同条件の軍神単体実測なし
21,神産巣日,8,80,通常育成モデルの参考値,器用さ,28,,,同条件の軍神単体実測なし
21,神産巣日,8,80,通常育成モデルの参考値,知力,40,,,同条件の軍神単体実測なし
21,神産巣日,8,80,通常育成モデルの参考値,魅力,38,,,同条件の軍神単体実測なし
21,神産巣日,8,80,通常育成モデルの参考値,土属性,36,,,同条件の軍神単体実測なし
21,神産巣日,8,80,通常育成モデルの参考値,水属性,32,,,同条件の軍神単体実測なし
21,神産巣日,8,80,通常育成モデルの参考値,火属性,34,,,同条件の軍神単体実測なし
21,神産巣日,8,80,通常育成モデルの参考値,風属性,34,,,同条件の軍神単体実測なし
22,第六天魔王,8,80,通常育成モデルの参考値,生命力,960,,,同条件の軍神単体実測なし
22,第六天魔王,8,80,通常育成モデルの参考値,気合,480,,,同条件の軍神単体実測なし
22,第六天魔王,8,80,通常育成モデルの参考値,腕力,40,,,同条件の軍神単体実測なし
22,第六天魔王,8,80,通常育成モデルの参考値,耐久力,28,,,同条件の軍神単体実測なし
22,第六天魔王,8,80,通常育成モデルの参考値,器用さ,26,,,同条件の軍神単体実測なし
22,第六天魔王,8,80,通常育成モデルの参考値,知力,40,,,同条件の軍神単体実測なし
22,第六天魔王,8,80,通常育成モデルの参考値,魅力,38,,,同条件の軍神単体実測なし
22,第六天魔王,8,80,通常育成モデルの参考値,土属性,22,,,同条件の軍神単体実測なし
22,第六天魔王,8,80,通常育成モデルの参考値,水属性,22,,,同条件の軍神単体実測なし
22,第六天魔王,8,80,通常育成モデルの参考値,火属性,22,,,同条件の軍神単体実測なし
22,第六天魔王,8,80,通常育成モデルの参考値,風属性,22,,,同条件の軍神単体実測なし
23,素戔嗚,8,80,通常育成モデルの参考値,生命力,960,,,同条件の軍神単体実測なし
23,素戔嗚,8,80,通常育成モデルの参考値,気合,480,,,同条件の軍神単体実測なし
23,素戔嗚,8,80,通常育成モデルの参考値,腕力,40,,,同条件の軍神単体実測なし
23,素戔嗚,8,80,通常育成モデルの参考値,耐久力,40,,,同条件の軍神単体実測なし
23,素戔嗚,8,80,通常育成モデルの参考値,器用さ,20,,,同条件の軍神単体実測なし
23,素戔嗚,8,80,通常育成モデルの参考値,知力,40,,,同条件の軍神単体実測なし
23,素戔嗚,8,80,通常育成モデルの参考値,魅力,40,,,同条件の軍神単体実測なし
23,素戔嗚,8,80,通常育成モデルの参考値,土属性,40,,,同条件の軍神単体実測なし
23,素戔嗚,8,80,通常育成モデルの参考値,水属性,40,,,同条件の軍神単体実測なし
23,素戔嗚,8,80,通常育成モデルの参考値,火属性,28,,,同条件の軍神単体実測なし
23,素戔嗚,8,80,通常育成モデルの参考値,風属性,28,,,同条件の軍神単体実測なし
24,高御産巣日,8,80,通常育成モデルの参考値,生命力,960,,,同条件の軍神単体実測なし
24,高御産巣日,8,80,通常育成モデルの参考値,気合,480,,,同条件の軍神単体実測なし
24,高御産巣日,8,80,通常育成モデルの参考値,腕力,34,,,同条件の軍神単体実測なし
24,高御産巣日,8,80,通常育成モデルの参考値,耐久力,28,,,同条件の軍神単体実測なし
24,高御産巣日,8,80,通常育成モデルの参考値,器用さ,32,,,同条件の軍神単体実測なし
24,高御産巣日,8,80,通常育成モデルの参考値,知力,34,,,同条件の軍神単体実測なし
24,高御産巣日,8,80,通常育成モデルの参考値,魅力,40,,,同条件の軍神単体実測なし
24,高御産巣日,8,80,通常育成モデルの参考値,土属性,32,,,同条件の軍神単体実測なし
24,高御産巣日,8,80,通常育成モデルの参考値,水属性,36,,,同条件の軍神単体実測なし
24,高御産巣日,8,80,通常育成モデルの参考値,火属性,34,,,同条件の軍神単体実測なし
24,高御産巣日,8,80,通常育成モデルの参考値,風属性,34,,,同条件の軍神単体実測なし
25,不動明王,7,80,通常育成モデルの参考値,生命力,831,,,同条件の軍神単体実測なし
25,不動明王,7,80,通常育成モデルの参考値,気合,415,,,同条件の軍神単体実測なし
25,不動明王,7,80,通常育成モデルの参考値,腕力,33,,,同条件の軍神単体実測なし
25,不動明王,7,80,通常育成モデルの参考値,耐久力,33,,,同条件の軍神単体実測なし
25,不動明王,7,80,通常育成モデルの参考値,器用さ,21,,,同条件の軍神単体実測なし
25,不動明王,7,80,通常育成モデルの参考値,知力,28,,,同条件の軍神単体実測なし
25,不動明王,7,80,通常育成モデルの参考値,魅力,34,,,同条件の軍神単体実測なし
25,不動明王,7,80,通常育成モデルの参考値,土属性,24,,,同条件の軍神単体実測なし
25,不動明王,7,80,通常育成モデルの参考値,水属性,19,,,同条件の軍神単体実測なし
25,不動明王,7,80,通常育成モデルの参考値,火属性,26,,,同条件の軍神単体実測なし
25,不動明王,7,80,通常育成モデルの参考値,風属性,19,,,同条件の軍神単体実測なし
26,八幡,7,80,通常育成モデルの参考値,生命力,831,,,同条件の軍神単体実測なし
26,八幡,7,80,通常育成モデルの参考値,気合,415,,,同条件の軍神単体実測なし
26,八幡,7,80,通常育成モデルの参考値,腕力,34,,,同条件の軍神単体実測なし
26,八幡,7,80,通常育成モデルの参考値,耐久力,31,,,同条件の軍神単体実測なし
26,八幡,7,80,通常育成モデルの参考値,器用さ,22,,,同条件の軍神単体実測なし
26,八幡,7,80,通常育成モデルの参考値,知力,24,,,同条件の軍神単体実測なし
26,八幡,7,80,通常育成モデルの参考値,魅力,34,,,同条件の軍神単体実測なし
26,八幡,7,80,通常育成モデルの参考値,土属性,22,,,同条件の軍神単体実測なし
26,八幡,7,80,通常育成モデルの参考値,水属性,19,,,同条件の軍神単体実測なし
26,八幡,7,80,通常育成モデルの参考値,火属性,21,,,同条件の軍神単体実測なし
26,八幡,7,80,通常育成モデルの参考値,風属性,19,,,同条件の軍神単体実測なし
27,四神,7,80,通常育成モデルの参考値,生命力,831,,,同条件の軍神単体実測なし
27,四神,7,80,通常育成モデルの参考値,気合,415,,,同条件の軍神単体実測なし
27,四神,7,80,通常育成モデルの参考値,腕力,33,,,同条件の軍神単体実測なし
27,四神,7,80,通常育成モデルの参考値,耐久力,22,,,同条件の軍神単体実測なし
27,四神,7,80,通常育成モデルの参考値,器用さ,22,,,同条件の軍神単体実測なし
27,四神,7,80,通常育成モデルの参考値,知力,30,,,同条件の軍神単体実測なし
27,四神,7,80,通常育成モデルの参考値,魅力,28,,,同条件の軍神単体実測なし
27,四神,7,80,通常育成モデルの参考値,土属性,34,,,同条件の軍神単体実測なし
27,四神,7,80,通常育成モデルの参考値,水属性,34,,,同条件の軍神単体実測なし
27,四神,7,80,通常育成モデルの参考値,火属性,34,,,同条件の軍神単体実測なし
27,四神,7,80,通常育成モデルの参考値,風属性,34,,,同条件の軍神単体実測なし
28,大物主,7,80,通常育成モデルの参考値,生命力,831,,,同条件の軍神単体実測なし
28,大物主,7,80,通常育成モデルの参考値,気合,415,,,同条件の軍神単体実測なし
28,大物主,7,80,通常育成モデルの参考値,腕力,30,,,同条件の軍神単体実測なし
28,大物主,7,80,通常育成モデルの参考値,耐久力,28,,,同条件の軍神単体実測なし
28,大物主,7,80,通常育成モデルの参考値,器用さ,21,,,同条件の軍神単体実測なし
28,大物主,7,80,通常育成モデルの参考値,知力,34,,,同条件の軍神単体実測なし
28,大物主,7,80,通常育成モデルの参考値,魅力,30,,,同条件の軍神単体実測なし
28,大物主,7,80,通常育成モデルの参考値,土属性,31,,,同条件の軍神単体実測なし
28,大物主,7,80,通常育成モデルの参考値,水属性,31,,,同条件の軍神単体実測なし
28,大物主,7,80,通常育成モデルの参考値,火属性,31,,,同条件の軍神単体実測なし
28,大物主,7,80,通常育成モデルの参考値,風属性,31,,,同条件の軍神単体実測なし
29,天之尾羽張神,7,80,通常育成モデルの参考値,生命力,831,,,同条件の軍神単体実測なし
29,天之尾羽張神,7,80,通常育成モデルの参考値,気合,415,,,同条件の軍神単体実測なし
29,天之尾羽張神,7,80,通常育成モデルの参考値,腕力,33,,,同条件の軍神単体実測なし
29,天之尾羽張神,7,80,通常育成モデルの参考値,耐久力,24,,,同条件の軍神単体実測なし
29,天之尾羽張神,7,80,通常育成モデルの参考値,器用さ,28,,,同条件の軍神単体実測なし
29,天之尾羽張神,7,80,通常育成モデルの参考値,知力,31,,,同条件の軍神単体実測なし
29,天之尾羽張神,7,80,通常育成モデルの参考値,魅力,34,,,同条件の軍神単体実測なし
29,天之尾羽張神,7,80,通常育成モデルの参考値,土属性,21,,,同条件の軍神単体実測なし
29,天之尾羽張神,7,80,通常育成モデルの参考値,水属性,21,,,同条件の軍神単体実測なし
29,天之尾羽張神,7,80,通常育成モデルの参考値,火属性,22,,,同条件の軍神単体実測なし
29,天之尾羽張神,7,80,通常育成モデルの参考値,風属性,21,,,同条件の軍神単体実測なし
30,建御名方,7,80,通常育成モデルの参考値,生命力,831,,,同条件の軍神単体実測なし
30,建御名方,7,80,通常育成モデルの参考値,気合,415,,,同条件の軍神単体実測なし
30,建御名方,7,80,通常育成モデルの参考値,腕力,34,,,同条件の軍神単体実測なし
30,建御名方,7,80,通常育成モデルの参考値,耐久力,26,,,同条件の軍神単体実測なし
30,建御名方,7,80,通常育成モデルの参考値,器用さ,24,,,同条件の軍神単体実測なし
30,建御名方,7,80,通常育成モデルの参考値,知力,31,,,同条件の軍神単体実測なし
30,建御名方,7,80,通常育成モデルの参考値,魅力,28,,,同条件の軍神単体実測なし
30,建御名方,7,80,通常育成モデルの参考値,土属性,24,,,同条件の軍神単体実測なし
30,建御名方,7,80,通常育成モデルの参考値,水属性,31,,,同条件の軍神単体実測なし
30,建御名方,7,80,通常育成モデルの参考値,火属性,16,,,同条件の軍神単体実測なし
30,建御名方,7,80,通常育成モデルの参考値,風属性,17,,,同条件の軍神単体実測なし
31,建御雷,7,80,通常育成モデルの参考値,生命力,831,,,同条件の軍神単体実測なし
31,建御雷,7,80,通常育成モデルの参考値,気合,415,,,同条件の軍神単体実測なし
31,建御雷,7,80,通常育成モデルの参考値,腕力,34,,,同条件の軍神単体実測なし
31,建御雷,7,80,通常育成モデルの参考値,耐久力,28,,,同条件の軍神単体実測なし
31,建御雷,7,80,通常育成モデルの参考値,器用さ,24,,,同条件の軍神単体実測なし
31,建御雷,7,80,通常育成モデルの参考値,知力,31,,,同条件の軍神単体実測なし
31,建御雷,7,80,通常育成モデルの参考値,魅力,26,,,同条件の軍神単体実測なし
31,建御雷,7,80,通常育成モデルの参考値,土属性,33,,,同条件の軍神単体実測なし
31,建御雷,7,80,通常育成モデルの参考値,水属性,16,,,同条件の軍神単体実測なし
31,建御雷,7,80,通常育成モデルの参考値,火属性,17,,,同条件の軍神単体実測なし
31,建御雷,7,80,通常育成モデルの参考値,風属性,24,,,同条件の軍神単体実測なし
32,思兼,7,80,通常育成モデルの参考値,生命力,831,,,同条件の軍神単体実測なし
32,思兼,7,80,通常育成モデルの参考値,気合,415,,,同条件の軍神単体実測なし
32,思兼,7,80,通常育成モデルの参考値,腕力,23,,,同条件の軍神単体実測なし
32,思兼,7,80,通常育成モデルの参考値,耐久力,22,,,同条件の軍神単体実測なし
32,思兼,7,80,通常育成モデルの参考値,器用さ,26,,,同条件の軍神単体実測なし
32,思兼,7,80,通常育成モデルの参考値,知力,34,,,同条件の軍神単体実測なし
32,思兼,7,80,通常育成モデルの参考値,魅力,30,,,同条件の軍神単体実測なし
32,思兼,7,80,通常育成モデルの参考値,土属性,21,,,同条件の軍神単体実測なし
32,思兼,7,80,通常育成モデルの参考値,水属性,21,,,同条件の軍神単体実測なし
32,思兼,7,80,通常育成モデルの参考値,火属性,22,,,同条件の軍神単体実測なし
32,思兼,7,80,通常育成モデルの参考値,風属性,26,,,同条件の軍神単体実測なし
33,日本武,7,80,通常育成モデルの参考値,生命力,831,,,同条件の軍神単体実測なし
33,日本武,7,80,通常育成モデルの参考値,気合,415,,,同条件の軍神単体実測なし
33,日本武,7,80,通常育成モデルの参考値,腕力,34,,,同条件の軍神単体実測なし
33,日本武,7,80,通常育成モデルの参考値,耐久力,30,,,同条件の軍神単体実測なし
33,日本武,7,80,通常育成モデルの参考値,器用さ,27,,,同条件の軍神単体実測なし
33,日本武,7,80,通常育成モデルの参考値,知力,27,,,同条件の軍神単体実測なし
33,日本武,7,80,通常育成モデルの参考値,魅力,30,,,同条件の軍神単体実測なし
33,日本武,7,80,通常育成モデルの参考値,土属性,27,,,同条件の軍神単体実測なし
33,日本武,7,80,通常育成モデルの参考値,水属性,20,,,同条件の軍神単体実測なし
33,日本武,7,80,通常育成モデルの参考値,火属性,26,,,同条件の軍神単体実測なし
33,日本武,7,80,通常育成モデルの参考値,風属性,19,,,同条件の軍神単体実測なし
34,毘沙門天,7,80,通常育成モデルの参考値,生命力,831,,,同条件の軍神単体実測なし
34,毘沙門天,7,80,通常育成モデルの参考値,気合,415,,,同条件の軍神単体実測なし
34,毘沙門天,7,80,通常育成モデルの参考値,腕力,34,,,同条件の軍神単体実測なし
34,毘沙門天,7,80,通常育成モデルの参考値,耐久力,21,,,同条件の軍神単体実測なし
34,毘沙門天,7,80,通常育成モデルの参考値,器用さ,33,,,同条件の軍神単体実測なし
34,毘沙門天,7,80,通常育成モデルの参考値,知力,28,,,同条件の軍神単体実測なし
34,毘沙門天,7,80,通常育成モデルの参考値,魅力,33,,,同条件の軍神単体実測なし
34,毘沙門天,7,80,通常育成モデルの参考値,土属性,19,,,同条件の軍神単体実測なし
34,毘沙門天,7,80,通常育成モデルの参考値,水属性,24,,,同条件の軍神単体実測なし
34,毘沙門天,7,80,通常育成モデルの参考値,火属性,19,,,同条件の軍神単体実測なし
34,毘沙門天,7,80,通常育成モデルの参考値,風属性,26,,,同条件の軍神単体実測なし
35,綿津見三神,7,80,通常育成モデルの参考値,生命力,831,,,同条件の軍神単体実測なし
35,綿津見三神,7,80,通常育成モデルの参考値,気合,415,,,同条件の軍神単体実測なし
35,綿津見三神,7,80,通常育成モデルの参考値,腕力,33,,,同条件の軍神単体実測なし
35,綿津見三神,7,80,通常育成モデルの参考値,耐久力,28,,,同条件の軍神単体実測なし
35,綿津見三神,7,80,通常育成モデルの参考値,器用さ,28,,,同条件の軍神単体実測なし
35,綿津見三神,7,80,通常育成モデルの参考値,知力,31,,,同条件の軍神単体実測なし
35,綿津見三神,7,80,通常育成モデルの参考値,魅力,31,,,同条件の軍神単体実測なし
35,綿津見三神,7,80,通常育成モデルの参考値,土属性,26,,,同条件の軍神単体実測なし
35,綿津見三神,7,80,通常育成モデルの参考値,水属性,33,,,同条件の軍神単体実測なし
35,綿津見三神,7,80,通常育成モデルの参考値,火属性,17,,,同条件の軍神単体実測なし
35,綿津見三神,7,80,通常育成モデルの参考値,風属性,26,,,同条件の軍神単体実測なし
36,迦具土,7,80,通常育成モデルの参考値,生命力,831,,,同条件の軍神単体実測なし
36,迦具土,7,80,通常育成モデルの参考値,気合,415,,,同条件の軍神単体実測なし
36,迦具土,7,80,通常育成モデルの参考値,腕力,34,,,同条件の軍神単体実測なし
36,迦具土,7,80,通常育成モデルの参考値,耐久力,29,,,同条件の軍神単体実測なし
36,迦具土,7,80,通常育成モデルの参考値,器用さ,19,,,同条件の軍神単体実測なし
36,迦具土,7,80,通常育成モデルの参考値,知力,21,,,同条件の軍神単体実測なし
36,迦具土,7,80,通常育成モデルの参考値,魅力,26,,,同条件の軍神単体実測なし
36,迦具土,7,80,通常育成モデルの参考値,土属性,16,,,同条件の軍神単体実測なし
36,迦具土,7,80,通常育成モデルの参考値,水属性,21,,,同条件の軍神単体実測なし
36,迦具土,7,80,通常育成モデルの参考値,火属性,33,,,同条件の軍神単体実測なし
36,迦具土,7,80,通常育成モデルの参考値,風属性,17,,,同条件の軍神単体実測なし
37,酒呑童子,7,80,通常育成モデルの参考値,生命力,831,,,同条件の軍神単体実測なし
37,酒呑童子,7,80,通常育成モデルの参考値,気合,415,,,同条件の軍神単体実測なし
37,酒呑童子,7,80,通常育成モデルの参考値,腕力,34,,,同条件の軍神単体実測なし
37,酒呑童子,7,80,通常育成モデルの参考値,耐久力,29,,,同条件の軍神単体実測なし
37,酒呑童子,7,80,通常育成モデルの参考値,器用さ,21,,,同条件の軍神単体実測なし
37,酒呑童子,7,80,通常育成モデルの参考値,知力,28,,,同条件の軍神単体実測なし
37,酒呑童子,7,80,通常育成モデルの参考値,魅力,30,,,同条件の軍神単体実測なし
37,酒呑童子,7,80,通常育成モデルの参考値,土属性,19,,,同条件の軍神単体実測なし
37,酒呑童子,7,80,通常育成モデルの参考値,水属性,17,,,同条件の軍神単体実測なし
37,酒呑童子,7,80,通常育成モデルの参考値,火属性,17,,,同条件の軍神単体実測なし
37,酒呑童子,7,80,通常育成モデルの参考値,風属性,17,,,同条件の軍神単体実測なし
38,阿修羅,7,80,通常育成モデルの参考値,生命力,831,,,同条件の軍神単体実測なし
38,阿修羅,7,80,通常育成モデルの参考値,気合,415,,,同条件の軍神単体実測なし
38,阿修羅,7,80,通常育成モデルの参考値,腕力,34,,,同条件の軍神単体実測なし
38,阿修羅,7,80,通常育成モデルの参考値,耐久力,33,,,同条件の軍神単体実測なし
38,阿修羅,7,80,通常育成モデルの参考値,器用さ,17,,,同条件の軍神単体実測なし
38,阿修羅,7,80,通常育成モデルの参考値,知力,31,,,同条件の軍神単体実測なし
38,阿修羅,7,80,通常育成モデルの参考値,魅力,33,,,同条件の軍神単体実測なし
38,阿修羅,7,80,通常育成モデルの参考値,土属性,14,,,同条件の軍神単体実測なし
38,阿修羅,7,80,通常育成モデルの参考値,水属性,17,,,同条件の軍神単体実測なし
38,阿修羅,7,80,通常育成モデルの参考値,火属性,17,,,同条件の軍神単体実測なし
38,阿修羅,7,80,通常育成モデルの参考値,風属性,33,,,同条件の軍神単体実測なし
39,アルテミス,6,80,通常育成モデルの参考値,生命力,705,,,同条件の軍神単体実測なし
39,アルテミス,6,80,通常育成モデルの参考値,気合,352,,,同条件の軍神単体実測なし
39,アルテミス,6,80,通常育成モデルの参考値,腕力,29,,,同条件の軍神単体実測なし
39,アルテミス,6,80,通常育成モデルの参考値,耐久力,15,,,同条件の軍神単体実測なし
39,アルテミス,6,80,通常育成モデルの参考値,器用さ,29,,,同条件の軍神単体実測なし
39,アルテミス,6,80,通常育成モデルの参考値,知力,24,,,同条件の軍神単体実測なし
39,アルテミス,6,80,通常育成モデルの参考値,魅力,29,,,同条件の軍神単体実測なし
39,アルテミス,6,80,通常育成モデルの参考値,土属性,12,,,同条件の軍神単体実測なし
39,アルテミス,6,80,通常育成モデルの参考値,水属性,12,,,同条件の軍神単体実測なし
39,アルテミス,6,80,通常育成モデルの参考値,火属性,20,,,同条件の軍神単体実測なし
39,アルテミス,6,80,通常育成モデルの参考値,風属性,29,,,同条件の軍神単体実測なし
40,事代主,6,80,通常育成モデルの参考値,生命力,705,,,同条件の軍神単体実測なし
40,事代主,6,80,通常育成モデルの参考値,気合,352,,,同条件の軍神単体実測なし
40,事代主,6,80,通常育成モデルの参考値,腕力,21,,,同条件の軍神単体実測なし
40,事代主,6,80,通常育成モデルの参考値,耐久力,22,,,同条件の軍神単体実測なし
40,事代主,6,80,通常育成モデルの参考値,器用さ,26,,,同条件の軍神単体実測なし
40,事代主,6,80,通常育成モデルの参考値,知力,19,,,同条件の軍神単体実測なし
40,事代主,6,80,通常育成モデルの参考値,魅力,19,,,同条件の軍神単体実測なし
40,事代主,6,80,通常育成モデルの参考値,土属性,23,,,同条件の軍神単体実測なし
40,事代主,6,80,通常育成モデルの参考値,水属性,25,,,同条件の軍神単体実測なし
40,事代主,6,80,通常育成モデルの参考値,火属性,15,,,同条件の軍神単体実測なし
40,事代主,6,80,通常育成モデルの参考値,風属性,19,,,同条件の軍神単体実測なし
41,八上姫,6,80,通常育成モデルの参考値,生命力,705,,,同条件の軍神単体実測なし
41,八上姫,6,80,通常育成モデルの参考値,気合,352,,,同条件の軍神単体実測なし
41,八上姫,6,80,通常育成モデルの参考値,腕力,24,,,同条件の軍神単体実測なし
41,八上姫,6,80,通常育成モデルの参考値,耐久力,20,,,同条件の軍神単体実測なし
41,八上姫,6,80,通常育成モデルの参考値,器用さ,22,,,同条件の軍神単体実測なし
41,八上姫,6,80,通常育成モデルの参考値,知力,28,,,同条件の軍神単体実測なし
41,八上姫,6,80,通常育成モデルの参考値,魅力,29,,,同条件の軍神単体実測なし
41,八上姫,6,80,通常育成モデルの参考値,土属性,15,,,同条件の軍神単体実測なし
41,八上姫,6,80,通常育成モデルの参考値,水属性,15,,,同条件の軍神単体実測なし
41,八上姫,6,80,通常育成モデルの参考値,火属性,15,,,同条件の軍神単体実測なし
41,八上姫,6,80,通常育成モデルの参考値,風属性,15,,,同条件の軍神単体実測なし
42,大山祇,6,80,通常育成モデルの参考値,生命力,705,,,同条件の軍神単体実測なし
42,大山祇,6,80,通常育成モデルの参考値,気合,352,,,同条件の軍神単体実測なし
42,大山祇,6,80,通常育成モデルの参考値,腕力,28,,,同条件の軍神単体実測なし
42,大山祇,6,80,通常育成モデルの参考値,耐久力,28,,,同条件の軍神単体実測なし
42,大山祇,6,80,通常育成モデルの参考値,器用さ,17,,,同条件の軍神単体実測なし
42,大山祇,6,80,通常育成モデルの参考値,知力,20,,,同条件の軍神単体実測なし
42,大山祇,6,80,通常育成モデルの参考値,魅力,24,,,同条件の軍神単体実測なし
42,大山祇,6,80,通常育成モデルの参考値,土属性,25,,,同条件の軍神単体実測なし
42,大山祇,6,80,通常育成モデルの参考値,水属性,21,,,同条件の軍神単体実測なし
42,大山祇,6,80,通常育成モデルの参考値,火属性,15,,,同条件の軍神単体実測なし
42,大山祇,6,80,通常育成モデルの参考値,風属性,12,,,同条件の軍神単体実測なし
43,摩利支天,6,80,通常育成モデルの参考値,生命力,705,,,同条件の軍神単体実測なし
43,摩利支天,6,80,通常育成モデルの参考値,気合,352,,,同条件の軍神単体実測なし
43,摩利支天,6,80,通常育成モデルの参考値,腕力,25,,,同条件の軍神単体実測なし
43,摩利支天,6,80,通常育成モデルの参考値,耐久力,16,,,同条件の軍神単体実測なし
43,摩利支天,6,80,通常育成モデルの参考値,器用さ,28,,,同条件の軍神単体実測なし
43,摩利支天,6,80,通常育成モデルの参考値,知力,24,,,同条件の軍神単体実測なし
43,摩利支天,6,80,通常育成モデルの参考値,魅力,22,,,同条件の軍神単体実測なし
43,摩利支天,6,80,通常育成モデルの参考値,土属性,17,,,同条件の軍神単体実測なし
43,摩利支天,6,80,通常育成モデルの参考値,水属性,13,,,同条件の軍神単体実測なし
43,摩利支天,6,80,通常育成モデルの参考値,火属性,28,,,同条件の軍神単体実測なし
43,摩利支天,6,80,通常育成モデルの参考値,風属性,16,,,同条件の軍神単体実測なし
44,源義経,6,80,通常育成モデルの参考値,生命力,705,,,同条件の軍神単体実測なし
44,源義経,6,80,通常育成モデルの参考値,気合,352,,,同条件の軍神単体実測なし
44,源義経,6,80,通常育成モデルの参考値,腕力,27,,,同条件の軍神単体実測なし
44,源義経,6,80,通常育成モデルの参考値,耐久力,16,,,同条件の軍神単体実測なし
44,源義経,6,80,通常育成モデルの参考値,器用さ,26,,,同条件の軍神単体実測なし
44,源義経,6,80,通常育成モデルの参考値,知力,24,,,同条件の軍神単体実測なし
44,源義経,6,80,通常育成モデルの参考値,魅力,29,,,同条件の軍神単体実測なし
44,源義経,6,80,通常育成モデルの参考値,土属性,17,,,同条件の軍神単体実測なし
44,源義経,6,80,通常育成モデルの参考値,水属性,17,,,同条件の軍神単体実測なし
44,源義経,6,80,通常育成モデルの参考値,火属性,17,,,同条件の軍神単体実測なし
44,源義経,6,80,通常育成モデルの参考値,風属性,17,,,同条件の軍神単体実測なし
45,猫又,6,80,通常育成モデルの参考値,生命力,705,,,同条件の軍神単体実測なし
45,猫又,6,80,通常育成モデルの参考値,気合,352,,,同条件の軍神単体実測なし
45,猫又,6,80,通常育成モデルの参考値,腕力,29,,,同条件の軍神単体実測なし
45,猫又,6,80,通常育成モデルの参考値,耐久力,20,,,同条件の軍神単体実測なし
45,猫又,6,80,通常育成モデルの参考値,器用さ,29,,,同条件の軍神単体実測なし
45,猫又,6,80,通常育成モデルの参考値,知力,28,,,同条件の軍神単体実測なし
45,猫又,6,80,通常育成モデルの参考値,魅力,29,,,同条件の軍神単体実測なし
45,猫又,6,80,通常育成モデルの参考値,土属性,26,,,同条件の軍神単体実測なし
45,猫又,6,80,通常育成モデルの参考値,水属性,12,,,同条件の軍神単体実測なし
45,猫又,6,80,通常育成モデルの参考値,火属性,15,,,同条件の軍神単体実測なし
45,猫又,6,80,通常育成モデルの参考値,風属性,26,,,同条件の軍神単体実測なし
46,田霧姫,6,80,通常育成モデルの参考値,生命力,705,,,同条件の軍神単体実測なし
46,田霧姫,6,80,通常育成モデルの参考値,気合,352,,,同条件の軍神単体実測なし
46,田霧姫,6,80,通常育成モデルの参考値,腕力,27,,,同条件の軍神単体実測なし
46,田霧姫,6,80,通常育成モデルの参考値,耐久力,22,,,同条件の軍神単体実測なし
46,田霧姫,6,80,通常育成モデルの参考値,器用さ,22,,,同条件の軍神単体実測なし
46,田霧姫,6,80,通常育成モデルの参考値,知力,28,,,同条件の軍神単体実測なし
46,田霧姫,6,80,通常育成モデルの参考値,魅力,27,,,同条件の軍神単体実測なし
46,田霧姫,6,80,通常育成モデルの参考値,土属性,18,,,同条件の軍神単体実測なし
46,田霧姫,6,80,通常育成モデルの参考値,水属性,24,,,同条件の軍神単体実測なし
46,田霧姫,6,80,通常育成モデルの参考値,火属性,17,,,同条件の軍神単体実測なし
46,田霧姫,6,80,通常育成モデルの参考値,風属性,24,,,同条件の軍神単体実測なし
47,百襲姫,6,80,通常育成モデルの参考値,生命力,705,,,同条件の軍神単体実測なし
47,百襲姫,6,80,通常育成モデルの参考値,気合,352,,,同条件の軍神単体実測なし
47,百襲姫,6,80,通常育成モデルの参考値,腕力,21,,,同条件の軍神単体実測なし
47,百襲姫,6,80,通常育成モデルの参考値,耐久力,17,,,同条件の軍神単体実測なし
47,百襲姫,6,80,通常育成モデルの参考値,器用さ,20,,,同条件の軍神単体実測なし
47,百襲姫,6,80,通常育成モデルの参考値,知力,29,,,同条件の軍神単体実測なし
47,百襲姫,6,80,通常育成モデルの参考値,魅力,29,,,同条件の軍神単体実測なし
47,百襲姫,6,80,通常育成モデルの参考値,土属性,15,,,同条件の軍神単体実測なし
47,百襲姫,6,80,通常育成モデルの参考値,水属性,16,,,同条件の軍神単体実測なし
47,百襲姫,6,80,通常育成モデルの参考値,火属性,23,,,同条件の軍神単体実測なし
47,百襲姫,6,80,通常育成モデルの参考値,風属性,25,,,同条件の軍神単体実測なし
48,石長姫,6,80,通常育成モデルの参考値,生命力,705,,,同条件の軍神単体実測なし
48,石長姫,6,80,通常育成モデルの参考値,気合,352,,,同条件の軍神単体実測なし
48,石長姫,6,80,通常育成モデルの参考値,腕力,16,,,同条件の軍神単体実測なし
48,石長姫,6,80,通常育成モデルの参考値,耐久力,28,,,同条件の軍神単体実測なし
48,石長姫,6,80,通常育成モデルの参考値,器用さ,19,,,同条件の軍神単体実測なし
48,石長姫,6,80,通常育成モデルの参考値,知力,22,,,同条件の軍神単体実測なし
48,石長姫,6,80,通常育成モデルの参考値,魅力,18,,,同条件の軍神単体実測なし
48,石長姫,6,80,通常育成モデルの参考値,土属性,26,,,同条件の軍神単体実測なし
48,石長姫,6,80,通常育成モデルの参考値,水属性,19,,,同条件の軍神単体実測なし
48,石長姫,6,80,通常育成モデルの参考値,火属性,17,,,同条件の軍神単体実測なし
48,石長姫,6,80,通常育成モデルの参考値,風属性,23,,,同条件の軍神単体実測なし
49,菊理姫,6,80,通常育成モデルの参考値,生命力,705,,,同条件の軍神単体実測なし
49,菊理姫,6,80,通常育成モデルの参考値,気合,352,,,同条件の軍神単体実測なし
49,菊理姫,6,80,通常育成モデルの参考値,腕力,19,,,同条件の軍神単体実測なし
49,菊理姫,6,80,通常育成モデルの参考値,耐久力,17,,,同条件の軍神単体実測なし
49,菊理姫,6,80,通常育成モデルの参考値,器用さ,17,,,同条件の軍神単体実測なし
49,菊理姫,6,80,通常育成モデルの参考値,知力,27,,,同条件の軍神単体実測なし
49,菊理姫,6,80,通常育成モデルの参考値,魅力,29,,,同条件の軍神単体実測なし
49,菊理姫,6,80,通常育成モデルの参考値,土属性,17,,,同条件の軍神単体実測なし
49,菊理姫,6,80,通常育成モデルの参考値,水属性,13,,,同条件の軍神単体実測なし
49,菊理姫,6,80,通常育成モデルの参考値,火属性,15,,,同条件の軍神単体実測なし
49,菊理姫,6,80,通常育成モデルの参考値,風属性,17,,,同条件の軍神単体実測なし
50,邇邇芸,6,80,通常育成モデルの参考値,生命力,705,,,同条件の軍神単体実測なし
50,邇邇芸,6,80,通常育成モデルの参考値,気合,352,,,同条件の軍神単体実測なし
50,邇邇芸,6,80,通常育成モデルの参考値,腕力,28,,,同条件の軍神単体実測なし
50,邇邇芸,6,80,通常育成モデルの参考値,耐久力,23,,,同条件の軍神単体実測なし
50,邇邇芸,6,80,通常育成モデルの参考値,器用さ,23,,,同条件の軍神単体実測なし
50,邇邇芸,6,80,通常育成モデルの参考値,知力,28,,,同条件の軍神単体実測なし
50,邇邇芸,6,80,通常育成モデルの参考値,魅力,28,,,同条件の軍神単体実測なし
50,邇邇芸,6,80,通常育成モデルの参考値,土属性,23,,,同条件の軍神単体実測なし
50,邇邇芸,6,80,通常育成モデルの参考値,水属性,23,,,同条件の軍神単体実測なし
50,邇邇芸,6,80,通常育成モデルの参考値,火属性,23,,,同条件の軍神単体実測なし
50,邇邇芸,6,80,通常育成モデルの参考値,風属性,23,,,同条件の軍神単体実測なし
51,鬼子母神,6,80,通常育成モデルの参考値,生命力,705,,,同条件の軍神単体実測なし
51,鬼子母神,6,80,通常育成モデルの参考値,気合,352,,,同条件の軍神単体実測なし
51,鬼子母神,6,80,通常育成モデルの参考値,腕力,29,,,同条件の軍神単体実測なし
51,鬼子母神,6,80,通常育成モデルの参考値,耐久力,28,,,同条件の軍神単体実測なし
51,鬼子母神,6,80,通常育成モデルの参考値,器用さ,19,,,同条件の軍神単体実測なし
51,鬼子母神,6,80,通常育成モデルの参考値,知力,29,,,同条件の軍神単体実測なし
51,鬼子母神,6,80,通常育成モデルの参考値,魅力,29,,,同条件の軍神単体実測なし
51,鬼子母神,6,80,通常育成モデルの参考値,土属性,15,,,同条件の軍神単体実測なし
51,鬼子母神,6,80,通常育成モデルの参考値,水属性,15,,,同条件の軍神単体実測なし
51,鬼子母神,6,80,通常育成モデルの参考値,火属性,15,,,同条件の軍神単体実測なし
51,鬼子母神,6,80,通常育成モデルの参考値,風属性,15,,,同条件の軍神単体実測なし
52,吉備津彦,5,80,通常育成モデルの参考値,生命力,576,,,同条件の軍神単体実測なし
52,吉備津彦,5,80,通常育成モデルの参考値,気合,288,,,同条件の軍神単体実測なし
52,吉備津彦,5,80,通常育成モデルの参考値,腕力,19,,,同条件の軍神単体実測なし
52,吉備津彦,5,80,通常育成モデルの参考値,耐久力,14,,,同条件の軍神単体実測なし
52,吉備津彦,5,80,通常育成モデルの参考値,器用さ,23,,,同条件の軍神単体実測なし
52,吉備津彦,5,80,通常育成モデルの参考値,知力,19,,,同条件の軍神単体実測なし
52,吉備津彦,5,80,通常育成モデルの参考値,魅力,24,,,同条件の軍神単体実測なし
52,吉備津彦,5,80,通常育成モデルの参考値,土属性,14,,,同条件の軍神単体実測なし
52,吉備津彦,5,80,通常育成モデルの参考値,水属性,14,,,同条件の軍神単体実測なし
52,吉備津彦,5,80,通常育成モデルの参考値,火属性,14,,,同条件の軍神単体実測なし
52,吉備津彦,5,80,通常育成モデルの参考値,風属性,20,,,同条件の軍神単体実測なし
53,国御柱,5,80,通常育成モデルの参考値,生命力,576,,,同条件の軍神単体実測なし
53,国御柱,5,80,通常育成モデルの参考値,気合,288,,,同条件の軍神単体実測なし
53,国御柱,5,80,通常育成モデルの参考値,腕力,15,,,同条件の軍神単体実測なし
53,国御柱,5,80,通常育成モデルの参考値,耐久力,14,,,同条件の軍神単体実測なし
53,国御柱,5,80,通常育成モデルの参考値,器用さ,17,,,同条件の軍神単体実測なし
53,国御柱,5,80,通常育成モデルの参考値,知力,20,,,同条件の軍神単体実測なし
53,国御柱,5,80,通常育成モデルの参考値,魅力,20,,,同条件の軍神単体実測なし
53,国御柱,5,80,通常育成モデルの参考値,土属性,12,,,同条件の軍神単体実測なし
53,国御柱,5,80,通常育成モデルの参考値,水属性,12,,,同条件の軍神単体実測なし
53,国御柱,5,80,通常育成モデルの参考値,火属性,16,,,同条件の軍神単体実測なし
53,国御柱,5,80,通常育成モデルの参考値,風属性,23,,,同条件の軍神単体実測なし
54,大神実命,5,80,通常育成モデルの参考値,生命力,576,,,同条件の軍神単体実測なし
54,大神実命,5,80,通常育成モデルの参考値,気合,288,,,同条件の軍神単体実測なし
54,大神実命,5,80,通常育成モデルの参考値,腕力,24,,,同条件の軍神単体実測なし
54,大神実命,5,80,通常育成モデルの参考値,耐久力,11,,,同条件の軍神単体実測なし
54,大神実命,5,80,通常育成モデルの参考値,器用さ,17,,,同条件の軍神単体実測なし
54,大神実命,5,80,通常育成モデルの参考値,知力,18,,,同条件の軍神単体実測なし
54,大神実命,5,80,通常育成モデルの参考値,魅力,18,,,同条件の軍神単体実測なし
54,大神実命,5,80,通常育成モデルの参考値,土属性,19,,,同条件の軍神単体実測なし
54,大神実命,5,80,通常育成モデルの参考値,水属性,13,,,同条件の軍神単体実測なし
54,大神実命,5,80,通常育成モデルの参考値,火属性,17,,,同条件の軍神単体実測なし
54,大神実命,5,80,通常育成モデルの参考値,風属性,17,,,同条件の軍神単体実測なし
55,天御柱,5,80,通常育成モデルの参考値,生命力,576,,,同条件の軍神単体実測なし
55,天御柱,5,80,通常育成モデルの参考値,気合,288,,,同条件の軍神単体実測なし
55,天御柱,5,80,通常育成モデルの参考値,腕力,19,,,同条件の軍神単体実測なし
55,天御柱,5,80,通常育成モデルの参考値,耐久力,17,,,同条件の軍神単体実測なし
55,天御柱,5,80,通常育成モデルの参考値,器用さ,18,,,同条件の軍神単体実測なし
55,天御柱,5,80,通常育成モデルの参考値,知力,19,,,同条件の軍神単体実測なし
55,天御柱,5,80,通常育成モデルの参考値,魅力,19,,,同条件の軍神単体実測なし
55,天御柱,5,80,通常育成モデルの参考値,土属性,14,,,同条件の軍神単体実測なし
55,天御柱,5,80,通常育成モデルの参考値,水属性,12,,,同条件の軍神単体実測なし
55,天御柱,5,80,通常育成モデルの参考値,火属性,14,,,同条件の軍神単体実測なし
55,天御柱,5,80,通常育成モデルの参考値,風属性,21,,,同条件の軍神単体実測なし
56,天忍穂耳,5,80,通常育成モデルの参考値,生命力,576,,,同条件の軍神単体実測なし
56,天忍穂耳,5,80,通常育成モデルの参考値,気合,288,,,同条件の軍神単体実測なし
56,天忍穂耳,5,80,通常育成モデルの参考値,腕力,23,,,同条件の軍神単体実測なし
56,天忍穂耳,5,80,通常育成モデルの参考値,耐久力,12,,,同条件の軍神単体実測なし
56,天忍穂耳,5,80,通常育成モデルの参考値,器用さ,19,,,同条件の軍神単体実測なし
56,天忍穂耳,5,80,通常育成モデルの参考値,知力,19,,,同条件の軍神単体実測なし
56,天忍穂耳,5,80,通常育成モデルの参考値,魅力,18,,,同条件の軍神単体実測なし
56,天忍穂耳,5,80,通常育成モデルの参考値,土属性,18,,,同条件の軍神単体実測なし
56,天忍穂耳,5,80,通常育成モデルの参考値,水属性,18,,,同条件の軍神単体実測なし
56,天忍穂耳,5,80,通常育成モデルの参考値,火属性,12,,,同条件の軍神単体実測なし
56,天忍穂耳,5,80,通常育成モデルの参考値,風属性,17,,,同条件の軍神単体実測なし
57,天手力男,5,80,通常育成モデルの参考値,生命力,576,,,同条件の軍神単体実測なし
57,天手力男,5,80,通常育成モデルの参考値,気合,288,,,同条件の軍神単体実測なし
57,天手力男,5,80,通常育成モデルの参考値,腕力,24,,,同条件の軍神単体実測なし
57,天手力男,5,80,通常育成モデルの参考値,耐久力,15,,,同条件の軍神単体実測なし
57,天手力男,5,80,通常育成モデルの参考値,器用さ,10,,,同条件の軍神単体実測なし
57,天手力男,5,80,通常育成モデルの参考値,知力,13,,,同条件の軍神単体実測なし
57,天手力男,5,80,通常育成モデルの参考値,魅力,13,,,同条件の軍神単体実測なし
57,天手力男,5,80,通常育成モデルの参考値,土属性,11,,,同条件の軍神単体実測なし
57,天手力男,5,80,通常育成モデルの参考値,水属性,11,,,同条件の軍神単体実測なし
57,天手力男,5,80,通常育成モデルの参考値,火属性,11,,,同条件の軍神単体実測なし
57,天手力男,5,80,通常育成モデルの参考値,風属性,11,,,同条件の軍神単体実測なし
58,天探女,5,80,通常育成モデルの参考値,生命力,576,,,同条件の軍神単体実測なし
58,天探女,5,80,通常育成モデルの参考値,気合,288,,,同条件の軍神単体実測なし
58,天探女,5,80,通常育成モデルの参考値,腕力,22,,,同条件の軍神単体実測なし
58,天探女,5,80,通常育成モデルの参考値,耐久力,13,,,同条件の軍神単体実測なし
58,天探女,5,80,通常育成モデルの参考値,器用さ,20,,,同条件の軍神単体実測なし
58,天探女,5,80,通常育成モデルの参考値,知力,23,,,同条件の軍神単体実測なし
58,天探女,5,80,通常育成モデルの参考値,魅力,24,,,同条件の軍神単体実測なし
58,天探女,5,80,通常育成モデルの参考値,土属性,19,,,同条件の軍神単体実測なし
58,天探女,5,80,通常育成モデルの参考値,水属性,15,,,同条件の軍神単体実測なし
58,天探女,5,80,通常育成モデルの参考値,火属性,15,,,同条件の軍神単体実測なし
58,天探女,5,80,通常育成モデルの参考値,風属性,15,,,同条件の軍神単体実測なし
59,天津彦根,5,80,通常育成モデルの参考値,生命力,576,,,同条件の軍神単体実測なし
59,天津彦根,5,80,通常育成モデルの参考値,気合,288,,,同条件の軍神単体実測なし
59,天津彦根,5,80,通常育成モデルの参考値,腕力,19,,,同条件の軍神単体実測なし
59,天津彦根,5,80,通常育成モデルの参考値,耐久力,15,,,同条件の軍神単体実測なし
59,天津彦根,5,80,通常育成モデルの参考値,器用さ,13,,,同条件の軍神単体実測なし
59,天津彦根,5,80,通常育成モデルの参考値,知力,19,,,同条件の軍神単体実測なし
59,天津彦根,5,80,通常育成モデルの参考値,魅力,16,,,同条件の軍神単体実測なし
59,天津彦根,5,80,通常育成モデルの参考値,土属性,19,,,同条件の軍神単体実測なし
59,天津彦根,5,80,通常育成モデルの参考値,水属性,17,,,同条件の軍神単体実測なし
59,天津彦根,5,80,通常育成モデルの参考値,火属性,12,,,同条件の軍神単体実測なし
59,天津彦根,5,80,通常育成モデルの参考値,風属性,20,,,同条件の軍神単体実測なし
60,天狐,5,80,通常育成モデルの参考値,生命力,576,,,同条件の軍神単体実測なし
60,天狐,5,80,通常育成モデルの参考値,気合,288,,,同条件の軍神単体実測なし
60,天狐,5,80,通常育成モデルの参考値,腕力,20,,,同条件の軍神単体実測なし
60,天狐,5,80,通常育成モデルの参考値,耐久力,15,,,同条件の軍神単体実測なし
60,天狐,5,80,通常育成モデルの参考値,器用さ,19,,,同条件の軍神単体実測なし
60,天狐,5,80,通常育成モデルの参考値,知力,23,,,同条件の軍神単体実測なし
60,天狐,5,80,通常育成モデルの参考値,魅力,23,,,同条件の軍神単体実測なし
60,天狐,5,80,通常育成モデルの参考値,土属性,15,,,同条件の軍神単体実測なし
60,天狐,5,80,通常育成モデルの参考値,水属性,15,,,同条件の軍神単体実測なし
60,天狐,5,80,通常育成モデルの参考値,火属性,15,,,同条件の軍神単体実測なし
60,天狐,5,80,通常育成モデルの参考値,風属性,15,,,同条件の軍神単体実測なし
61,天目一箇,5,80,通常育成モデルの参考値,生命力,576,,,同条件の軍神単体実測なし
61,天目一箇,5,80,通常育成モデルの参考値,気合,288,,,同条件の軍神単体実測なし
61,天目一箇,5,80,通常育成モデルの参考値,腕力,24,,,同条件の軍神単体実測なし
61,天目一箇,5,80,通常育成モデルの参考値,耐久力,21,,,同条件の軍神単体実測なし
61,天目一箇,5,80,通常育成モデルの参考値,器用さ,21,,,同条件の軍神単体実測なし
61,天目一箇,5,80,通常育成モデルの参考値,知力,17,,,同条件の軍神単体実測なし
61,天目一箇,5,80,通常育成モデルの参考値,魅力,14,,,同条件の軍神単体実測なし
61,天目一箇,5,80,通常育成モデルの参考値,土属性,19,,,同条件の軍神単体実測なし
61,天目一箇,5,80,通常育成モデルの参考値,水属性,10,,,同条件の軍神単体実測なし
61,天目一箇,5,80,通常育成モデルの参考値,火属性,20,,,同条件の軍神単体実測なし
61,天目一箇,5,80,通常育成モデルの参考値,風属性,12,,,同条件の軍神単体実測なし
62,年神,5,80,通常育成モデルの参考値,生命力,576,,,同条件の軍神単体実測なし
62,年神,5,80,通常育成モデルの参考値,気合,288,,,同条件の軍神単体実測なし
62,年神,5,80,通常育成モデルの参考値,腕力,22,,,同条件の軍神単体実測なし
62,年神,5,80,通常育成モデルの参考値,耐久力,18,,,同条件の軍神単体実測なし
62,年神,5,80,通常育成モデルの参考値,器用さ,15,,,同条件の軍神単体実測なし
62,年神,5,80,通常育成モデルの参考値,知力,19,,,同条件の軍神単体実測なし
62,年神,5,80,通常育成モデルの参考値,魅力,22,,,同条件の軍神単体実測なし
62,年神,5,80,通常育成モデルの参考値,土属性,14,,,同条件の軍神単体実測なし
62,年神,5,80,通常育成モデルの参考値,水属性,15,,,同条件の軍神単体実測なし
62,年神,5,80,通常育成モデルの参考値,火属性,20,,,同条件の軍神単体実測なし
62,年神,5,80,通常育成モデルの参考値,風属性,12,,,同条件の軍神単体実測なし
63,弁才天,5,80,通常育成モデルの参考値,生命力,576,,,同条件の軍神単体実測なし
63,弁才天,5,80,通常育成モデルの参考値,気合,288,,,同条件の軍神単体実測なし
63,弁才天,5,80,通常育成モデルの参考値,腕力,16,,,同条件の軍神単体実測なし
63,弁才天,5,80,通常育成モデルの参考値,耐久力,13,,,同条件の軍神単体実測なし
63,弁才天,5,80,通常育成モデルの参考値,器用さ,14,,,同条件の軍神単体実測なし
63,弁才天,5,80,通常育成モデルの参考値,知力,24,,,同条件の軍神単体実測なし
63,弁才天,5,80,通常育成モデルの参考値,魅力,19,,,同条件の軍神単体実測なし
63,弁才天,5,80,通常育成モデルの参考値,土属性,13,,,同条件の軍神単体実測なし
63,弁才天,5,80,通常育成モデルの参考値,水属性,23,,,同条件の軍神単体実測なし
63,弁才天,5,80,通常育成モデルの参考値,火属性,13,,,同条件の軍神単体実測なし
63,弁才天,5,80,通常育成モデルの参考値,風属性,15,,,同条件の軍神単体実測なし
64,木花咲耶姫,5,80,通常育成モデルの参考値,生命力,576,,,同条件の軍神単体実測なし
64,木花咲耶姫,5,80,通常育成モデルの参考値,気合,288,,,同条件の軍神単体実測なし
64,木花咲耶姫,5,80,通常育成モデルの参考値,腕力,13,,,同条件の軍神単体実測なし
64,木花咲耶姫,5,80,通常育成モデルの参考値,耐久力,11,,,同条件の軍神単体実測なし
64,木花咲耶姫,5,80,通常育成モデルの参考値,器用さ,14,,,同条件の軍神単体実測なし
64,木花咲耶姫,5,80,通常育成モデルの参考値,知力,19,,,同条件の軍神単体実測なし
64,木花咲耶姫,5,80,通常育成モデルの参考値,魅力,24,,,同条件の軍神単体実測なし
64,木花咲耶姫,5,80,通常育成モデルの参考値,土属性,14,,,同条件の軍神単体実測なし
64,木花咲耶姫,5,80,通常育成モデルの参考値,水属性,19,,,同条件の軍神単体実測なし
64,木花咲耶姫,5,80,通常育成モデルの参考値,火属性,21,,,同条件の軍神単体実測なし
64,木花咲耶姫,5,80,通常育成モデルの参考値,風属性,15,,,同条件の軍神単体実測なし
65,湍津姫,5,80,通常育成モデルの参考値,生命力,576,,,同条件の軍神単体実測なし
65,湍津姫,5,80,通常育成モデルの参考値,気合,288,,,同条件の軍神単体実測なし
65,湍津姫,5,80,通常育成モデルの参考値,腕力,23,,,同条件の軍神単体実測なし
65,湍津姫,5,80,通常育成モデルの参考値,耐久力,15,,,同条件の軍神単体実測なし
65,湍津姫,5,80,通常育成モデルの参考値,器用さ,17,,,同条件の軍神単体実測なし
65,湍津姫,5,80,通常育成モデルの参考値,知力,23,,,同条件の軍神単体実測なし
65,湍津姫,5,80,通常育成モデルの参考値,魅力,22,,,同条件の軍神単体実測なし
65,湍津姫,5,80,通常育成モデルの参考値,土属性,14,,,同条件の軍神単体実測なし
65,湍津姫,5,80,通常育成モデルの参考値,水属性,20,,,同条件の軍神単体実測なし
65,湍津姫,5,80,通常育成モデルの参考値,火属性,14,,,同条件の軍神単体実測なし
65,湍津姫,5,80,通常育成モデルの参考値,風属性,17,,,同条件の軍神単体実測なし
66,玉祖,5,80,通常育成モデルの参考値,生命力,576,,,同条件の軍神単体実測なし
66,玉祖,5,80,通常育成モデルの参考値,気合,288,,,同条件の軍神単体実測なし
66,玉祖,5,80,通常育成モデルの参考値,腕力,14,,,同条件の軍神単体実測なし
66,玉祖,5,80,通常育成モデルの参考値,耐久力,13,,,同条件の軍神単体実測なし
66,玉祖,5,80,通常育成モデルの参考値,器用さ,23,,,同条件の軍神単体実測なし
66,玉祖,5,80,通常育成モデルの参考値,知力,24,,,同条件の軍神単体実測なし
66,玉祖,5,80,通常育成モデルの参考値,魅力,17,,,同条件の軍神単体実測なし
66,玉祖,5,80,通常育成モデルの参考値,土属性,11,,,同条件の軍神単体実測なし
66,玉祖,5,80,通常育成モデルの参考値,水属性,11,,,同条件の軍神単体実測なし
66,玉祖,5,80,通常育成モデルの参考値,火属性,11,,,同条件の軍神単体実測なし
66,玉祖,5,80,通常育成モデルの参考値,風属性,11,,,同条件の軍神単体実測なし
67,白兎,5,80,通常育成モデルの参考値,生命力,576,,,同条件の軍神単体実測なし
67,白兎,5,80,通常育成モデルの参考値,気合,288,,,同条件の軍神単体実測なし
67,白兎,5,80,通常育成モデルの参考値,腕力,18,,,同条件の軍神単体実測なし
67,白兎,5,80,通常育成モデルの参考値,耐久力,17,,,同条件の軍神単体実測なし
67,白兎,5,80,通常育成モデルの参考値,器用さ,18,,,同条件の軍神単体実測なし
67,白兎,5,80,通常育成モデルの参考値,知力,20,,,同条件の軍神単体実測なし
67,白兎,5,80,通常育成モデルの参考値,魅力,24,,,同条件の軍神単体実測なし
67,白兎,5,80,通常育成モデルの参考値,土属性,14,,,同条件の軍神単体実測なし
67,白兎,5,80,通常育成モデルの参考値,水属性,13,,,同条件の軍神単体実測なし
67,白兎,5,80,通常育成モデルの参考値,火属性,15,,,同条件の軍神単体実測なし
67,白兎,5,80,通常育成モデルの参考値,風属性,17,,,同条件の軍神単体実測なし
68,稚日女,5,80,通常育成モデルの参考値,生命力,576,,,同条件の軍神単体実測なし
68,稚日女,5,80,通常育成モデルの参考値,気合,288,,,同条件の軍神単体実測なし
68,稚日女,5,80,通常育成モデルの参考値,腕力,21,,,同条件の軍神単体実測なし
68,稚日女,5,80,通常育成モデルの参考値,耐久力,16,,,同条件の軍神単体実測なし
68,稚日女,5,80,通常育成モデルの参考値,器用さ,20,,,同条件の軍神単体実測なし
68,稚日女,5,80,通常育成モデルの参考値,知力,22,,,同条件の軍神単体実測なし
68,稚日女,5,80,通常育成モデルの参考値,魅力,22,,,同条件の軍神単体実測なし
68,稚日女,5,80,通常育成モデルの参考値,土属性,12,,,同条件の軍神単体実測なし
68,稚日女,5,80,通常育成モデルの参考値,水属性,21,,,同条件の軍神単体実測なし
68,稚日女,5,80,通常育成モデルの参考値,火属性,10,,,同条件の軍神単体実測なし
68,稚日女,5,80,通常育成モデルの参考値,風属性,16,,,同条件の軍神単体実測なし
69,西王母,5,80,通常育成モデルの参考値,生命力,576,,,同条件の軍神単体実測なし
69,西王母,5,80,通常育成モデルの参考値,気合,288,,,同条件の軍神単体実測なし
69,西王母,5,80,通常育成モデルの参考値,腕力,13,,,同条件の軍神単体実測なし
69,西王母,5,80,通常育成モデルの参考値,耐久力,12,,,同条件の軍神単体実測なし
69,西王母,5,80,通常育成モデルの参考値,器用さ,12,,,同条件の軍神単体実測なし
69,西王母,5,80,通常育成モデルの参考値,知力,24,,,同条件の軍神単体実測なし
69,西王母,5,80,通常育成モデルの参考値,魅力,24,,,同条件の軍神単体実測なし
69,西王母,5,80,通常育成モデルの参考値,土属性,14,,,同条件の軍神単体実測なし
69,西王母,5,80,通常育成モデルの参考値,水属性,19,,,同条件の軍神単体実測なし
69,西王母,5,80,通常育成モデルの参考値,火属性,14,,,同条件の軍神単体実測なし
69,西王母,5,80,通常育成モデルの参考値,風属性,14,,,同条件の軍神単体実測なし
70,金山姫,5,80,通常育成モデルの参考値,生命力,576,,,同条件の軍神単体実測なし
70,金山姫,5,80,通常育成モデルの参考値,気合,288,,,同条件の軍神単体実測なし
70,金山姫,5,80,通常育成モデルの参考値,腕力,20,,,同条件の軍神単体実測なし
70,金山姫,5,80,通常育成モデルの参考値,耐久力,18,,,同条件の軍神単体実測なし
70,金山姫,5,80,通常育成モデルの参考値,器用さ,17,,,同条件の軍神単体実測なし
70,金山姫,5,80,通常育成モデルの参考値,知力,22,,,同条件の軍神単体実測なし
70,金山姫,5,80,通常育成モデルの参考値,魅力,24,,,同条件の軍神単体実測なし
70,金山姫,5,80,通常育成モデルの参考値,土属性,20,,,同条件の軍神単体実測なし
70,金山姫,5,80,通常育成モデルの参考値,水属性,13,,,同条件の軍神単体実測なし
70,金山姫,5,80,通常育成モデルの参考値,火属性,13,,,同条件の軍神単体実測なし
70,金山姫,5,80,通常育成モデルの参考値,風属性,14,,,同条件の軍神単体実測なし
71,金山彦,5,80,通常育成モデルの参考値,生命力,576,,,同条件の軍神単体実測なし
71,金山彦,5,80,通常育成モデルの参考値,気合,288,,,同条件の軍神単体実測なし
71,金山彦,5,80,通常育成モデルの参考値,腕力,23,,,同条件の軍神単体実測なし
71,金山彦,5,80,通常育成モデルの参考値,耐久力,19,,,同条件の軍神単体実測なし
71,金山彦,5,80,通常育成モデルの参考値,器用さ,15,,,同条件の軍神単体実測なし
71,金山彦,5,80,通常育成モデルの参考値,知力,19,,,同条件の軍神単体実測なし
71,金山彦,5,80,通常育成モデルの参考値,魅力,20,,,同条件の軍神単体実測なし
71,金山彦,5,80,通常育成モデルの参考値,土属性,23,,,同条件の軍神単体実測なし
71,金山彦,5,80,通常育成モデルの参考値,水属性,14,,,同条件の軍神単体実測なし
71,金山彦,5,80,通常育成モデルの参考値,火属性,14,,,同条件の軍神単体実測なし
71,金山彦,5,80,通常育成モデルの参考値,風属性,14,,,同条件の軍神単体実測なし
72,鍾馗,5,80,通常育成モデルの参考値,生命力,576,,,同条件の軍神単体実測なし
72,鍾馗,5,80,通常育成モデルの参考値,気合,288,,,同条件の軍神単体実測なし
72,鍾馗,5,80,通常育成モデルの参考値,腕力,24,,,同条件の軍神単体実測なし
72,鍾馗,5,80,通常育成モデルの参考値,耐久力,12,,,同条件の軍神単体実測なし
72,鍾馗,5,80,通常育成モデルの参考値,器用さ,17,,,同条件の軍神単体実測なし
72,鍾馗,5,80,通常育成モデルの参考値,知力,24,,,同条件の軍神単体実測なし
72,鍾馗,5,80,通常育成モデルの参考値,魅力,20,,,同条件の軍神単体実測なし
72,鍾馗,5,80,通常育成モデルの参考値,土属性,14,,,同条件の軍神単体実測なし
72,鍾馗,5,80,通常育成モデルの参考値,水属性,14,,,同条件の軍神単体実測なし
72,鍾馗,5,80,通常育成モデルの参考値,火属性,12,,,同条件の軍神単体実測なし
72,鍾馗,5,80,通常育成モデルの参考値,風属性,12,,,同条件の軍神単体実測なし
73,須世理姫,5,80,通常育成モデルの参考値,生命力,576,,,同条件の軍神単体実測なし
73,須世理姫,5,80,通常育成モデルの参考値,気合,288,,,同条件の軍神単体実測なし
73,須世理姫,5,80,通常育成モデルの参考値,腕力,22,,,同条件の軍神単体実測なし
73,須世理姫,5,80,通常育成モデルの参考値,耐久力,18,,,同条件の軍神単体実測なし
73,須世理姫,5,80,通常育成モデルの参考値,器用さ,15,,,同条件の軍神単体実測なし
73,須世理姫,5,80,通常育成モデルの参考値,知力,22,,,同条件の軍神単体実測なし
73,須世理姫,5,80,通常育成モデルの参考値,魅力,20,,,同条件の軍神単体実測なし
73,須世理姫,5,80,通常育成モデルの参考値,土属性,15,,,同条件の軍神単体実測なし
73,須世理姫,5,80,通常育成モデルの参考値,水属性,15,,,同条件の軍神単体実測なし
73,須世理姫,5,80,通常育成モデルの参考値,火属性,23,,,同条件の軍神単体実測なし
73,須世理姫,5,80,通常育成モデルの参考値,風属性,20,,,同条件の軍神単体実測なし
74,乙姫,4,80,通常育成モデルの参考値,生命力,450,,,同条件の軍神単体実測なし
74,乙姫,4,80,通常育成モデルの参考値,気合,225,,,同条件の軍神単体実測なし
74,乙姫,4,80,通常育成モデルの参考値,腕力,10,,,同条件の軍神単体実測なし
74,乙姫,4,80,通常育成モデルの参考値,耐久力,14,,,同条件の軍神単体実測なし
74,乙姫,4,80,通常育成モデルの参考値,器用さ,16,,,同条件の軍神単体実測なし
74,乙姫,4,80,通常育成モデルの参考値,知力,18,,,同条件の軍神単体実測なし
74,乙姫,4,80,通常育成モデルの参考値,魅力,18,,,同条件の軍神単体実測なし
74,乙姫,4,80,通常育成モデルの参考値,土属性,13,,,同条件の軍神単体実測なし
74,乙姫,4,80,通常育成モデルの参考値,水属性,18,,,同条件の軍神単体実測なし
74,乙姫,4,80,通常育成モデルの参考値,火属性,7,,,同条件の軍神単体実測なし
74,乙姫,4,80,通常育成モデルの参考値,風属性,12,,,同条件の軍神単体実測なし
75,埴安彦,4,80,通常育成モデルの参考値,生命力,450,,,同条件の軍神単体実測なし
75,埴安彦,4,80,通常育成モデルの参考値,気合,225,,,同条件の軍神単体実測なし
75,埴安彦,4,80,通常育成モデルの参考値,腕力,14,,,同条件の軍神単体実測なし
75,埴安彦,4,80,通常育成モデルの参考値,耐久力,15,,,同条件の軍神単体実測なし
75,埴安彦,4,80,通常育成モデルの参考値,器用さ,10,,,同条件の軍神単体実測なし
75,埴安彦,4,80,通常育成モデルの参考値,知力,10,,,同条件の軍神単体実測なし
75,埴安彦,4,80,通常育成モデルの参考値,魅力,13,,,同条件の軍神単体実測なし
75,埴安彦,4,80,通常育成モデルの参考値,土属性,18,,,同条件の軍神単体実測なし
75,埴安彦,4,80,通常育成モデルの参考値,水属性,10,,,同条件の軍神単体実測なし
75,埴安彦,4,80,通常育成モデルの参考値,火属性,15,,,同条件の軍神単体実測なし
75,埴安彦,4,80,通常育成モデルの参考値,風属性,10,,,同条件の軍神単体実測なし
76,大禍津日,4,80,通常育成モデルの参考値,生命力,450,,,同条件の軍神単体実測なし
76,大禍津日,4,80,通常育成モデルの参考値,気合,225,,,同条件の軍神単体実測なし
76,大禍津日,4,80,通常育成モデルの参考値,腕力,16,,,同条件の軍神単体実測なし
76,大禍津日,4,80,通常育成モデルの参考値,耐久力,12,,,同条件の軍神単体実測なし
76,大禍津日,4,80,通常育成モデルの参考値,器用さ,9,,,同条件の軍神単体実測なし
76,大禍津日,4,80,通常育成モデルの参考値,知力,18,,,同条件の軍神単体実測なし
76,大禍津日,4,80,通常育成モデルの参考値,魅力,10,,,同条件の軍神単体実測なし
76,大禍津日,4,80,通常育成モデルの参考値,土属性,17,,,同条件の軍神単体実測なし
76,大禍津日,4,80,通常育成モデルの参考値,水属性,17,,,同条件の軍神単体実測なし
76,大禍津日,4,80,通常育成モデルの参考値,火属性,17,,,同条件の軍神単体実測なし
76,大禍津日,4,80,通常育成モデルの参考値,風属性,17,,,同条件の軍神単体実測なし
77,天児屋根,4,80,通常育成モデルの参考値,生命力,450,,,同条件の軍神単体実測なし
77,天児屋根,4,80,通常育成モデルの参考値,気合,225,,,同条件の軍神単体実測なし
77,天児屋根,4,80,通常育成モデルの参考値,腕力,11,,,同条件の軍神単体実測なし
77,天児屋根,4,80,通常育成モデルの参考値,耐久力,9,,,同条件の軍神単体実測なし
77,天児屋根,4,80,通常育成モデルの参考値,器用さ,14,,,同条件の軍神単体実測なし
77,天児屋根,4,80,通常育成モデルの参考値,知力,18,,,同条件の軍神単体実測なし
77,天児屋根,4,80,通常育成モデルの参考値,魅力,17,,,同条件の軍神単体実測なし
77,天児屋根,4,80,通常育成モデルの参考値,土属性,12,,,同条件の軍神単体実測なし
77,天児屋根,4,80,通常育成モデルの参考値,水属性,12,,,同条件の軍神単体実測なし
77,天児屋根,4,80,通常育成モデルの参考値,火属性,14,,,同条件の軍神単体実測なし
77,天児屋根,4,80,通常育成モデルの参考値,風属性,12,,,同条件の軍神単体実測なし
78,天羽槌雄,4,80,通常育成モデルの参考値,生命力,450,,,同条件の軍神単体実測なし
78,天羽槌雄,4,80,通常育成モデルの参考値,気合,225,,,同条件の軍神単体実測なし
78,天羽槌雄,4,80,通常育成モデルの参考値,腕力,11,,,同条件の軍神単体実測なし
78,天羽槌雄,4,80,通常育成モデルの参考値,耐久力,11,,,同条件の軍神単体実測なし
78,天羽槌雄,4,80,通常育成モデルの参考値,器用さ,16,,,同条件の軍神単体実測なし
78,天羽槌雄,4,80,通常育成モデルの参考値,知力,17,,,同条件の軍神単体実測なし
78,天羽槌雄,4,80,通常育成モデルの参考値,魅力,15,,,同条件の軍神単体実測なし
78,天羽槌雄,4,80,通常育成モデルの参考値,土属性,8,,,同条件の軍神単体実測なし
78,天羽槌雄,4,80,通常育成モデルの参考値,水属性,9,,,同条件の軍神単体実測なし
78,天羽槌雄,4,80,通常育成モデルの参考値,火属性,8,,,同条件の軍神単体実測なし
78,天羽槌雄,4,80,通常育成モデルの参考値,風属性,15,,,同条件の軍神単体実測なし
79,天鈿女,4,80,通常育成モデルの参考値,生命力,450,,,同条件の軍神単体実測なし
79,天鈿女,4,80,通常育成モデルの参考値,気合,225,,,同条件の軍神単体実測なし
79,天鈿女,4,80,通常育成モデルの参考値,腕力,17,,,同条件の軍神単体実測なし
79,天鈿女,4,80,通常育成モデルの参考値,耐久力,12,,,同条件の軍神単体実測なし
79,天鈿女,4,80,通常育成モデルの参考値,器用さ,14,,,同条件の軍神単体実測なし
79,天鈿女,4,80,通常育成モデルの参考値,知力,13,,,同条件の軍神単体実測なし
79,天鈿女,4,80,通常育成モデルの参考値,魅力,18,,,同条件の軍神単体実測なし
79,天鈿女,4,80,通常育成モデルの参考値,土属性,11,,,同条件の軍神単体実測なし
79,天鈿女,4,80,通常育成モデルの参考値,水属性,15,,,同条件の軍神単体実測なし
79,天鈿女,4,80,通常育成モデルの参考値,火属性,16,,,同条件の軍神単体実測なし
79,天鈿女,4,80,通常育成モデルの参考値,風属性,15,,,同条件の軍神単体実測なし
80,奇稲田姫,4,80,通常育成モデルの参考値,生命力,450,,,同条件の軍神単体実測なし
80,奇稲田姫,4,80,通常育成モデルの参考値,気合,225,,,同条件の軍神単体実測なし
80,奇稲田姫,4,80,通常育成モデルの参考値,腕力,11,,,同条件の軍神単体実測なし
80,奇稲田姫,4,80,通常育成モデルの参考値,耐久力,10,,,同条件の軍神単体実測なし
80,奇稲田姫,4,80,通常育成モデルの参考値,器用さ,11,,,同条件の軍神単体実測なし
80,奇稲田姫,4,80,通常育成モデルの参考値,知力,16,,,同条件の軍神単体実測なし
80,奇稲田姫,4,80,通常育成モデルの参考値,魅力,18,,,同条件の軍神単体実測なし
80,奇稲田姫,4,80,通常育成モデルの参考値,土属性,11,,,同条件の軍神単体実測なし
80,奇稲田姫,4,80,通常育成モデルの参考値,水属性,14,,,同条件の軍神単体実測なし
80,奇稲田姫,4,80,通常育成モデルの参考値,火属性,10,,,同条件の軍神単体実測なし
80,奇稲田姫,4,80,通常育成モデルの参考値,風属性,13,,,同条件の軍神単体実測なし
81,少彦名,4,80,通常育成モデルの参考値,生命力,450,,,同条件の軍神単体実測なし
81,少彦名,4,80,通常育成モデルの参考値,気合,225,,,同条件の軍神単体実測なし
81,少彦名,4,80,通常育成モデルの参考値,腕力,11,,,同条件の軍神単体実測なし
81,少彦名,4,80,通常育成モデルの参考値,耐久力,11,,,同条件の軍神単体実測なし
81,少彦名,4,80,通常育成モデルの参考値,器用さ,18,,,同条件の軍神単体実測なし
81,少彦名,4,80,通常育成モデルの参考値,知力,18,,,同条件の軍神単体実測なし
81,少彦名,4,80,通常育成モデルの参考値,魅力,17,,,同条件の軍神単体実測なし
81,少彦名,4,80,通常育成モデルの参考値,土属性,13,,,同条件の軍神単体実測なし
81,少彦名,4,80,通常育成モデルの参考値,水属性,16,,,同条件の軍神単体実測なし
81,少彦名,4,80,通常育成モデルの参考値,火属性,8,,,同条件の軍神単体実測なし
81,少彦名,4,80,通常育成モデルの参考値,風属性,9,,,同条件の軍神単体実測なし
82,座敷童子,4,80,通常育成モデルの参考値,生命力,450,,,同条件の軍神単体実測なし
82,座敷童子,4,80,通常育成モデルの参考値,気合,225,,,同条件の軍神単体実測なし
82,座敷童子,4,80,通常育成モデルの参考値,腕力,10,,,同条件の軍神単体実測なし
82,座敷童子,4,80,通常育成モデルの参考値,耐久力,10,,,同条件の軍神単体実測なし
82,座敷童子,4,80,通常育成モデルの参考値,器用さ,17,,,同条件の軍神単体実測なし
82,座敷童子,4,80,通常育成モデルの参考値,知力,18,,,同条件の軍神単体実測なし
82,座敷童子,4,80,通常育成モデルの参考値,魅力,18,,,同条件の軍神単体実測なし
82,座敷童子,4,80,通常育成モデルの参考値,土属性,17,,,同条件の軍神単体実測なし
82,座敷童子,4,80,通常育成モデルの参考値,水属性,9,,,同条件の軍神単体実測なし
82,座敷童子,4,80,通常育成モデルの参考値,火属性,7,,,同条件の軍神単体実測なし
82,座敷童子,4,80,通常育成モデルの参考値,風属性,17,,,同条件の軍神単体実測なし
83,武内宿禰,4,80,通常育成モデルの参考値,生命力,450,,,同条件の軍神単体実測なし
83,武内宿禰,4,80,通常育成モデルの参考値,気合,225,,,同条件の軍神単体実測なし
83,武内宿禰,4,80,通常育成モデルの参考値,腕力,15,,,同条件の軍神単体実測なし
83,武内宿禰,4,80,通常育成モデルの参考値,耐久力,12,,,同条件の軍神単体実測なし
83,武内宿禰,4,80,通常育成モデルの参考値,器用さ,15,,,同条件の軍神単体実測なし
83,武内宿禰,4,80,通常育成モデルの参考値,知力,18,,,同条件の軍神単体実測なし
83,武内宿禰,4,80,通常育成モデルの参考値,魅力,16,,,同条件の軍神単体実測なし
83,武内宿禰,4,80,通常育成モデルの参考値,土属性,9,,,同条件の軍神単体実測なし
83,武内宿禰,4,80,通常育成モデルの参考値,水属性,9,,,同条件の軍神単体実測なし
83,武内宿禰,4,80,通常育成モデルの参考値,火属性,11,,,同条件の軍神単体実測なし
83,武内宿禰,4,80,通常育成モデルの参考値,風属性,13,,,同条件の軍神単体実測なし
84,猿田彦,4,80,通常育成モデルの参考値,生命力,450,,,同条件の軍神単体実測なし
84,猿田彦,4,80,通常育成モデルの参考値,気合,225,,,同条件の軍神単体実測なし
84,猿田彦,4,80,通常育成モデルの参考値,腕力,16,,,同条件の軍神単体実測なし
84,猿田彦,4,80,通常育成モデルの参考値,耐久力,12,,,同条件の軍神単体実測なし
84,猿田彦,4,80,通常育成モデルの参考値,器用さ,15,,,同条件の軍神単体実測なし
84,猿田彦,4,80,通常育成モデルの参考値,知力,17,,,同条件の軍神単体実測なし
84,猿田彦,4,80,通常育成モデルの参考値,魅力,17,,,同条件の軍神単体実測なし
84,猿田彦,4,80,通常育成モデルの参考値,土属性,10,,,同条件の軍神単体実測なし
84,猿田彦,4,80,通常育成モデルの参考値,水属性,11,,,同条件の軍神単体実測なし
84,猿田彦,4,80,通常育成モデルの参考値,火属性,12,,,同条件の軍神単体実測なし
84,猿田彦,4,80,通常育成モデルの参考値,風属性,16,,,同条件の軍神単体実測なし
85,玉依姫,4,80,通常育成モデルの参考値,生命力,450,,,同条件の軍神単体実測なし
85,玉依姫,4,80,通常育成モデルの参考値,気合,225,,,同条件の軍神単体実測なし
85,玉依姫,4,80,通常育成モデルの参考値,腕力,12,,,同条件の軍神単体実測なし
85,玉依姫,4,80,通常育成モデルの参考値,耐久力,15,,,同条件の軍神単体実測なし
85,玉依姫,4,80,通常育成モデルの参考値,器用さ,12,,,同条件の軍神単体実測なし
85,玉依姫,4,80,通常育成モデルの参考値,知力,18,,,同条件の軍神単体実測なし
85,玉依姫,4,80,通常育成モデルの参考値,魅力,18,,,同条件の軍神単体実測なし
85,玉依姫,4,80,通常育成モデルの参考値,土属性,10,,,同条件の軍神単体実測なし
85,玉依姫,4,80,通常育成モデルの参考値,水属性,12,,,同条件の軍神単体実測なし
85,玉依姫,4,80,通常育成モデルの参考値,火属性,11,,,同条件の軍神単体実測なし
85,玉依姫,4,80,通常育成モデルの参考値,風属性,10,,,同条件の軍神単体実測なし
86,石凝姥,4,80,通常育成モデルの参考値,生命力,450,,,同条件の軍神単体実測なし
86,石凝姥,4,80,通常育成モデルの参考値,気合,225,,,同条件の軍神単体実測なし
86,石凝姥,4,80,通常育成モデルの参考値,腕力,12,,,同条件の軍神単体実測なし
86,石凝姥,4,80,通常育成モデルの参考値,耐久力,8,,,同条件の軍神単体実測なし
86,石凝姥,4,80,通常育成モデルの参考値,器用さ,16,,,同条件の軍神単体実測なし
86,石凝姥,4,80,通常育成モデルの参考値,知力,15,,,同条件の軍神単体実測なし
86,石凝姥,4,80,通常育成モデルの参考値,魅力,17,,,同条件の軍神単体実測なし
86,石凝姥,4,80,通常育成モデルの参考値,土属性,12,,,同条件の軍神単体実測なし
86,石凝姥,4,80,通常育成モデルの参考値,水属性,11,,,同条件の軍神単体実測なし
86,石凝姥,4,80,通常育成モデルの参考値,火属性,14,,,同条件の軍神単体実測なし
86,石凝姥,4,80,通常育成モデルの参考値,風属性,11,,,同条件の軍神単体実測なし
87,神大市姫,4,80,通常育成モデルの参考値,生命力,450,,,同条件の軍神単体実測なし
87,神大市姫,4,80,通常育成モデルの参考値,気合,225,,,同条件の軍神単体実測なし
87,神大市姫,4,80,通常育成モデルの参考値,腕力,12,,,同条件の軍神単体実測なし
87,神大市姫,4,80,通常育成モデルの参考値,耐久力,11,,,同条件の軍神単体実測なし
87,神大市姫,4,80,通常育成モデルの参考値,器用さ,15,,,同条件の軍神単体実測なし
87,神大市姫,4,80,通常育成モデルの参考値,知力,13,,,同条件の軍神単体実測なし
87,神大市姫,4,80,通常育成モデルの参考値,魅力,15,,,同条件の軍神単体実測なし
87,神大市姫,4,80,通常育成モデルの参考値,土属性,15,,,同条件の軍神単体実測なし
87,神大市姫,4,80,通常育成モデルの参考値,水属性,11,,,同条件の軍神単体実測なし
87,神大市姫,4,80,通常育成モデルの参考値,火属性,12,,,同条件の軍神単体実測なし
87,神大市姫,4,80,通常育成モデルの参考値,風属性,13,,,同条件の軍神単体実測なし
88,経津主,4,80,通常育成モデルの参考値,生命力,450,,,同条件の軍神単体実測なし
88,経津主,4,80,通常育成モデルの参考値,気合,225,,,同条件の軍神単体実測なし
88,経津主,4,80,通常育成モデルの参考値,腕力,18,,,同条件の軍神単体実測なし
88,経津主,4,80,通常育成モデルの参考値,耐久力,14,,,同条件の軍神単体実測なし
88,経津主,4,80,通常育成モデルの参考値,器用さ,14,,,同条件の軍神単体実測なし
88,経津主,4,80,通常育成モデルの参考値,知力,14,,,同条件の軍神単体実測なし
88,経津主,4,80,通常育成モデルの参考値,魅力,14,,,同条件の軍神単体実測なし
88,経津主,4,80,通常育成モデルの参考値,土属性,14,,,同条件の軍神単体実測なし
88,経津主,4,80,通常育成モデルの参考値,水属性,9,,,同条件の軍神単体実測なし
88,経津主,4,80,通常育成モデルの参考値,火属性,15,,,同条件の軍神単体実測なし
88,経津主,4,80,通常育成モデルの参考値,風属性,14,,,同条件の軍神単体実測なし
89,罔象女,4,80,通常育成モデルの参考値,生命力,450,,,同条件の軍神単体実測なし
89,罔象女,4,80,通常育成モデルの参考値,気合,225,,,同条件の軍神単体実測なし
89,罔象女,4,80,通常育成モデルの参考値,腕力,11,,,同条件の軍神単体実測なし
89,罔象女,4,80,通常育成モデルの参考値,耐久力,10,,,同条件の軍神単体実測なし
89,罔象女,4,80,通常育成モデルの参考値,器用さ,12,,,同条件の軍神単体実測なし
89,罔象女,4,80,通常育成モデルの参考値,知力,14,,,同条件の軍神単体実測なし
89,罔象女,4,80,通常育成モデルの参考値,魅力,18,,,同条件の軍神単体実測なし
89,罔象女,4,80,通常育成モデルの参考値,土属性,11,,,同条件の軍神単体実測なし
89,罔象女,4,80,通常育成モデルの参考値,水属性,16,,,同条件の軍神単体実測なし
89,罔象女,4,80,通常育成モデルの参考値,火属性,9,,,同条件の軍神単体実測なし
89,罔象女,4,80,通常育成モデルの参考値,風属性,12,,,同条件の軍神単体実測なし
90,豊玉姫,4,80,通常育成モデルの参考値,生命力,450,,,同条件の軍神単体実測なし
90,豊玉姫,4,80,通常育成モデルの参考値,気合,225,,,同条件の軍神単体実測なし
90,豊玉姫,4,80,通常育成モデルの参考値,腕力,15,,,同条件の軍神単体実測なし
90,豊玉姫,4,80,通常育成モデルの参考値,耐久力,11,,,同条件の軍神単体実測なし
90,豊玉姫,4,80,通常育成モデルの参考値,器用さ,12,,,同条件の軍神単体実測なし
90,豊玉姫,4,80,通常育成モデルの参考値,知力,17,,,同条件の軍神単体実測なし
90,豊玉姫,4,80,通常育成モデルの参考値,魅力,18,,,同条件の軍神単体実測なし
90,豊玉姫,4,80,通常育成モデルの参考値,土属性,8,,,同条件の軍神単体実測なし
90,豊玉姫,4,80,通常育成モデルの参考値,水属性,18,,,同条件の軍神単体実測なし
90,豊玉姫,4,80,通常育成モデルの参考値,火属性,8,,,同条件の軍神単体実測なし
90,豊玉姫,4,80,通常育成モデルの参考値,風属性,8,,,同条件の軍神単体実測なし
91,金刀比羅,4,80,通常育成モデルの参考値,生命力,450,,,同条件の軍神単体実測なし
91,金刀比羅,4,80,通常育成モデルの参考値,気合,225,,,同条件の軍神単体実測なし
91,金刀比羅,4,80,通常育成モデルの参考値,腕力,18,,,同条件の軍神単体実測なし
91,金刀比羅,4,80,通常育成モデルの参考値,耐久力,15,,,同条件の軍神単体実測なし
91,金刀比羅,4,80,通常育成モデルの参考値,器用さ,10,,,同条件の軍神単体実測なし
91,金刀比羅,4,80,通常育成モデルの参考値,知力,13,,,同条件の軍神単体実測なし
91,金刀比羅,4,80,通常育成モデルの参考値,魅力,17,,,同条件の軍神単体実測なし
91,金刀比羅,4,80,通常育成モデルの参考値,土属性,11,,,同条件の軍神単体実測なし
91,金刀比羅,4,80,通常育成モデルの参考値,水属性,18,,,同条件の軍神単体実測なし
91,金刀比羅,4,80,通常育成モデルの参考値,火属性,10,,,同条件の軍神単体実測なし
91,金刀比羅,4,80,通常育成モデルの参考値,風属性,12,,,同条件の軍神単体実測なし
92,金屋子,4,80,通常育成モデルの参考値,生命力,450,,,同条件の軍神単体実測なし
92,金屋子,4,80,通常育成モデルの参考値,気合,225,,,同条件の軍神単体実測なし
92,金屋子,4,80,通常育成モデルの参考値,腕力,17,,,同条件の軍神単体実測なし
92,金屋子,4,80,通常育成モデルの参考値,耐久力,12,,,同条件の軍神単体実測なし
92,金屋子,4,80,通常育成モデルの参考値,器用さ,13,,,同条件の軍神単体実測なし
92,金屋子,4,80,通常育成モデルの参考値,知力,13,,,同条件の軍神単体実測なし
92,金屋子,4,80,通常育成モデルの参考値,魅力,16,,,同条件の軍神単体実測なし
92,金屋子,4,80,通常育成モデルの参考値,土属性,13,,,同条件の軍神単体実測なし
92,金屋子,4,80,通常育成モデルの参考値,水属性,10,,,同条件の軍神単体実測なし
92,金屋子,4,80,通常育成モデルの参考値,火属性,16,,,同条件の軍神単体実測なし
92,金屋子,4,80,通常育成モデルの参考値,風属性,11,,,同条件の軍神単体実測なし
93,黄泉醜女,4,80,通常育成モデルの参考値,生命力,450,,,同条件の軍神単体実測なし
93,黄泉醜女,4,80,通常育成モデルの参考値,気合,225,,,同条件の軍神単体実測なし
93,黄泉醜女,4,80,通常育成モデルの参考値,腕力,18,,,同条件の軍神単体実測なし
93,黄泉醜女,4,80,通常育成モデルの参考値,耐久力,17,,,同条件の軍神単体実測なし
93,黄泉醜女,4,80,通常育成モデルの参考値,器用さ,12,,,同条件の軍神単体実測なし
93,黄泉醜女,4,80,通常育成モデルの参考値,知力,15,,,同条件の軍神単体実測なし
93,黄泉醜女,4,80,通常育成モデルの参考値,魅力,12,,,同条件の軍神単体実測なし
93,黄泉醜女,4,80,通常育成モデルの参考値,土属性,15,,,同条件の軍神単体実測なし
93,黄泉醜女,4,80,通常育成モデルの参考値,水属性,13,,,同条件の軍神単体実測なし
93,黄泉醜女,4,80,通常育成モデルの参考値,火属性,12,,,同条件の軍神単体実測なし
93,黄泉醜女,4,80,通常育成モデルの参考値,風属性,11,,,同条件の軍神単体実測なし
94,七福神,3,1,配布固定Lv1・実能力数値未登録,生命力,,,,能力実数値未登録
94,七福神,3,1,配布固定Lv1・実能力数値未登録,気合,,,,能力実数値未登録
94,七福神,3,1,配布固定Lv1・実能力数値未登録,腕力,,,,能力実数値未登録
94,七福神,3,1,配布固定Lv1・実能力数値未登録,耐久力,,,,能力実数値未登録
94,七福神,3,1,配布固定Lv1・実能力数値未登録,器用さ,,,,能力実数値未登録
94,七福神,3,1,配布固定Lv1・実能力数値未登録,知力,,,,能力実数値未登録
94,七福神,3,1,配布固定Lv1・実能力数値未登録,魅力,,,,能力実数値未登録
94,七福神,3,1,配布固定Lv1・実能力数値未登録,土属性,,,,能力実数値未登録
94,七福神,3,1,配布固定Lv1・実能力数値未登録,水属性,,,,能力実数値未登録
94,七福神,3,1,配布固定Lv1・実能力数値未登録,火属性,,,,能力実数値未登録
94,七福神,3,1,配布固定Lv1・実能力数値未登録,風属性,,,,能力実数値未登録
95,久延毘古,3,80,通常育成モデルの参考値,生命力,324,,,同条件の軍神単体実測なし
95,久延毘古,3,80,通常育成モデルの参考値,気合,162,,,同条件の軍神単体実測なし
95,久延毘古,3,80,通常育成モデルの参考値,腕力,10,,,同条件の軍神単体実測なし
95,久延毘古,3,80,通常育成モデルの参考値,耐久力,8,,,同条件の軍神単体実測なし
95,久延毘古,3,80,通常育成モデルの参考値,器用さ,8,,,同条件の軍神単体実測なし
95,久延毘古,3,80,通常育成モデルの参考値,知力,13,,,同条件の軍神単体実測なし
95,久延毘古,3,80,通常育成モデルの参考値,魅力,9,,,同条件の軍神単体実測なし
95,久延毘古,3,80,通常育成モデルの参考値,土属性,8,,,同条件の軍神単体実測なし
95,久延毘古,3,80,通常育成モデルの参考値,水属性,10,,,同条件の軍神単体実測なし
95,久延毘古,3,80,通常育成モデルの参考値,火属性,7,,,同条件の軍神単体実測なし
95,久延毘古,3,80,通常育成モデルの参考値,風属性,8,,,同条件の軍神単体実測なし
96,佐保姫,3,80,通常育成モデルの参考値,生命力,324,,,同条件の軍神単体実測なし
96,佐保姫,3,80,通常育成モデルの参考値,気合,162,,,同条件の軍神単体実測なし
96,佐保姫,3,80,通常育成モデルの参考値,腕力,10,,,同条件の軍神単体実測なし
96,佐保姫,3,80,通常育成モデルの参考値,耐久力,6,,,同条件の軍神単体実測なし
96,佐保姫,3,80,通常育成モデルの参考値,器用さ,8,,,同条件の軍神単体実測なし
96,佐保姫,3,80,通常育成モデルの参考値,知力,11,,,同条件の軍神単体実測なし
96,佐保姫,3,80,通常育成モデルの参考値,魅力,13,,,同条件の軍神単体実測なし
96,佐保姫,3,80,通常育成モデルの参考値,土属性,6,,,同条件の軍神単体実測なし
96,佐保姫,3,80,通常育成モデルの参考値,水属性,6,,,同条件の軍神単体実測なし
96,佐保姫,3,80,通常育成モデルの参考値,火属性,6,,,同条件の軍神単体実測なし
96,佐保姫,3,80,通常育成モデルの参考値,風属性,11,,,同条件の軍神単体実測なし
97,保食,3,80,通常育成モデルの参考値,生命力,324,,,同条件の軍神単体実測なし
97,保食,3,80,通常育成モデルの参考値,気合,162,,,同条件の軍神単体実測なし
97,保食,3,80,通常育成モデルの参考値,腕力,13,,,同条件の軍神単体実測なし
97,保食,3,80,通常育成モデルの参考値,耐久力,11,,,同条件の軍神単体実測なし
97,保食,3,80,通常育成モデルの参考値,器用さ,5,,,同条件の軍神単体実測なし
97,保食,3,80,通常育成モデルの参考値,知力,9,,,同条件の軍神単体実測なし
97,保食,3,80,通常育成モデルの参考値,魅力,13,,,同条件の軍神単体実測なし
97,保食,3,80,通常育成モデルの参考値,土属性,10,,,同条件の軍神単体実測なし
97,保食,3,80,通常育成モデルの参考値,水属性,11,,,同条件の軍神単体実測なし
97,保食,3,80,通常育成モデルの参考値,火属性,8,,,同条件の軍神単体実測なし
97,保食,3,80,通常育成モデルの参考値,風属性,9,,,同条件の軍神単体実測なし
98,塩土老翁,3,80,通常育成モデルの参考値,生命力,324,,,同条件の軍神単体実測なし
98,塩土老翁,3,80,通常育成モデルの参考値,気合,162,,,同条件の軍神単体実測なし
98,塩土老翁,3,80,通常育成モデルの参考値,腕力,8,,,同条件の軍神単体実測なし
98,塩土老翁,3,80,通常育成モデルの参考値,耐久力,6,,,同条件の軍神単体実測なし
98,塩土老翁,3,80,通常育成モデルの参考値,器用さ,9,,,同条件の軍神単体実測なし
98,塩土老翁,3,80,通常育成モデルの参考値,知力,13,,,同条件の軍神単体実測なし
98,塩土老翁,3,80,通常育成モデルの参考値,魅力,9,,,同条件の軍神単体実測なし
98,塩土老翁,3,80,通常育成モデルの参考値,土属性,6,,,同条件の軍神単体実測なし
98,塩土老翁,3,80,通常育成モデルの参考値,水属性,10,,,同条件の軍神単体実測なし
98,塩土老翁,3,80,通常育成モデルの参考値,火属性,6,,,同条件の軍神単体実測なし
98,塩土老翁,3,80,通常育成モデルの参考値,風属性,10,,,同条件の軍神単体実測なし
99,大屋都姫,3,80,通常育成モデルの参考値,生命力,324,,,同条件の軍神単体実測なし
99,大屋都姫,3,80,通常育成モデルの参考値,気合,162,,,同条件の軍神単体実測なし
99,大屋都姫,3,80,通常育成モデルの参考値,腕力,9,,,同条件の軍神単体実測なし
99,大屋都姫,3,80,通常育成モデルの参考値,耐久力,9,,,同条件の軍神単体実測なし
99,大屋都姫,3,80,通常育成モデルの参考値,器用さ,8,,,同条件の軍神単体実測なし
99,大屋都姫,3,80,通常育成モデルの参考値,知力,11,,,同条件の軍神単体実測なし
99,大屋都姫,3,80,通常育成モデルの参考値,魅力,12,,,同条件の軍神単体実測なし
99,大屋都姫,3,80,通常育成モデルの参考値,土属性,10,,,同条件の軍神単体実測なし
99,大屋都姫,3,80,通常育成モデルの参考値,水属性,8,,,同条件の軍神単体実測なし
99,大屋都姫,3,80,通常育成モデルの参考値,火属性,6,,,同条件の軍神単体実測なし
99,大屋都姫,3,80,通常育成モデルの参考値,風属性,6,,,同条件の軍神単体実測なし
100,天之御影,3,80,通常育成モデルの参考値,生命力,324,,,同条件の軍神単体実測なし
100,天之御影,3,80,通常育成モデルの参考値,気合,162,,,同条件の軍神単体実測なし
100,天之御影,3,80,通常育成モデルの参考値,腕力,13,,,同条件の軍神単体実測なし
100,天之御影,3,80,通常育成モデルの参考値,耐久力,10,,,同条件の軍神単体実測なし
100,天之御影,3,80,通常育成モデルの参考値,器用さ,11,,,同条件の軍神単体実測なし
100,天之御影,3,80,通常育成モデルの参考値,知力,11,,,同条件の軍神単体実測なし
100,天之御影,3,80,通常育成モデルの参考値,魅力,11,,,同条件の軍神単体実測なし
100,天之御影,3,80,通常育成モデルの参考値,土属性,11,,,同条件の軍神単体実測なし
100,天之御影,3,80,通常育成モデルの参考値,水属性,6,,,同条件の軍神単体実測なし
100,天之御影,3,80,通常育成モデルの参考値,火属性,10,,,同条件の軍神単体実測なし
100,天之御影,3,80,通常育成モデルの参考値,風属性,7,,,同条件の軍神単体実測なし
101,天火明,3,80,通常育成モデルの参考値,生命力,324,,,同条件の軍神単体実測なし
101,天火明,3,80,通常育成モデルの参考値,気合,162,,,同条件の軍神単体実測なし
101,天火明,3,80,通常育成モデルの参考値,腕力,12,,,同条件の軍神単体実測なし
101,天火明,3,80,通常育成モデルの参考値,耐久力,10,,,同条件の軍神単体実測なし
101,天火明,3,80,通常育成モデルの参考値,器用さ,7,,,同条件の軍神単体実測なし
101,天火明,3,80,通常育成モデルの参考値,知力,12,,,同条件の軍神単体実測なし
101,天火明,3,80,通常育成モデルの参考値,魅力,9,,,同条件の軍神単体実測なし
101,天火明,3,80,通常育成モデルの参考値,土属性,7,,,同条件の軍神単体実測なし
101,天火明,3,80,通常育成モデルの参考値,水属性,6,,,同条件の軍神単体実測なし
101,天火明,3,80,通常育成モデルの参考値,火属性,13,,,同条件の軍神単体実測なし
101,天火明,3,80,通常育成モデルの参考値,風属性,7,,,同条件の軍神単体実測なし
102,天若日子,3,80,通常育成モデルの参考値,生命力,324,,,同条件の軍神単体実測なし
102,天若日子,3,80,通常育成モデルの参考値,気合,162,,,同条件の軍神単体実測なし
102,天若日子,3,80,通常育成モデルの参考値,腕力,12,,,同条件の軍神単体実測なし
102,天若日子,3,80,通常育成モデルの参考値,耐久力,9,,,同条件の軍神単体実測なし
102,天若日子,3,80,通常育成モデルの参考値,器用さ,10,,,同条件の軍神単体実測なし
102,天若日子,3,80,通常育成モデルの参考値,知力,9,,,同条件の軍神単体実測なし
102,天若日子,3,80,通常育成モデルの参考値,魅力,11,,,同条件の軍神単体実測なし
102,天若日子,3,80,通常育成モデルの参考値,土属性,7,,,同条件の軍神単体実測なし
102,天若日子,3,80,通常育成モデルの参考値,水属性,10,,,同条件の軍神単体実測なし
102,天若日子,3,80,通常育成モデルの参考値,火属性,8,,,同条件の軍神単体実測なし
102,天若日子,3,80,通常育成モデルの参考値,風属性,10,,,同条件の軍神単体実測なし
103,天鳥船,3,80,通常育成モデルの参考値,生命力,324,,,同条件の軍神単体実測なし
103,天鳥船,3,80,通常育成モデルの参考値,気合,162,,,同条件の軍神単体実測なし
103,天鳥船,3,80,通常育成モデルの参考値,腕力,8,,,同条件の軍神単体実測なし
103,天鳥船,3,80,通常育成モデルの参考値,耐久力,6,,,同条件の軍神単体実測なし
103,天鳥船,3,80,通常育成モデルの参考値,器用さ,10,,,同条件の軍神単体実測なし
103,天鳥船,3,80,通常育成モデルの参考値,知力,11,,,同条件の軍神単体実測なし
103,天鳥船,3,80,通常育成モデルの参考値,魅力,9,,,同条件の軍神単体実測なし
103,天鳥船,3,80,通常育成モデルの参考値,土属性,7,,,同条件の軍神単体実測なし
103,天鳥船,3,80,通常育成モデルの参考値,水属性,6,,,同条件の軍神単体実測なし
103,天鳥船,3,80,通常育成モデルの参考値,火属性,6,,,同条件の軍神単体実測なし
103,天鳥船,3,80,通常育成モデルの参考値,風属性,13,,,同条件の軍神単体実測なし
104,宇迦之御魂,3,80,通常育成モデルの参考値,生命力,324,,,同条件の軍神単体実測なし
104,宇迦之御魂,3,80,通常育成モデルの参考値,気合,162,,,同条件の軍神単体実測なし
104,宇迦之御魂,3,80,通常育成モデルの参考値,腕力,9,,,同条件の軍神単体実測なし
104,宇迦之御魂,3,80,通常育成モデルの参考値,耐久力,9,,,同条件の軍神単体実測なし
104,宇迦之御魂,3,80,通常育成モデルの参考値,器用さ,10,,,同条件の軍神単体実測なし
104,宇迦之御魂,3,80,通常育成モデルの参考値,知力,13,,,同条件の軍神単体実測なし
104,宇迦之御魂,3,80,通常育成モデルの参考値,魅力,12,,,同条件の軍神単体実測なし
104,宇迦之御魂,3,80,通常育成モデルの参考値,土属性,10,,,同条件の軍神単体実測なし
104,宇迦之御魂,3,80,通常育成モデルの参考値,水属性,9,,,同条件の軍神単体実測なし
104,宇迦之御魂,3,80,通常育成モデルの参考値,火属性,11,,,同条件の軍神単体実測なし
104,宇迦之御魂,3,80,通常育成モデルの参考値,風属性,11,,,同条件の軍神単体実測なし
105,招き猫,3,80,通常育成モデルの参考値,生命力,324,,,同条件の軍神単体実測なし
105,招き猫,3,80,通常育成モデルの参考値,気合,162,,,同条件の軍神単体実測なし
105,招き猫,3,80,通常育成モデルの参考値,腕力,8,,,同条件の軍神単体実測なし
105,招き猫,3,80,通常育成モデルの参考値,耐久力,6,,,同条件の軍神単体実測なし
105,招き猫,3,80,通常育成モデルの参考値,器用さ,6,,,同条件の軍神単体実測なし
105,招き猫,3,80,通常育成モデルの参考値,知力,8,,,同条件の軍神単体実測なし
105,招き猫,3,80,通常育成モデルの参考値,魅力,13,,,同条件の軍神単体実測なし
105,招き猫,3,80,通常育成モデルの参考値,土属性,7,,,同条件の軍神単体実測なし
105,招き猫,3,80,通常育成モデルの参考値,水属性,7,,,同条件の軍神単体実測なし
105,招き猫,3,80,通常育成モデルの参考値,火属性,7,,,同条件の軍神単体実測なし
105,招き猫,3,80,通常育成モデルの参考値,風属性,7,,,同条件の軍神単体実測なし
106,栲幡千々姫,3,80,通常育成モデルの参考値,生命力,324,,,同条件の軍神単体実測なし
106,栲幡千々姫,3,80,通常育成モデルの参考値,気合,162,,,同条件の軍神単体実測なし
106,栲幡千々姫,3,80,通常育成モデルの参考値,腕力,11,,,同条件の軍神単体実測なし
106,栲幡千々姫,3,80,通常育成モデルの参考値,耐久力,9,,,同条件の軍神単体実測なし
106,栲幡千々姫,3,80,通常育成モデルの参考値,器用さ,11,,,同条件の軍神単体実測なし
106,栲幡千々姫,3,80,通常育成モデルの参考値,知力,12,,,同条件の軍神単体実測なし
106,栲幡千々姫,3,80,通常育成モデルの参考値,魅力,12,,,同条件の軍神単体実測なし
106,栲幡千々姫,3,80,通常育成モデルの参考値,土属性,7,,,同条件の軍神単体実測なし
106,栲幡千々姫,3,80,通常育成モデルの参考値,水属性,11,,,同条件の軍神単体実測なし
106,栲幡千々姫,3,80,通常育成モデルの参考値,火属性,6,,,同条件の軍神単体実測なし
106,栲幡千々姫,3,80,通常育成モデルの参考値,風属性,10,,,同条件の軍神単体実測なし
107,泣沢女,3,80,通常育成モデルの参考値,生命力,324,,,同条件の軍神単体実測なし
107,泣沢女,3,80,通常育成モデルの参考値,気合,162,,,同条件の軍神単体実測なし
107,泣沢女,3,80,通常育成モデルの参考値,腕力,8,,,同条件の軍神単体実測なし
107,泣沢女,3,80,通常育成モデルの参考値,耐久力,6,,,同条件の軍神単体実測なし
107,泣沢女,3,80,通常育成モデルの参考値,器用さ,9,,,同条件の軍神単体実測なし
107,泣沢女,3,80,通常育成モデルの参考値,知力,11,,,同条件の軍神単体実測なし
107,泣沢女,3,80,通常育成モデルの参考値,魅力,10,,,同条件の軍神単体実測なし
107,泣沢女,3,80,通常育成モデルの参考値,土属性,8,,,同条件の軍神単体実測なし
107,泣沢女,3,80,通常育成モデルの参考値,水属性,10,,,同条件の軍神単体実測なし
107,泣沢女,3,80,通常育成モデルの参考値,火属性,6,,,同条件の軍神単体実測なし
107,泣沢女,3,80,通常育成モデルの参考値,風属性,8,,,同条件の軍神単体実測なし
108,犬神,3,80,通常育成モデルの参考値,生命力,324,,,同条件の軍神単体実測なし
108,犬神,3,80,通常育成モデルの参考値,気合,162,,,同条件の軍神単体実測なし
108,犬神,3,80,通常育成モデルの参考値,腕力,9,,,同条件の軍神単体実測なし
108,犬神,3,80,通常育成モデルの参考値,耐久力,6,,,同条件の軍神単体実測なし
108,犬神,3,80,通常育成モデルの参考値,器用さ,12,,,同条件の軍神単体実測なし
108,犬神,3,80,通常育成モデルの参考値,知力,8,,,同条件の軍神単体実測なし
108,犬神,3,80,通常育成モデルの参考値,魅力,13,,,同条件の軍神単体実測なし
108,犬神,3,80,通常育成モデルの参考値,土属性,13,,,同条件の軍神単体実測なし
108,犬神,3,80,通常育成モデルの参考値,水属性,8,,,同条件の軍神単体実測なし
108,犬神,3,80,通常育成モデルの参考値,火属性,8,,,同条件の軍神単体実測なし
108,犬神,3,80,通常育成モデルの参考値,風属性,8,,,同条件の軍神単体実測なし
109,稚産霊,3,80,通常育成モデルの参考値,生命力,324,,,同条件の軍神単体実測なし
109,稚産霊,3,80,通常育成モデルの参考値,気合,162,,,同条件の軍神単体実測なし
109,稚産霊,3,80,通常育成モデルの参考値,腕力,9,,,同条件の軍神単体実測なし
109,稚産霊,3,80,通常育成モデルの参考値,耐久力,6,,,同条件の軍神単体実測なし
109,稚産霊,3,80,通常育成モデルの参考値,器用さ,6,,,同条件の軍神単体実測なし
109,稚産霊,3,80,通常育成モデルの参考値,知力,11,,,同条件の軍神単体実測なし
109,稚産霊,3,80,通常育成モデルの参考値,魅力,13,,,同条件の軍神単体実測なし
109,稚産霊,3,80,通常育成モデルの参考値,土属性,10,,,同条件の軍神単体実測なし
109,稚産霊,3,80,通常育成モデルの参考値,水属性,10,,,同条件の軍神単体実測なし
109,稚産霊,3,80,通常育成モデルの参考値,火属性,6,,,同条件の軍神単体実測なし
109,稚産霊,3,80,通常育成モデルの参考値,風属性,10,,,同条件の軍神単体実測なし
110,荒覇吐,3,80,通常育成モデルの参考値,生命力,324,,,同条件の軍神単体実測なし
110,荒覇吐,3,80,通常育成モデルの参考値,気合,162,,,同条件の軍神単体実測なし
110,荒覇吐,3,80,通常育成モデルの参考値,腕力,13,,,同条件の軍神単体実測なし
110,荒覇吐,3,80,通常育成モデルの参考値,耐久力,8,,,同条件の軍神単体実測なし
110,荒覇吐,3,80,通常育成モデルの参考値,器用さ,10,,,同条件の軍神単体実測なし
110,荒覇吐,3,80,通常育成モデルの参考値,知力,9,,,同条件の軍神単体実測なし
110,荒覇吐,3,80,通常育成モデルの参考値,魅力,9,,,同条件の軍神単体実測なし
110,荒覇吐,3,80,通常育成モデルの参考値,土属性,9,,,同条件の軍神単体実測なし
110,荒覇吐,3,80,通常育成モデルの参考値,水属性,8,,,同条件の軍神単体実測なし
110,荒覇吐,3,80,通常育成モデルの参考値,火属性,10,,,同条件の軍神単体実測なし
110,荒覇吐,3,80,通常育成モデルの参考値,風属性,8,,,同条件の軍神単体実測なし
111,速秋津姫,3,80,通常育成モデルの参考値,生命力,324,,,同条件の軍神単体実測なし
111,速秋津姫,3,80,通常育成モデルの参考値,気合,162,,,同条件の軍神単体実測なし
111,速秋津姫,3,80,通常育成モデルの参考値,腕力,7,,,同条件の軍神単体実測なし
111,速秋津姫,3,80,通常育成モデルの参考値,耐久力,6,,,同条件の軍神単体実測なし
111,速秋津姫,3,80,通常育成モデルの参考値,器用さ,7,,,同条件の軍神単体実測なし
111,速秋津姫,3,80,通常育成モデルの参考値,知力,9,,,同条件の軍神単体実測なし
111,速秋津姫,3,80,通常育成モデルの参考値,魅力,13,,,同条件の軍神単体実測なし
111,速秋津姫,3,80,通常育成モデルの参考値,土属性,6,,,同条件の軍神単体実測なし
111,速秋津姫,3,80,通常育成モデルの参考値,水属性,13,,,同条件の軍神単体実測なし
111,速秋津姫,3,80,通常育成モデルの参考値,火属性,6,,,同条件の軍神単体実測なし
111,速秋津姫,3,80,通常育成モデルの参考値,風属性,10,,,同条件の軍神単体実測なし
112,闇淤加美,3,80,通常育成モデルの参考値,生命力,324,,,同条件の軍神単体実測なし
112,闇淤加美,3,80,通常育成モデルの参考値,気合,162,,,同条件の軍神単体実測なし
112,闇淤加美,3,80,通常育成モデルの参考値,腕力,8,,,同条件の軍神単体実測なし
112,闇淤加美,3,80,通常育成モデルの参考値,耐久力,8,,,同条件の軍神単体実測なし
112,闇淤加美,3,80,通常育成モデルの参考値,器用さ,7,,,同条件の軍神単体実測なし
112,闇淤加美,3,80,通常育成モデルの参考値,知力,11,,,同条件の軍神単体実測なし
112,闇淤加美,3,80,通常育成モデルの参考値,魅力,13,,,同条件の軍神単体実測なし
112,闇淤加美,3,80,通常育成モデルの参考値,土属性,6,,,同条件の軍神単体実測なし
112,闇淤加美,3,80,通常育成モデルの参考値,水属性,13,,,同条件の軍神単体実測なし
112,闇淤加美,3,80,通常育成モデルの参考値,火属性,9,,,同条件の軍神単体実測なし
112,闇淤加美,3,80,通常育成モデルの参考値,風属性,8,,,同条件の軍神単体実測なし
113,阿加流姫,3,80,通常育成モデルの参考値,生命力,324,,,同条件の軍神単体実測なし
113,阿加流姫,3,80,通常育成モデルの参考値,気合,162,,,同条件の軍神単体実測なし
113,阿加流姫,3,80,通常育成モデルの参考値,腕力,9,,,同条件の軍神単体実測なし
113,阿加流姫,3,80,通常育成モデルの参考値,耐久力,9,,,同条件の軍神単体実測なし
113,阿加流姫,3,80,通常育成モデルの参考値,器用さ,9,,,同条件の軍神単体実測なし
113,阿加流姫,3,80,通常育成モデルの参考値,知力,9,,,同条件の軍神単体実測なし
113,阿加流姫,3,80,通常育成モデルの参考値,魅力,12,,,同条件の軍神単体実測なし
113,阿加流姫,3,80,通常育成モデルの参考値,土属性,9,,,同条件の軍神単体実測なし
113,阿加流姫,3,80,通常育成モデルの参考値,水属性,9,,,同条件の軍神単体実測なし
113,阿加流姫,3,80,通常育成モデルの参考値,火属性,11,,,同条件の軍神単体実測なし
113,阿加流姫,3,80,通常育成モデルの参考値,風属性,9,,,同条件の軍神単体実測なし
114,鹿屋野姫,3,80,通常育成モデルの参考値,生命力,324,,,同条件の軍神単体実測なし
114,鹿屋野姫,3,80,通常育成モデルの参考値,気合,162,,,同条件の軍神単体実測なし
114,鹿屋野姫,3,80,通常育成モデルの参考値,腕力,9,,,同条件の軍神単体実測なし
114,鹿屋野姫,3,80,通常育成モデルの参考値,耐久力,6,,,同条件の軍神単体実測なし
114,鹿屋野姫,3,80,通常育成モデルの参考値,器用さ,6,,,同条件の軍神単体実測なし
114,鹿屋野姫,3,80,通常育成モデルの参考値,知力,13,,,同条件の軍神単体実測なし
114,鹿屋野姫,3,80,通常育成モデルの参考値,魅力,13,,,同条件の軍神単体実測なし
114,鹿屋野姫,3,80,通常育成モデルの参考値,土属性,6,,,同条件の軍神単体実測なし
114,鹿屋野姫,3,80,通常育成モデルの参考値,水属性,10,,,同条件の軍神単体実測なし
114,鹿屋野姫,3,80,通常育成モデルの参考値,火属性,6,,,同条件の軍神単体実測なし
114,鹿屋野姫,3,80,通常育成モデルの参考値,風属性,12,,,同条件の軍神単体実測なし
118,鞍馬天狗,6,80,通常育成モデルの参考値,生命力,705,,,同条件の軍神単体実測なし
118,鞍馬天狗,6,80,通常育成モデルの参考値,気合,352,,,同条件の軍神単体実測なし
118,鞍馬天狗,6,80,通常育成モデルの参考値,腕力,29,,,同条件の軍神単体実測なし
118,鞍馬天狗,6,80,通常育成モデルの参考値,耐久力,23,,,同条件の軍神単体実測なし
118,鞍馬天狗,6,80,通常育成モデルの参考値,器用さ,29,,,同条件の軍神単体実測なし
118,鞍馬天狗,6,80,通常育成モデルの参考値,知力,29,,,同条件の軍神単体実測なし
118,鞍馬天狗,6,80,通常育成モデルの参考値,魅力,28,,,同条件の軍神単体実測なし
118,鞍馬天狗,6,80,通常育成モデルの参考値,土属性,23,,,同条件の軍神単体実測なし
118,鞍馬天狗,6,80,通常育成モデルの参考値,水属性,15,,,同条件の軍神単体実測なし
118,鞍馬天狗,6,80,通常育成モデルの参考値,火属性,12,,,同条件の軍神単体実測なし
118,鞍馬天狗,6,80,通常育成モデルの参考値,風属性,29,,,同条件の軍神単体実測なし
