能力,首位変更構成数,おすすめ首位推定減少,おすすめTOP500共通件数,おすすめTOP500入替件数,おすすめ1位の編成変更,注記
生命力,0,0,500,0,0,参考中央値と参考下端が同一
気合,0,0,500,0,0,参考中央値と参考下端が同一
腕力,195,0,200,300,0,三貴神3回・奉納物なし参考値の下端。ゲーム内実測・保証値ではない
耐久力,192,27,209,291,1,三貴神3回・奉納物なし参考値の下端。ゲーム内実測・保証値ではない
器用さ,204,20,89,411,1,三貴神3回・奉納物なし参考値の下端。ゲーム内実測・保証値ではない
知力,201,0,48,452,0,三貴神3回・奉納物なし参考値の下端。ゲーム内実測・保証値ではない
魅力,131,0,358,142,0,三貴神3回・奉納物なし参考値の下端。ゲーム内実測・保証値ではない
土属性,166,32,197,303,1,三貴神3回・奉納物なし参考値の下端。ゲーム内実測・保証値ではない
水属性,153,20,121,379,1,三貴神3回・奉納物なし参考値の下端。ゲーム内実測・保証値ではない
火属性,117,33,255,245,0,三貴神3回・奉納物なし参考値の下端。ゲーム内実測・保証値ではない
風属性,127,13,185,315,1,三貴神3回・奉納物なし参考値の下端。ゲーム内実測・保証値ではない
