No,軍神名,コスト,全11能力での登場延べ回数,分類,生命力,気合,腕力,耐久力,器用さ,知力,魅力,土属性,水属性,火属性,風属性
39,アルテミス,6,2605,通常育成（推定）,500,500,368,0,391,0,420,0,0,0,426
118,鞍馬天狗,6,1518,通常育成（推定）,0,0,345,0,391,359,0,0,0,0,423
41,八上姫,6,1311,通常育成（推定）,500,500,0,0,0,21,290,0,0,0,0
45,猫又,6,1212,通常育成（推定）,0,0,357,0,391,21,273,65,0,0,105
51,鬼子母神,6,1172,通常育成（推定）,0,0,356,212,0,373,231,0,0,0,0
27,四神,7,1114,通常育成（推定）,0,0,0,0,0,0,0,197,142,404,371
40,事代主,6,1100,通常育成（推定）,500,500,0,0,76,0,0,0,24,0,0
76,大禍津日,4,1070,通常育成（推定）,57,57,0,0,0,191,0,216,158,218,173
43,摩利支天,6,1023,通常育成（推定）,190,190,0,0,276,0,0,0,0,367,0
82,座敷童子,4,939,通常育成（推定）,46,46,0,0,129,187,143,216,0,0,172
93,黄泉醜女,4,840,通常育成（推定）,45,45,221,482,1,0,0,44,0,2,0
74,乙姫,4,813,通常育成（推定）,57,57,0,0,64,195,144,5,289,0,2
47,百襲姫,6,702,通常育成（推定）,0,0,0,0,0,394,248,0,0,9,51
81,少彦名,4,659,通常育成（推定）,53,53,0,0,246,188,0,5,114,0,0
91,金刀比羅,4,650,通常育成（推定）,45,45,221,49,0,0,0,0,288,0,2
42,大山祇,6,626,通常育成（推定）,190,190,12,215,0,0,0,19,0,0,0
44,源義経,6,606,通常育成（推定）,120,120,0,0,76,0,290,0,0,0,0
75,埴安彦,4,594,通常育成（推定）,57,57,0,49,0,0,0,364,0,67,0
23,素戔嗚,8,573,通常育成（推定）,0,0,6,134,0,0,0,227,206,0,0
97,保食,3,548,通常育成（推定）,0,0,100,387,0,0,0,27,24,6,4
1,アフロディテ,8,545,通常育成（推定）,0,0,0,0,0,105,0,232,208,0,0
90,豊玉姫,4,521,通常育成（推定）,45,45,0,0,1,0,141,0,289,0,0
79,天鈿女,4,477,通常育成（推定）,57,57,3,0,8,0,144,0,36,131,41
85,玉依姫,4,471,通常育成（推定）,46,46,0,49,1,186,142,0,0,1,0
88,経津主,4,425,通常育成（推定）,46,46,222,0,8,0,0,18,0,67,18
108,犬神,3,406,通常育成（推定）,0,0,0,0,57,0,0,342,0,6,1
3,ポセイドン,8,366,通常育成（推定）,0,0,6,152,0,0,0,0,208,0,0
14,媽祖,8,358,通常育成（推定）,0,0,6,134,0,0,0,0,208,0,10
89,罔象女,4,351,通常育成（推定）,46,46,0,0,1,0,142,0,114,0,2
100,天之御影,3,351,通常育成（推定）,0,0,100,98,21,0,0,92,0,40,0
2,インドラ,8,350,通常育成（推定）,0,0,6,0,0,105,0,229,0,0,10
77,天児屋根,4,344,通常育成（推定）,57,57,0,0,8,189,0,0,0,31,2
36,迦具土,7,338,通常育成（推定）,0,0,36,0,0,0,0,0,0,302,0
101,天火明,3,333,通常育成（推定）,0,0,0,98,0,0,0,0,0,235,0
63,弁才天,5,320,通常育成（推定）,0,0,0,0,0,24,0,0,296,0,0
83,武内宿禰,4,314,通常育成（推定）,46,46,0,0,28,187,0,0,0,1,6
38,阿修羅,7,295,通常育成（推定）,0,0,36,26,0,0,0,0,0,0,233
48,石長姫,6,287,通常育成（推定）,0,0,0,215,0,0,0,65,0,0,7
80,奇稲田姫,4,270,通常育成（推定）,57,57,0,0,0,0,144,0,6,0,6
12,天之御中主,8,267,通常育成（推定）,0,0,0,0,0,0,0,30,0,227,10
49,菊理姫,6,248,通常育成（推定）,0,0,0,0,0,0,248,0,0,0,0
71,金山彦,5,247,通常育成（推定）,0,0,0,0,0,0,0,247,0,0,0
73,須世理姫,5,243,通常育成（推定）,0,0,0,0,0,0,0,0,0,224,19
34,毘沙門天,7,234,通常育成（推定）,0,0,36,0,198,0,0,0,0,0,0
92,金屋子,4,231,通常育成（推定）,45,45,3,0,2,0,0,5,0,131,0
78,天羽槌雄,4,220,通常育成（推定）,57,57,0,0,64,0,0,0,0,0,42
84,猿田彦,4,208,通常育成（推定）,46,46,0,0,28,0,0,0,0,2,86
104,宇迦之御魂,3,201,通常育成（推定）,0,0,0,47,9,0,0,27,0,79,39
53,国御柱,5,197,通常育成（推定）,0,0,0,0,0,0,0,0,0,0,197
86,石凝姥,4,185,通常育成（推定）,46,46,0,0,62,0,0,0,0,31,0
66,玉祖,5,177,通常育成（推定）,0,0,0,0,153,24,0,0,0,0,0
103,天鳥船,3,177,通常育成（推定）,0,0,0,0,10,0,0,0,0,0,167
52,吉備津彦,5,172,通常育成（推定）,0,0,0,0,153,0,0,0,0,0,19
87,神大市姫,4,172,通常育成（推定）,46,46,0,0,28,0,0,44,0,2,6
110,荒覇吐,3,157,通常育成（推定）,0,0,100,0,9,0,0,9,0,38,1
8,凶変伊邪那美,8,149,通常育成（推定）,0,0,0,149,0,0,0,0,0,0,0
28,大物主,7,149,通常育成（推定）,0,0,0,0,0,0,0,8,0,101,40
111,速秋津姫,3,147,通常育成（推定）,0,0,0,0,0,0,0,0,130,0,17
112,闇淤加美,3,147,通常育成（推定）,0,0,0,0,0,0,0,0,130,16,1
113,阿加流姫,3,146,通常育成（推定）,0,0,0,47,7,0,0,9,0,79,4
31,建御雷,7,144,通常育成（推定）,0,0,36,0,0,0,0,108,0,0,0
61,天目一箇,5,144,通常育成（推定）,0,0,51,18,28,0,0,9,0,38,0
20,玉藻の前,8,142,通常育成（推定）,0,0,6,134,0,0,0,0,0,2,0
13,天津甕星,8,140,通常育成（推定）,0,0,6,134,0,0,0,0,0,0,0
5,伊邪那岐,8,111,通常育成（推定）,0,0,6,0,0,105,0,0,0,0,0
106,栲幡千々姫,3,109,通常育成（推定）,0,0,0,47,21,0,0,0,24,0,17
114,鹿屋野姫,3,86,通常育成（推定）,0,0,0,0,0,0,0,0,0,0,86
64,木花咲耶姫,5,81,通常育成（推定）,0,0,0,0,0,0,0,0,0,81,0
102,天若日子,3,80,通常育成（推定）,0,0,0,47,10,0,0,0,0,6,17
99,大屋都姫,3,75,通常育成（推定）,0,0,0,47,1,0,0,27,0,0,0
72,鍾馗,5,74,通常育成（推定）,0,0,50,0,0,24,0,0,0,0,0
54,大神実命,5,61,通常育成（推定）,0,0,51,0,0,0,0,9,0,1,0
68,稚日女,5,61,通常育成（推定）,0,0,0,0,11,0,0,0,50,0,0
26,八幡,7,60,通常育成（推定）,0,0,59,1,0,0,0,0,0,0,0
6,伊邪那美,8,56,通常育成（推定）,0,0,0,0,0,56,0,0,0,0,0
35,綿津見三神,7,56,通常育成（推定）,0,0,0,0,0,0,0,0,56,0,0
57,天手力男,5,51,通常育成（推定）,0,0,51,0,0,0,0,0,0,0,0
50,邇邇芸,6,50,通常育成（推定）,0,0,12,0,1,21,0,0,0,9,7
55,天御柱,5,49,通常育成（推定）,0,0,0,0,0,0,0,0,0,0,49
109,稚産霊,3,44,通常育成（推定）,0,0,0,0,0,0,0,27,0,0,17
96,佐保姫,3,40,通常育成（推定）,0,0,0,0,1,0,0,0,0,0,39
46,田霧姫,6,38,通常育成（推定）,0,0,0,0,0,21,0,0,0,0,17
62,年神,5,38,通常育成（推定）,0,0,0,0,0,0,0,0,0,38,0
9,国之常立,8,36,通常育成（推定）,0,0,6,0,0,0,0,30,0,0,0
30,建御名方,7,36,通常育成（推定）,0,0,36,0,0,0,0,0,0,0,0
33,日本武,7,36,通常育成（推定）,0,0,36,0,0,0,0,0,0,0,0
37,酒呑童子,7,36,通常育成（推定）,0,0,36,0,0,0,0,0,0,0,0
25,不動明王,7,29,通常育成（推定）,0,0,0,29,0,0,0,0,0,0,0
59,天津彦根,5,28,通常育成（推定）,0,0,0,0,0,0,0,9,0,0,19
69,西王母,5,24,通常育成（推定）,0,0,0,0,0,24,0,0,0,0,0
70,金山姫,5,24,通常育成（推定）,0,0,0,0,0,0,0,24,0,0,0
98,塩土老翁,3,24,通常育成（推定）,0,0,0,0,7,0,0,0,0,0,17
58,天探女,5,20,通常育成（推定）,0,0,0,0,11,0,0,9,0,0,0
21,神産巣日,8,8,通常育成（推定）,0,0,0,0,0,0,0,6,0,2,0
107,泣沢女,3,8,通常育成（推定）,0,0,0,0,7,0,0,0,0,0,1
16,怨嗟伊邪那岐,8,6,通常育成（推定）,0,0,6,0,0,0,0,0,0,0,0
17,時を喰らう神,8,6,通常育成（推定）,0,0,6,0,0,0,0,0,0,0,0
22,第六天魔王,8,6,通常育成（推定）,0,0,6,0,0,0,0,0,0,0,0
95,久延毘古,3,4,通常育成（推定）,0,0,0,0,1,0,0,0,0,2,1
24,高御産巣日,8,2,通常育成（推定）,0,0,0,0,0,0,0,0,0,2,0
56,天忍穂耳,5,2,通常育成（推定）,0,0,0,0,2,0,0,0,0,0,0
60,天狐,5,2,通常育成（推定）,0,0,0,0,2,0,0,0,0,0,0
105,招き猫,3,2,通常育成（推定）,0,0,0,0,0,0,0,0,0,2,0
10,大国主,8,0,通常育成（推定）,0,0,0,0,0,0,0,0,0,0,0
11,大志抱きし者,8,0,固定Lv80（通常育成除外）,0,0,0,0,0,0,0,0,0,0,0
15,川中島の龍虎,8,0,固定Lv80（通常育成除外）,0,0,0,0,0,0,0,0,0,0,0
18,月読,8,0,通常育成（推定）,0,0,0,0,0,0,0,0,0,0,0
19,泰平祈る女神,8,0,固定Lv80（通常育成除外）,0,0,0,0,0,0,0,0,0,0,0
29,天之尾羽張神,7,0,通常育成（推定）,0,0,0,0,0,0,0,0,0,0,0
32,思兼,7,0,通常育成（推定）,0,0,0,0,0,0,0,0,0,0,0
65,湍津姫,5,0,通常育成（推定）,0,0,0,0,0,0,0,0,0,0,0
67,白兎,5,0,通常育成（推定）,0,0,0,0,0,0,0,0,0,0,0
