実測識別子,コスト構成,能力,採用倍率％,元能力合計,現推定,ゲーム実測,実測までの余裕,1柱の元能力を+1とした推定,実測との差_1柱+1,6柱すべて元能力+1とした推定,実測との差_6柱+1,実測を超える最小元能力合計の増加,実測未満を維持できる採用倍率の上限％,採用倍率から上限までの余地_ポイント,注記
2026-10-09_666644_ゲーム画面,666644,生命力,200,3720,7440,7800,360,7442,-358,7452,-348,181,209,9,仮定誤差。実際に元能力が誤っていると確定したものではない
2026-10-09_666644_ゲーム画面,666644,気合,199,1858,3697,3716,19,3699,-17,3709,-7,10,199,0,仮定誤差。実際に元能力が誤っていると確定したものではない
2026-10-09_666644_ゲーム画面,666644,腕力,655,124,812,817,5,818,1,851,34,1,658,3,仮定誤差。実際に元能力が誤っていると確定したものではない
2026-10-09_666644_ゲーム画面,666644,耐久力,655,117,766,770,4,772,2,805,35,1,658,3,仮定誤差。実際に元能力が誤っていると確定したものではない
2026-10-09_666644_ゲーム画面,666644,器用さ,660,112,739,743,4,745,2,778,35,1,663,3,仮定誤差。実際に元能力が誤っていると確定したものではない
2026-10-09_666644_ゲーム画面,666644,知力,670,150,1005,1058,53,1011,-47,1045,-13,9,705,35,仮定誤差。実際に元能力が誤っていると確定したものではない
2026-10-09_666644_ゲーム画面,666644,魅力,670,151,1011,1038,27,1018,-20,1051,13,5,687,17,仮定誤差。実際に元能力が誤っていると確定したものではない
2026-10-09_666644_ゲーム画面,666644,土属性,670,91,609,616,7,616,0,649,33,2,676,6,仮定誤差。実際に元能力が誤っていると確定したものではない
2026-10-09_666644_ゲーム画面,666644,水属性,669,99,662,663,1,669,6,702,39,1,669,0,仮定誤差。実際に元能力が誤っていると確定したものではない
2026-10-09_666644_ゲーム画面,666644,火属性,670,94,629,649,20,636,-13,670,21,4,690,20,仮定誤差。実際に元能力が誤っていると確定したものではない
2026-10-09_666644_ゲーム画面,666644,風属性,625,100,625,629,4,631,2,662,33,1,628,3,仮定誤差。実際に元能力が誤っていると確定したものではない
