実測識別子,コスト構成,能力,補正前,補正後,ゲーム実測,修正前の余裕,修正後の余裕
2026-10-09_666644_ゲーム画面,666644,生命力,7440,7440,7800,360,360
2026-10-09_666644_ゲーム画面,666644,気合,3716,3697,3716,0,19
2026-10-09_666644_ゲーム画面,666644,腕力,812,812,817,5,5
2026-10-09_666644_ゲーム画面,666644,耐久力,766,766,770,4,4
2026-10-09_666644_ゲーム画面,666644,器用さ,739,739,743,4,4
2026-10-09_666644_ゲーム画面,666644,知力,1005,1005,1058,53,53
2026-10-09_666644_ゲーム画面,666644,魅力,1011,1011,1038,27,27
2026-10-09_666644_ゲーム画面,666644,土属性,609,609,616,7,7
2026-10-09_666644_ゲーム画面,666644,水属性,663,662,663,0,1
2026-10-09_666644_ゲーム画面,666644,火属性,629,629,649,20,20
2026-10-09_666644_ゲーム画面,666644,風属性,625,625,629,4,4
