比較元画像,比較先画像,比較元編成,比較先編成,比較元コスト,比較先コスト,能力,ゲーム元,ゲーム先,ゲーム内の差,サイト式元,サイト式先,サイト式の差,差分誤差,優劣一致,検証範囲
06.png,21.png,ONSKWU,TBNGUH,666653,876433,生命力,6805,5791,1014,6805,5791,1014,0,一致,実測26画像内の3種類の6柱編成（学習に使用した資料内の照合）
06.png,21.png,ONSKWU,TBNGUH,666653,876433,気合,3297,2821,476,3297,2821,476,0,一致,実測26画像内の3種類の6柱編成（学習に使用した資料内の照合）
06.png,21.png,ONSKWU,TBNGUH,666653,876433,腕力,704,613,91,704,613,91,0,一致,実測26画像内の3種類の6柱編成（学習に使用した資料内の照合）
06.png,21.png,ONSKWU,TBNGUH,666653,876433,耐久力,837,627,210,837,627,210,0,一致,実測26画像内の3種類の6柱編成（学習に使用した資料内の照合）
06.png,21.png,ONSKWU,TBNGUH,666653,876433,器用さ,551,501,50,551,501,50,0,一致,実測26画像内の3種類の6柱編成（学習に使用した資料内の照合）
06.png,21.png,ONSKWU,TBNGUH,666653,876433,知力,751,600,151,751,600,151,0,一致,実測26画像内の3種類の6柱編成（学習に使用した資料内の照合）
06.png,21.png,ONSKWU,TBNGUH,666653,876433,魅力,831,752,79,831,752,79,0,一致,実測26画像内の3種類の6柱編成（学習に使用した資料内の照合）
06.png,21.png,ONSKWU,TBNGUH,666653,876433,土属性,684,528,156,684,528,156,0,一致,実測26画像内の3種類の6柱編成（学習に使用した資料内の照合）
06.png,21.png,ONSKWU,TBNGUH,666653,876433,水属性,605,554,51,605,554,51,0,一致,実測26画像内の3種類の6柱編成（学習に使用した資料内の照合）
06.png,21.png,ONSKWU,TBNGUH,666653,876433,火属性,551,521,30,551,521,30,0,一致,実測26画像内の3種類の6柱編成（学習に使用した資料内の照合）
06.png,21.png,ONSKWU,TBNGUH,666653,876433,風属性,578,541,37,578,541,37,0,一致,実測26画像内の3種類の6柱編成（学習に使用した資料内の照合）
06.png,26.png,ONSKWU,ITNGUH,666653,886433,生命力,6805,6926,-121,6805,6926,-121,0,一致,実測26画像内の3種類の6柱編成（学習に使用した資料内の照合）
06.png,26.png,ONSKWU,ITNGUH,666653,886433,気合,3297,3402,-105,3297,3402,-105,0,一致,実測26画像内の3種類の6柱編成（学習に使用した資料内の照合）
06.png,26.png,ONSKWU,ITNGUH,666653,886433,腕力,704,746,-42,704,746,-42,0,一致,実測26画像内の3種類の6柱編成（学習に使用した資料内の照合）
06.png,26.png,ONSKWU,ITNGUH,666653,886433,耐久力,837,772,65,837,772,65,0,一致,実測26画像内の3種類の6柱編成（学習に使用した資料内の照合）
06.png,26.png,ONSKWU,ITNGUH,666653,886433,器用さ,551,655,-104,551,655,-104,0,一致,実測26画像内の3種類の6柱編成（学習に使用した資料内の照合）
06.png,26.png,ONSKWU,ITNGUH,666653,886433,知力,751,799,-48,751,799,-48,0,一致,実測26画像内の3種類の6柱編成（学習に使用した資料内の照合）
06.png,26.png,ONSKWU,ITNGUH,666653,886433,魅力,831,975,-144,831,975,-144,0,一致,実測26画像内の3種類の6柱編成（学習に使用した資料内の照合）
06.png,26.png,ONSKWU,ITNGUH,666653,886433,土属性,684,733,-49,684,733,-49,0,一致,実測26画像内の3種類の6柱編成（学習に使用した資料内の照合）
06.png,26.png,ONSKWU,ITNGUH,666653,886433,水属性,605,740,-135,605,740,-135,0,一致,実測26画像内の3種類の6柱編成（学習に使用した資料内の照合）
06.png,26.png,ONSKWU,ITNGUH,666653,886433,火属性,551,602,-51,551,602,-51,0,一致,実測26画像内の3種類の6柱編成（学習に使用した資料内の照合）
06.png,26.png,ONSKWU,ITNGUH,666653,886433,風属性,578,694,-116,578,694,-116,0,一致,実測26画像内の3種類の6柱編成（学習に使用した資料内の照合）
21.png,26.png,TBNGUH,ITNGUH,876433,886433,生命力,5791,6926,-1135,5791,6926,-1135,0,一致,実測26画像内の3種類の6柱編成（学習に使用した資料内の照合）
21.png,26.png,TBNGUH,ITNGUH,876433,886433,気合,2821,3402,-581,2821,3402,-581,0,一致,実測26画像内の3種類の6柱編成（学習に使用した資料内の照合）
21.png,26.png,TBNGUH,ITNGUH,876433,886433,腕力,613,746,-133,613,746,-133,0,一致,実測26画像内の3種類の6柱編成（学習に使用した資料内の照合）
21.png,26.png,TBNGUH,ITNGUH,876433,886433,耐久力,627,772,-145,627,772,-145,0,一致,実測26画像内の3種類の6柱編成（学習に使用した資料内の照合）
21.png,26.png,TBNGUH,ITNGUH,876433,886433,器用さ,501,655,-154,501,655,-154,0,一致,実測26画像内の3種類の6柱編成（学習に使用した資料内の照合）
21.png,26.png,TBNGUH,ITNGUH,876433,886433,知力,600,799,-199,600,799,-199,0,一致,実測26画像内の3種類の6柱編成（学習に使用した資料内の照合）
21.png,26.png,TBNGUH,ITNGUH,876433,886433,魅力,752,975,-223,752,975,-223,0,一致,実測26画像内の3種類の6柱編成（学習に使用した資料内の照合）
21.png,26.png,TBNGUH,ITNGUH,876433,886433,土属性,528,733,-205,528,733,-205,0,一致,実測26画像内の3種類の6柱編成（学習に使用した資料内の照合）
21.png,26.png,TBNGUH,ITNGUH,876433,886433,水属性,554,740,-186,554,740,-186,0,一致,実測26画像内の3種類の6柱編成（学習に使用した資料内の照合）
21.png,26.png,TBNGUH,ITNGUH,876433,886433,火属性,521,602,-81,521,602,-81,0,一致,実測26画像内の3種類の6柱編成（学習に使用した資料内の照合）
21.png,26.png,TBNGUH,ITNGUH,876433,886433,風属性,541,694,-153,541,694,-153,0,一致,実測26画像内の3種類の6柱編成（学習に使用した資料内の照合）
